alert_id,case_id,alert_type,severity,reason,recommended_action,assigned_role,status,created_at,source_event_type
ALT-45D9C7B19388,SQ-000342,HIGH_PRIORITY_UNALLOCATED,CRITICAL,High-priority case is awaiting allocation to a social worker.,Immediate human review and allocation decision.,Team Leader,RESOLVED,2025-01-02 17:32:00,HIGH_PRIORITY_UNALLOCATED
ALT-6B0A95838A87,SQ-000133,SAFETY_REVIEW_OVERDUE,HIGH,Required safeguarding review was not completed by the due time.,Review the case and record the safeguarding action taken.,Team Leader,OPEN,2025-01-05 00:00:00,SAFETY_REVIEW_OVERDUE
ALT-BE2DA687C5B5,SQ-000133,ESCALATION_REQUIRED,HIGH,A safeguarding workflow escalation was triggered.,Team Leader must review the case and record the outcome.,Team Leader,OPEN,2025-01-05 00:05:00,ESCALATION_TRIGGERED
ALT-21B57DB75127,SQ-000141,HIGH_PRIORITY_UNALLOCATED,CRITICAL,High-priority case is awaiting allocation to a social worker.,Immediate human review and allocation decision.,Team Leader,OPEN,2025-01-05 06:16:00,HIGH_PRIORITY_UNALLOCATED
ALT-EE7300F1F165,SQ-000165,HIGH_PRIORITY_UNALLOCATED,CRITICAL,High-priority case is awaiting allocation to a social worker.,Immediate human review and allocation decision.,Team Leader,OPEN,2025-01-05 21:03:00,HIGH_PRIORITY_UNALLOCATED
ALT-56B97C693D2B,SQ-008421,HIGH_PRIORITY_UNALLOCATED,CRITICAL,High-priority case is awaiting allocation to a social worker.,Immediate human review and allocation decision.,Team Leader,OPEN,2025-01-05 23:17:00,HIGH_PRIORITY_UNALLOCATED
ALT-773AB6CB38E4,SQ-008341,SAFETY_REVIEW_OVERDUE,HIGH,Required safeguarding review was not completed by the due time.,Review the case and record the safeguarding action taken.,Team Leader,OPEN,2025-01-06 00:00:00,SAFETY_REVIEW_OVERDUE
ALT-922DB9E7C8C9,SQ-008341,ESCALATION_REQUIRED,HIGH,A safeguarding workflow escalation was triggered.,Team Leader must review the case and record the outcome.,Team Leader,OPEN,2025-01-06 00:05:00,ESCALATION_TRIGGERED
ALT-86B75DE4A948,SQ-000029,HIGH_PRIORITY_UNALLOCATED,CRITICAL,High-priority case is awaiting allocation to a social worker.,Immediate human review and allocation decision.,Team Leader,OPEN,2025-01-06 00:18:00,HIGH_PRIORITY_UNALLOCATED
ALT-B9362358BEEF,SQ-004490,SAFETY_REVIEW_OVERDUE,HIGH,Required safeguarding review was not completed by the due time.,Review the case and record the safeguarding action taken.,Team Leader,OPEN,2025-01-07 00:00:00,SAFETY_REVIEW_OVERDUE
ALT-D4CDCD36418D,SQ-008330,SAFETY_REVIEW_OVERDUE,HIGH,Required safeguarding review was not completed by the due time.,Review the case and record the safeguarding action taken.,Team Leader,OPEN,2025-01-07 00:00:00,SAFETY_REVIEW_OVERDUE
ALT-71F60BB04E11,SQ-004490,ESCALATION_REQUIRED,HIGH,A safeguarding workflow escalation was triggered.,Team Leader must review the case and record the outcome.,Team Leader,OPEN,2025-01-07 00:05:00,ESCALATION_TRIGGERED
ALT-E17D359A246D,SQ-008330,ESCALATION_REQUIRED,HIGH,A safeguarding workflow escalation was triggered.,Team Leader must review the case and record the outcome.,Team Leader,OPEN,2025-01-07 00:05:00,ESCALATION_TRIGGERED
ALT-AB11F426E7F4,SQ-004425,HIGH_PRIORITY_UNALLOCATED,CRITICAL,High-priority case is awaiting allocation to a social worker.,Immediate human review and allocation decision.,Team Leader,OPEN,2025-01-07 14:49:00,HIGH_PRIORITY_UNALLOCATED
ALT-2052B7862413,SQ-000007,SAFETY_REVIEW_OVERDUE,HIGH,Required safeguarding review was not completed by the due time.,Review the case and record the safeguarding action taken.,Team Leader,OPEN,2025-01-08 00:00:00,SAFETY_REVIEW_OVERDUE
ALT-7B9642775D5D,SQ-000343,SAFETY_REVIEW_OVERDUE,HIGH,Required safeguarding review was not completed by the due time.,Review the case and record the safeguarding action taken.,Team Leader,OPEN,2025-01-08 00:00:00,SAFETY_REVIEW_OVERDUE
ALT-0022A503C305,SQ-011604,SAFETY_REVIEW_OVERDUE,HIGH,Required safeguarding review was not completed by the due time.,Review the case and record the safeguarding action taken.,Team Leader,OPEN,2025-01-08 00:00:00,SAFETY_REVIEW_OVERDUE
ALT-ECF755D7FE61,SQ-000007,ESCALATION_REQUIRED,HIGH,A safeguarding workflow escalation was triggered.,Team Leader must review the case and record the outcome.,Team Leader,OPEN,2025-01-08 00:05:00,ESCALATION_TRIGGERED
ALT-550A6D4F24D0,SQ-000343,ESCALATION_REQUIRED,HIGH,A safeguarding workflow escalation was triggered.,Team Leader must review the case and record the outcome.,Team Leader,OPEN,2025-01-08 00:05:00,ESCALATION_TRIGGERED
ALT-B1DB8C7BC4D1,SQ-011604,ESCALATION_REQUIRED,HIGH,A safeguarding workflow escalation was triggered.,Team Leader must review the case and record the outcome.,Team Leader,OPEN,2025-01-08 00:05:00,ESCALATION_TRIGGERED
ALT-F2C30370C44C,SQ-004560,HIGH_PRIORITY_UNALLOCATED,CRITICAL,High-priority case is awaiting allocation to a social worker.,Immediate human review and allocation decision.,Team Leader,OPEN,2025-01-08 17:30:00,HIGH_PRIORITY_UNALLOCATED
ALT-3D2DF6287907,SQ-000023,SAFETY_REVIEW_OVERDUE,HIGH,Required safeguarding review was not completed by the due time.,Review the case and record the safeguarding action taken.,Team Leader,OPEN,2025-01-09 00:00:00,SAFETY_REVIEW_OVERDUE
ALT-4C01EF595651,SQ-000023,ESCALATION_REQUIRED,HIGH,A safeguarding workflow escalation was triggered.,Team Leader must review the case and record the outcome.,Team Leader,OPEN,2025-01-09 00:05:00,ESCALATION_TRIGGERED
ALT-6E15A7C5F748,SQ-000240,SAFETY_REVIEW_OVERDUE,HIGH,Required safeguarding review was not completed by the due time.,Review the case and record the safeguarding action taken.,Team Leader,OPEN,2025-01-10 00:00:00,SAFETY_REVIEW_OVERDUE
ALT-D3AA40139480,SQ-004398,SAFETY_REVIEW_OVERDUE,HIGH,Required safeguarding review was not completed by the due time.,Review the case and record the safeguarding action taken.,Team Leader,OPEN,2025-01-10 00:00:00,SAFETY_REVIEW_OVERDUE
ALT-187D2DB0EF96,SQ-004471,SAFETY_REVIEW_OVERDUE,HIGH,Required safeguarding review was not completed by the due time.,Review the case and record the safeguarding action taken.,Team Leader,OPEN,2025-01-10 00:00:00,SAFETY_REVIEW_OVERDUE
ALT-BC6E00F5C623,SQ-004674,SAFETY_REVIEW_OVERDUE,HIGH,Required safeguarding review was not completed by the due time.,Review the case and record the safeguarding action taken.,Team Leader,OPEN,2025-01-10 00:00:00,SAFETY_REVIEW_OVERDUE
ALT-B29AB5F322E8,SQ-004690,SAFETY_REVIEW_OVERDUE,HIGH,Required safeguarding review was not completed by the due time.,Review the case and record the safeguarding action taken.,Team Leader,OPEN,2025-01-10 00:00:00,SAFETY_REVIEW_OVERDUE
ALT-D2DE8A2B33AC,SQ-000240,ESCALATION_REQUIRED,HIGH,A safeguarding workflow escalation was triggered.,Team Leader must review the case and record the outcome.,Team Leader,OPEN,2025-01-10 00:05:00,ESCALATION_TRIGGERED
ALT-2F9C713D41FA,SQ-004398,ESCALATION_REQUIRED,HIGH,A safeguarding workflow escalation was triggered.,Team Leader must review the case and record the outcome.,Team Leader,OPEN,2025-01-10 00:05:00,ESCALATION_TRIGGERED
ALT-CA5ADDCF1D6E,SQ-004471,ESCALATION_REQUIRED,HIGH,A safeguarding workflow escalation was triggered.,Team Leader must review the case and record the outcome.,Team Leader,OPEN,2025-01-10 00:05:00,ESCALATION_TRIGGERED
ALT-F119719400C0,SQ-004674,ESCALATION_REQUIRED,HIGH,A safeguarding workflow escalation was triggered.,Team Leader must review the case and record the outcome.,Team Leader,OPEN,2025-01-10 00:05:00,ESCALATION_TRIGGERED
ALT-846293CF78F6,SQ-004690,ESCALATION_REQUIRED,HIGH,A safeguarding workflow escalation was triggered.,Team Leader must review the case and record the outcome.,Team Leader,OPEN,2025-01-10 00:05:00,ESCALATION_TRIGGERED
ALT-BC67616DE62D,SQ-000239,HIGH_PRIORITY_UNALLOCATED,CRITICAL,High-priority case is awaiting allocation to a social worker.,Immediate human review and allocation decision.,Team Leader,OPEN,2025-01-10 07:30:00,HIGH_PRIORITY_UNALLOCATED
ALT-093013D23619,SQ-004565,PRIORITY_CHANGE_REVIEW,LOW,Case priority was manually changed by an authorised user.,Retain for audit review; no action required unless challenged.,Auditor,OPEN,2025-01-10 08:28:00,PRIORITY_CHANGED
ALT-83110E89EF7E,SQ-004522,HIGH_PRIORITY_UNALLOCATED,CRITICAL,High-priority case is awaiting allocation to a social worker.,Immediate human review and allocation decision.,Team Leader,OPEN,2025-01-10 14:11:00,HIGH_PRIORITY_UNALLOCATED
ALT-88291DFAAF9D,SQ-004434,PRIORITY_CHANGE_REVIEW,LOW,Case priority was manually changed by an authorised user.,Retain for audit review; no action required unless challenged.,Auditor,OPEN,2025-01-10 15:10:00,PRIORITY_CHANGED
ALT-5F93276EE008,SQ-011776,PRIORITY_CHANGE_REVIEW,LOW,Case priority was manually changed by an authorised user.,Retain for audit review; no action required unless challenged.,Auditor,OPEN,2025-01-10 15:53:00,PRIORITY_CHANGED
ALT-FBAF84C25CE2,SQ-000258,HIGH_PRIORITY_UNALLOCATED,CRITICAL,High-priority case is awaiting allocation to a social worker.,Immediate human review and allocation decision.,Team Leader,OPEN,2025-01-10 17:17:00,HIGH_PRIORITY_UNALLOCATED
ALT-AC79C4F76FD0,SQ-008257,HIGH_PRIORITY_UNALLOCATED,CRITICAL,High-priority case is awaiting allocation to a social worker.,Immediate human review and allocation decision.,Team Leader,OPEN,2025-01-10 20:11:00,HIGH_PRIORITY_UNALLOCATED
ALT-FBA96F4B21EC,SQ-000068,SAFETY_REVIEW_OVERDUE,HIGH,Required safeguarding review was not completed by the due time.,Review the case and record the safeguarding action taken.,Team Leader,OPEN,2025-01-11 00:00:00,SAFETY_REVIEW_OVERDUE
ALT-F53CD04780C3,SQ-004601,SAFETY_REVIEW_OVERDUE,HIGH,Required safeguarding review was not completed by the due time.,Review the case and record the safeguarding action taken.,Team Leader,OPEN,2025-01-11 00:00:00,SAFETY_REVIEW_OVERDUE
ALT-407B26D33342,SQ-000068,ESCALATION_REQUIRED,HIGH,A safeguarding workflow escalation was triggered.,Team Leader must review the case and record the outcome.,Team Leader,OPEN,2025-01-11 00:05:00,ESCALATION_TRIGGERED
ALT-C1E07E1BCB09,SQ-004601,ESCALATION_REQUIRED,HIGH,A safeguarding workflow escalation was triggered.,Team Leader must review the case and record the outcome.,Team Leader,OPEN,2025-01-11 00:05:00,ESCALATION_TRIGGERED
ALT-5889734E966D,SQ-000073,HIGH_PRIORITY_UNALLOCATED,CRITICAL,High-priority case is awaiting allocation to a social worker.,Immediate human review and allocation decision.,Team Leader,OPEN,2025-01-11 12:49:00,HIGH_PRIORITY_UNALLOCATED
ALT-E0CDAC06A898,SQ-000313,HIGH_PRIORITY_UNALLOCATED,CRITICAL,High-priority case is awaiting allocation to a social worker.,Immediate human review and allocation decision.,Team Leader,OPEN,2025-01-11 22:08:00,HIGH_PRIORITY_UNALLOCATED
ALT-EF3E19346595,SQ-000141,SAFETY_REVIEW_OVERDUE,HIGH,Required safeguarding review was not completed by the due time.,Review the case and record the safeguarding action taken.,Team Leader,OPEN,2025-01-12 00:00:00,SAFETY_REVIEW_OVERDUE
ALT-0388FD3214E8,SQ-000237,SAFETY_REVIEW_OVERDUE,HIGH,Required safeguarding review was not completed by the due time.,Review the case and record the safeguarding action taken.,Team Leader,OPEN,2025-01-12 00:00:00,SAFETY_REVIEW_OVERDUE
ALT-0A920ED71AAC,SQ-004404,SAFETY_REVIEW_OVERDUE,HIGH,Required safeguarding review was not completed by the due time.,Review the case and record the safeguarding action taken.,Team Leader,OPEN,2025-01-12 00:00:00,SAFETY_REVIEW_OVERDUE
ALT-89B50D03F1D2,SQ-008451,SAFETY_REVIEW_OVERDUE,HIGH,Required safeguarding review was not completed by the due time.,Review the case and record the safeguarding action taken.,Team Leader,OPEN,2025-01-12 00:00:00,SAFETY_REVIEW_OVERDUE
ALT-E80F99ACE20C,SQ-000141,ESCALATION_REQUIRED,HIGH,A safeguarding workflow escalation was triggered.,Team Leader must review the case and record the outcome.,Team Leader,OPEN,2025-01-12 00:05:00,ESCALATION_TRIGGERED
ALT-CFA9EDEA91F5,SQ-000237,ESCALATION_REQUIRED,HIGH,A safeguarding workflow escalation was triggered.,Team Leader must review the case and record the outcome.,Team Leader,OPEN,2025-01-12 00:05:00,ESCALATION_TRIGGERED
ALT-7EB8DFCFCABA,SQ-004404,ESCALATION_REQUIRED,HIGH,A safeguarding workflow escalation was triggered.,Team Leader must review the case and record the outcome.,Team Leader,OPEN,2025-01-12 00:05:00,ESCALATION_TRIGGERED
ALT-D72E1F53B2A0,SQ-008451,ESCALATION_REQUIRED,HIGH,A safeguarding workflow escalation was triggered.,Team Leader must review the case and record the outcome.,Team Leader,OPEN,2025-01-12 00:05:00,ESCALATION_TRIGGERED
ALT-E0E7EDA7E225,SQ-004681,PRIORITY_CHANGE_REVIEW,LOW,Case priority was manually changed by an authorised user.,Retain for audit review; no action required unless challenged.,Auditor,OPEN,2025-01-12 08:14:00,PRIORITY_CHANGED
ALT-98085DDF3AE3,SQ-000093,HIGH_PRIORITY_UNALLOCATED,CRITICAL,High-priority case is awaiting allocation to a social worker.,Immediate human review and allocation decision.,Team Leader,OPEN,2025-01-12 08:35:00,HIGH_PRIORITY_UNALLOCATED
ALT-AB16B69B30BD,SQ-008451,PRIORITY_CHANGE_REVIEW,LOW,Case priority was manually changed by an authorised user.,Retain for audit review; no action required unless challenged.,Auditor,OPEN,2025-01-12 10:06:00,PRIORITY_CHANGED
ALT-3EBDFE047DBB,SQ-004609,HIGH_PRIORITY_UNALLOCATED,CRITICAL,High-priority case is awaiting allocation to a social worker.,Immediate human review and allocation decision.,Team Leader,OPEN,2025-01-12 17:28:00,HIGH_PRIORITY_UNALLOCATED
ALT-E984FCC0A180,SQ-011582,PRIORITY_CHANGE_REVIEW,LOW,Case priority was manually changed by an authorised user.,Retain for audit review; no action required unless challenged.,Auditor,OPEN,2025-01-12 17:43:00,PRIORITY_CHANGED
ALT-9740BF2035DE,SQ-004493,SAFETY_REVIEW_OVERDUE,HIGH,Required safeguarding review was not completed by the due time.,Review the case and record the safeguarding action taken.,Team Leader,OPEN,2025-01-13 00:00:00,SAFETY_REVIEW_OVERDUE
ALT-2E18A0697814,SQ-004493,ESCALATION_REQUIRED,HIGH,A safeguarding workflow escalation was triggered.,Team Leader must review the case and record the outcome.,Team Leader,OPEN,2025-01-13 00:05:00,ESCALATION_TRIGGERED
ALT-C42483634708,SQ-004693,HIGH_PRIORITY_UNALLOCATED,CRITICAL,High-priority case is awaiting allocation to a social worker.,Immediate human review and allocation decision.,Team Leader,OPEN,2025-01-13 04:38:00,HIGH_PRIORITY_UNALLOCATED
ALT-E4CE86D7F042,SQ-004672,HIGH_PRIORITY_UNALLOCATED,CRITICAL,High-priority case is awaiting allocation to a social worker.,Immediate human review and allocation decision.,Team Leader,OPEN,2025-01-13 08:40:00,HIGH_PRIORITY_UNALLOCATED
ALT-342666A92CEE,SQ-004595,HIGH_PRIORITY_UNALLOCATED,CRITICAL,High-priority case is awaiting allocation to a social worker.,Immediate human review and allocation decision.,Team Leader,OPEN,2025-01-13 17:25:00,HIGH_PRIORITY_UNALLOCATED
ALT-70EA65F6DBF4,SQ-008275,HIGH_PRIORITY_UNALLOCATED,CRITICAL,High-priority case is awaiting allocation to a social worker.,Immediate human review and allocation decision.,Team Leader,OPEN,2025-01-13 18:08:00,HIGH_PRIORITY_UNALLOCATED
ALT-07D64FF49AC0,SQ-000093,SAFETY_REVIEW_OVERDUE,HIGH,Required safeguarding review was not completed by the due time.,Review the case and record the safeguarding action taken.,Team Leader,OPEN,2025-01-14 00:00:00,SAFETY_REVIEW_OVERDUE
ALT-1543688E75AA,SQ-008257,SAFETY_REVIEW_OVERDUE,HIGH,Required safeguarding review was not completed by the due time.,Review the case and record the safeguarding action taken.,Team Leader,OPEN,2025-01-14 00:00:00,SAFETY_REVIEW_OVERDUE
ALT-1567142BEE41,SQ-011762,SAFETY_REVIEW_OVERDUE,HIGH,Required safeguarding review was not completed by the due time.,Review the case and record the safeguarding action taken.,Team Leader,OPEN,2025-01-14 00:00:00,SAFETY_REVIEW_OVERDUE
ALT-1ABA90C3F347,SQ-000093,ESCALATION_REQUIRED,HIGH,A safeguarding workflow escalation was triggered.,Team Leader must review the case and record the outcome.,Team Leader,OPEN,2025-01-14 00:05:00,ESCALATION_TRIGGERED
ALT-E7A18DD1216E,SQ-008257,ESCALATION_REQUIRED,HIGH,A safeguarding workflow escalation was triggered.,Team Leader must review the case and record the outcome.,Team Leader,OPEN,2025-01-14 00:05:00,ESCALATION_TRIGGERED
ALT-66CA57C845F0,SQ-011762,ESCALATION_REQUIRED,HIGH,A safeguarding workflow escalation was triggered.,Team Leader must review the case and record the outcome.,Team Leader,OPEN,2025-01-14 00:05:00,ESCALATION_TRIGGERED
ALT-BE6412AC2554,SQ-004675,HIGH_PRIORITY_UNALLOCATED,CRITICAL,High-priority case is awaiting allocation to a social worker.,Immediate human review and allocation decision.,Team Leader,OPEN,2025-01-14 08:11:00,HIGH_PRIORITY_UNALLOCATED
ALT-9A5AA23413A6,SQ-004423,HIGH_PRIORITY_UNALLOCATED,CRITICAL,High-priority case is awaiting allocation to a social worker.,Immediate human review and allocation decision.,Team Leader,OPEN,2025-01-14 12:33:00,HIGH_PRIORITY_UNALLOCATED
ALT-CE6B32937802,SQ-011627,PRIORITY_CHANGE_REVIEW,LOW,Case priority was manually changed by an authorised user.,Retain for audit review; no action required unless challenged.,Auditor,OPEN,2025-01-14 14:46:00,PRIORITY_CHANGED
ALT-62347369337D,SQ-004409,HIGH_PRIORITY_UNALLOCATED,CRITICAL,High-priority case is awaiting allocation to a social worker.,Immediate human review and allocation decision.,Team Leader,OPEN,2025-01-14 20:26:00,HIGH_PRIORITY_UNALLOCATED
ALT-C69743BDDD8C,SQ-004609,SAFETY_REVIEW_OVERDUE,HIGH,Required safeguarding review was not completed by the due time.,Review the case and record the safeguarding action taken.,Team Leader,OPEN,2025-01-15 00:00:00,SAFETY_REVIEW_OVERDUE
ALT-206809C753DE,SQ-004609,ESCALATION_REQUIRED,HIGH,A safeguarding workflow escalation was triggered.,Team Leader must review the case and record the outcome.,Team Leader,OPEN,2025-01-15 00:05:00,ESCALATION_TRIGGERED
ALT-B17FCB6ABCB0,SQ-000360,HIGH_PRIORITY_UNALLOCATED,CRITICAL,High-priority case is awaiting allocation to a social worker.,Immediate human review and allocation decision.,Team Leader,OPEN,2025-01-15 00:42:00,HIGH_PRIORITY_UNALLOCATED
ALT-DACF4A37A42A,SQ-011674,HIGH_PRIORITY_UNALLOCATED,CRITICAL,High-priority case is awaiting allocation to a social worker.,Immediate human review and allocation decision.,Team Leader,OPEN,2025-01-15 03:30:00,HIGH_PRIORITY_UNALLOCATED
ALT-AEF7014FDE72,SQ-000057,HIGH_PRIORITY_UNALLOCATED,CRITICAL,High-priority case is awaiting allocation to a social worker.,Immediate human review and allocation decision.,Team Leader,OPEN,2025-01-15 15:52:00,HIGH_PRIORITY_UNALLOCATED
ALT-63833A7D649B,SQ-004693,PRIORITY_CHANGE_REVIEW,LOW,Case priority was manually changed by an authorised user.,Retain for audit review; no action required unless challenged.,Auditor,OPEN,2025-01-15 17:59:00,PRIORITY_CHANGED
ALT-E4901966013D,SQ-004433,SAFETY_REVIEW_OVERDUE,HIGH,Required safeguarding review was not completed by the due time.,Review the case and record the safeguarding action taken.,Team Leader,OPEN,2025-01-16 00:00:00,SAFETY_REVIEW_OVERDUE
ALT-54659C6E397B,SQ-004581,SAFETY_REVIEW_OVERDUE,HIGH,Required safeguarding review was not completed by the due time.,Review the case and record the safeguarding action taken.,Team Leader,OPEN,2025-01-16 00:00:00,SAFETY_REVIEW_OVERDUE
ALT-AB1D7FCC8F8A,SQ-008385,SAFETY_REVIEW_OVERDUE,HIGH,Required safeguarding review was not completed by the due time.,Review the case and record the safeguarding action taken.,Team Leader,OPEN,2025-01-16 00:00:00,SAFETY_REVIEW_OVERDUE
ALT-31EC6B0E48FD,SQ-004433,ESCALATION_REQUIRED,HIGH,A safeguarding workflow escalation was triggered.,Team Leader must review the case and record the outcome.,Team Leader,OPEN,2025-01-16 00:05:00,ESCALATION_TRIGGERED
ALT-662438180636,SQ-004581,ESCALATION_REQUIRED,HIGH,A safeguarding workflow escalation was triggered.,Team Leader must review the case and record the outcome.,Team Leader,OPEN,2025-01-16 00:05:00,ESCALATION_TRIGGERED
ALT-194FC9AADDEC,SQ-008385,ESCALATION_REQUIRED,HIGH,A safeguarding workflow escalation was triggered.,Team Leader must review the case and record the outcome.,Team Leader,OPEN,2025-01-16 00:05:00,ESCALATION_TRIGGERED
ALT-EF4E54FC156E,SQ-004521,HIGH_PRIORITY_UNALLOCATED,CRITICAL,High-priority case is awaiting allocation to a social worker.,Immediate human review and allocation decision.,Team Leader,OPEN,2025-01-16 02:45:00,HIGH_PRIORITY_UNALLOCATED
ALT-4B00C2B37031,SQ-000198,PRIORITY_CHANGE_REVIEW,LOW,Case priority was manually changed by an authorised user.,Retain for audit review; no action required unless challenged.,Auditor,OPEN,2025-01-16 13:40:00,PRIORITY_CHANGED
ALT-CD6849279233,SQ-000337,SAFETY_REVIEW_OVERDUE,HIGH,Required safeguarding review was not completed by the due time.,Review the case and record the safeguarding action taken.,Team Leader,OPEN,2025-01-17 00:00:00,SAFETY_REVIEW_OVERDUE
ALT-73A2C0E32C3A,SQ-004595,SAFETY_REVIEW_OVERDUE,HIGH,Required safeguarding review was not completed by the due time.,Review the case and record the safeguarding action taken.,Team Leader,OPEN,2025-01-17 00:00:00,SAFETY_REVIEW_OVERDUE
ALT-99851EF3D812,SQ-000337,ESCALATION_REQUIRED,HIGH,A safeguarding workflow escalation was triggered.,Team Leader must review the case and record the outcome.,Team Leader,OPEN,2025-01-17 00:05:00,ESCALATION_TRIGGERED
ALT-C9468A6D66E8,SQ-004595,ESCALATION_REQUIRED,HIGH,A safeguarding workflow escalation was triggered.,Team Leader must review the case and record the outcome.,Team Leader,OPEN,2025-01-17 00:05:00,ESCALATION_TRIGGERED
ALT-5B34E448434D,SQ-011693,HIGH_PRIORITY_UNALLOCATED,CRITICAL,High-priority case is awaiting allocation to a social worker.,Immediate human review and allocation decision.,Team Leader,OPEN,2025-01-17 09:27:00,HIGH_PRIORITY_UNALLOCATED
ALT-C6D73E3E5568,SQ-011713,HIGH_PRIORITY_UNALLOCATED,CRITICAL,High-priority case is awaiting allocation to a social worker.,Immediate human review and allocation decision.,Team Leader,OPEN,2025-01-17 14:19:00,HIGH_PRIORITY_UNALLOCATED
ALT-6E2E6A3D6715,SQ-000098,HIGH_PRIORITY_UNALLOCATED,CRITICAL,High-priority case is awaiting allocation to a social worker.,Immediate human review and allocation decision.,Team Leader,OPEN,2025-01-17 16:57:00,HIGH_PRIORITY_UNALLOCATED
ALT-6F434EC6D94E,SQ-004522,SAFETY_REVIEW_OVERDUE,HIGH,Required safeguarding review was not completed by the due time.,Review the case and record the safeguarding action taken.,Team Leader,OPEN,2025-01-18 00:00:00,SAFETY_REVIEW_OVERDUE
ALT-CFDFA2BC8EF6,SQ-004668,SAFETY_REVIEW_OVERDUE,HIGH,Required safeguarding review was not completed by the due time.,Review the case and record the safeguarding action taken.,Team Leader,OPEN,2025-01-18 00:00:00,SAFETY_REVIEW_OVERDUE
ALT-2BFC215AD7FF,SQ-004692,SAFETY_REVIEW_OVERDUE,HIGH,Required safeguarding review was not completed by the due time.,Review the case and record the safeguarding action taken.,Team Leader,OPEN,2025-01-18 00:00:00,SAFETY_REVIEW_OVERDUE
ALT-0676EBB97465,SQ-011579,SAFETY_REVIEW_OVERDUE,HIGH,Required safeguarding review was not completed by the due time.,Review the case and record the safeguarding action taken.,Team Leader,OPEN,2025-01-18 00:00:00,SAFETY_REVIEW_OVERDUE
ALT-FC07F4C8D0A8,SQ-011586,SAFETY_REVIEW_OVERDUE,HIGH,Required safeguarding review was not completed by the due time.,Review the case and record the safeguarding action taken.,Team Leader,OPEN,2025-01-18 00:00:00,SAFETY_REVIEW_OVERDUE
ALT-3F7E721D3819,SQ-004522,ESCALATION_REQUIRED,HIGH,A safeguarding workflow escalation was triggered.,Team Leader must review the case and record the outcome.,Team Leader,OPEN,2025-01-18 00:05:00,ESCALATION_TRIGGERED
ALT-AB3EE2C299DB,SQ-004668,ESCALATION_REQUIRED,HIGH,A safeguarding workflow escalation was triggered.,Team Leader must review the case and record the outcome.,Team Leader,OPEN,2025-01-18 00:05:00,ESCALATION_TRIGGERED
ALT-92CEB9468AF7,SQ-004692,ESCALATION_REQUIRED,HIGH,A safeguarding workflow escalation was triggered.,Team Leader must review the case and record the outcome.,Team Leader,OPEN,2025-01-18 00:05:00,ESCALATION_TRIGGERED
ALT-0842FDB9FD8C,SQ-011579,ESCALATION_REQUIRED,HIGH,A safeguarding workflow escalation was triggered.,Team Leader must review the case and record the outcome.,Team Leader,OPEN,2025-01-18 00:05:00,ESCALATION_TRIGGERED
ALT-8E0B71C314A9,SQ-011586,ESCALATION_REQUIRED,HIGH,A safeguarding workflow escalation was triggered.,Team Leader must review the case and record the outcome.,Team Leader,OPEN,2025-01-18 00:05:00,ESCALATION_TRIGGERED
ALT-56F98F0531AF,SQ-000243,HIGH_PRIORITY_UNALLOCATED,CRITICAL,High-priority case is awaiting allocation to a social worker.,Immediate human review and allocation decision.,Team Leader,OPEN,2025-01-18 11:05:00,HIGH_PRIORITY_UNALLOCATED
ALT-DACE398941D5,SQ-011611,PRIORITY_CHANGE_REVIEW,LOW,Case priority was manually changed by an authorised user.,Retain for audit review; no action required unless challenged.,Auditor,OPEN,2025-01-18 14:11:00,PRIORITY_CHANGED
ALT-742193993B02,SQ-004657,HIGH_PRIORITY_UNALLOCATED,CRITICAL,High-priority case is awaiting allocation to a social worker.,Immediate human review and allocation decision.,Team Leader,OPEN,2025-01-18 15:36:00,HIGH_PRIORITY_UNALLOCATED
ALT-138D523F8037,SQ-008465,HIGH_PRIORITY_UNALLOCATED,CRITICAL,High-priority case is awaiting allocation to a social worker.,Immediate human review and allocation decision.,Team Leader,OPEN,2025-01-18 16:36:00,HIGH_PRIORITY_UNALLOCATED
ALT-13F0BB279E49,SQ-008272,SAFETY_REVIEW_OVERDUE,HIGH,Required safeguarding review was not completed by the due time.,Review the case and record the safeguarding action taken.,Team Leader,OPEN,2025-01-19 00:00:00,SAFETY_REVIEW_OVERDUE
ALT-52134613C9A0,SQ-008272,ESCALATION_REQUIRED,HIGH,A safeguarding workflow escalation was triggered.,Team Leader must review the case and record the outcome.,Team Leader,OPEN,2025-01-19 00:05:00,ESCALATION_TRIGGERED
ALT-3E139A23D6E9,SQ-008255,HIGH_PRIORITY_UNALLOCATED,CRITICAL,High-priority case is awaiting allocation to a social worker.,Immediate human review and allocation decision.,Team Leader,OPEN,2025-01-19 04:24:00,HIGH_PRIORITY_UNALLOCATED
ALT-E01175637401,SQ-000226,HIGH_PRIORITY_UNALLOCATED,CRITICAL,High-priority case is awaiting allocation to a social worker.,Immediate human review and allocation decision.,Team Leader,OPEN,2025-01-19 05:10:00,HIGH_PRIORITY_UNALLOCATED
ALT-8129826C94FF,SQ-011661,HIGH_PRIORITY_UNALLOCATED,CRITICAL,High-priority case is awaiting allocation to a social worker.,Immediate human review and allocation decision.,Team Leader,OPEN,2025-01-19 06:14:00,HIGH_PRIORITY_UNALLOCATED
ALT-5DD376597193,SQ-004693,SAFETY_REVIEW_OVERDUE,HIGH,Required safeguarding review was not completed by the due time.,Review the case and record the safeguarding action taken.,Team Leader,OPEN,2025-01-20 00:00:00,SAFETY_REVIEW_OVERDUE
ALT-FA9765892588,SQ-004693,ESCALATION_REQUIRED,HIGH,A safeguarding workflow escalation was triggered.,Team Leader must review the case and record the outcome.,Team Leader,OPEN,2025-01-20 00:05:00,ESCALATION_TRIGGERED
ALT-0A96579D260C,SQ-004435,HIGH_PRIORITY_UNALLOCATED,CRITICAL,High-priority case is awaiting allocation to a social worker.,Immediate human review and allocation decision.,Team Leader,OPEN,2025-01-20 11:13:00,HIGH_PRIORITY_UNALLOCATED
ALT-4B14A06D1B31,SQ-000248,HIGH_PRIORITY_UNALLOCATED,CRITICAL,High-priority case is awaiting allocation to a social worker.,Immediate human review and allocation decision.,Team Leader,OPEN,2025-01-20 15:45:00,HIGH_PRIORITY_UNALLOCATED
ALT-F22C3CB38334,SQ-000057,SAFETY_REVIEW_OVERDUE,HIGH,Required safeguarding review was not completed by the due time.,Review the case and record the safeguarding action taken.,Team Leader,OPEN,2025-01-21 00:00:00,SAFETY_REVIEW_OVERDUE
ALT-50B5ED6488C4,SQ-000124,SAFETY_REVIEW_OVERDUE,HIGH,Required safeguarding review was not completed by the due time.,Review the case and record the safeguarding action taken.,Team Leader,OPEN,2025-01-21 00:00:00,SAFETY_REVIEW_OVERDUE
ALT-7A50B9F2146D,SQ-000125,SAFETY_REVIEW_OVERDUE,HIGH,Required safeguarding review was not completed by the due time.,Review the case and record the safeguarding action taken.,Team Leader,OPEN,2025-01-21 00:00:00,SAFETY_REVIEW_OVERDUE
ALT-B828A168B9A8,SQ-004409,SAFETY_REVIEW_OVERDUE,HIGH,Required safeguarding review was not completed by the due time.,Review the case and record the safeguarding action taken.,Team Leader,OPEN,2025-01-21 00:00:00,SAFETY_REVIEW_OVERDUE
ALT-F47694A61700,SQ-004580,SAFETY_REVIEW_OVERDUE,HIGH,Required safeguarding review was not completed by the due time.,Review the case and record the safeguarding action taken.,Team Leader,OPEN,2025-01-21 00:00:00,SAFETY_REVIEW_OVERDUE
ALT-BE260C835BCC,SQ-008445,SAFETY_REVIEW_OVERDUE,HIGH,Required safeguarding review was not completed by the due time.,Review the case and record the safeguarding action taken.,Team Leader,OPEN,2025-01-21 00:00:00,SAFETY_REVIEW_OVERDUE
ALT-9A0BE0BC7D1D,SQ-011661,SAFETY_REVIEW_OVERDUE,HIGH,Required safeguarding review was not completed by the due time.,Review the case and record the safeguarding action taken.,Team Leader,OPEN,2025-01-21 00:00:00,SAFETY_REVIEW_OVERDUE
ALT-478BDBA13C28,SQ-011693,SAFETY_REVIEW_OVERDUE,HIGH,Required safeguarding review was not completed by the due time.,Review the case and record the safeguarding action taken.,Team Leader,OPEN,2025-01-21 00:00:00,SAFETY_REVIEW_OVERDUE
ALT-271E7CEC621C,SQ-000057,ESCALATION_REQUIRED,HIGH,A safeguarding workflow escalation was triggered.,Team Leader must review the case and record the outcome.,Team Leader,OPEN,2025-01-21 00:05:00,ESCALATION_TRIGGERED
ALT-132BFF1C565E,SQ-000124,ESCALATION_REQUIRED,HIGH,A safeguarding workflow escalation was triggered.,Team Leader must review the case and record the outcome.,Team Leader,OPEN,2025-01-21 00:05:00,ESCALATION_TRIGGERED
ALT-C5691C0AF967,SQ-000125,ESCALATION_REQUIRED,HIGH,A safeguarding workflow escalation was triggered.,Team Leader must review the case and record the outcome.,Team Leader,OPEN,2025-01-21 00:05:00,ESCALATION_TRIGGERED
ALT-D16D7E9468F0,SQ-004409,ESCALATION_REQUIRED,HIGH,A safeguarding workflow escalation was triggered.,Team Leader must review the case and record the outcome.,Team Leader,OPEN,2025-01-21 00:05:00,ESCALATION_TRIGGERED
ALT-05CADB5AD50F,SQ-004580,ESCALATION_REQUIRED,HIGH,A safeguarding workflow escalation was triggered.,Team Leader must review the case and record the outcome.,Team Leader,OPEN,2025-01-21 00:05:00,ESCALATION_TRIGGERED
ALT-D5F91317D33D,SQ-008445,ESCALATION_REQUIRED,HIGH,A safeguarding workflow escalation was triggered.,Team Leader must review the case and record the outcome.,Team Leader,OPEN,2025-01-21 00:05:00,ESCALATION_TRIGGERED
ALT-A322C809FDD5,SQ-011661,ESCALATION_REQUIRED,HIGH,A safeguarding workflow escalation was triggered.,Team Leader must review the case and record the outcome.,Team Leader,OPEN,2025-01-21 00:05:00,ESCALATION_TRIGGERED
ALT-FA435F5CCA58,SQ-011693,ESCALATION_REQUIRED,HIGH,A safeguarding workflow escalation was triggered.,Team Leader must review the case and record the outcome.,Team Leader,OPEN,2025-01-21 00:05:00,ESCALATION_TRIGGERED
ALT-225C8D3E38F4,SQ-000060,HIGH_PRIORITY_UNALLOCATED,CRITICAL,High-priority case is awaiting allocation to a social worker.,Immediate human review and allocation decision.,Team Leader,OPEN,2025-01-21 03:08:00,HIGH_PRIORITY_UNALLOCATED
ALT-342CC60F9F73,SQ-000260,PRIORITY_CHANGE_REVIEW,LOW,Case priority was manually changed by an authorised user.,Retain for audit review; no action required unless challenged.,Auditor,OPEN,2025-01-21 11:48:00,PRIORITY_CHANGED
ALT-23C05C19C200,SQ-000261,SAFETY_REVIEW_OVERDUE,HIGH,Required safeguarding review was not completed by the due time.,Review the case and record the safeguarding action taken.,Team Leader,OPEN,2025-01-22 00:00:00,SAFETY_REVIEW_OVERDUE
ALT-3BC3F46E9CE9,SQ-004536,SAFETY_REVIEW_OVERDUE,HIGH,Required safeguarding review was not completed by the due time.,Review the case and record the safeguarding action taken.,Team Leader,OPEN,2025-01-22 00:00:00,SAFETY_REVIEW_OVERDUE
ALT-5A3393C21804,SQ-000261,ESCALATION_REQUIRED,HIGH,A safeguarding workflow escalation was triggered.,Team Leader must review the case and record the outcome.,Team Leader,OPEN,2025-01-22 00:05:00,ESCALATION_TRIGGERED
ALT-878DE97DE47C,SQ-004536,ESCALATION_REQUIRED,HIGH,A safeguarding workflow escalation was triggered.,Team Leader must review the case and record the outcome.,Team Leader,OPEN,2025-01-22 00:05:00,ESCALATION_TRIGGERED
ALT-D5BEBED00623,SQ-011759,HIGH_PRIORITY_UNALLOCATED,CRITICAL,High-priority case is awaiting allocation to a social worker.,Immediate human review and allocation decision.,Team Leader,OPEN,2025-01-22 05:14:00,HIGH_PRIORITY_UNALLOCATED
ALT-99EF672ED513,SQ-011584,PRIORITY_CHANGE_REVIEW,LOW,Case priority was manually changed by an authorised user.,Retain for audit review; no action required unless challenged.,Auditor,OPEN,2025-01-22 14:21:00,PRIORITY_CHANGED
ALT-57B5F697378F,SQ-000356,SAFETY_REVIEW_OVERDUE,HIGH,Required safeguarding review was not completed by the due time.,Review the case and record the safeguarding action taken.,Team Leader,OPEN,2025-01-23 00:00:00,SAFETY_REVIEW_OVERDUE
ALT-48CDBA89DEF2,SQ-004569,SAFETY_REVIEW_OVERDUE,HIGH,Required safeguarding review was not completed by the due time.,Review the case and record the safeguarding action taken.,Team Leader,OPEN,2025-01-23 00:00:00,SAFETY_REVIEW_OVERDUE
ALT-2BCB28C72089,SQ-004607,SAFETY_REVIEW_OVERDUE,HIGH,Required safeguarding review was not completed by the due time.,Review the case and record the safeguarding action taken.,Team Leader,OPEN,2025-01-23 00:00:00,SAFETY_REVIEW_OVERDUE
ALT-6F2656FF1F04,SQ-008386,SAFETY_REVIEW_OVERDUE,HIGH,Required safeguarding review was not completed by the due time.,Review the case and record the safeguarding action taken.,Team Leader,OPEN,2025-01-23 00:00:00,SAFETY_REVIEW_OVERDUE
ALT-AB6ACE7A3070,SQ-011610,SAFETY_REVIEW_OVERDUE,HIGH,Required safeguarding review was not completed by the due time.,Review the case and record the safeguarding action taken.,Team Leader,OPEN,2025-01-23 00:00:00,SAFETY_REVIEW_OVERDUE
ALT-22517D443E44,SQ-000356,ESCALATION_REQUIRED,HIGH,A safeguarding workflow escalation was triggered.,Team Leader must review the case and record the outcome.,Team Leader,OPEN,2025-01-23 00:05:00,ESCALATION_TRIGGERED
ALT-FB10DE2ECFC7,SQ-004569,ESCALATION_REQUIRED,HIGH,A safeguarding workflow escalation was triggered.,Team Leader must review the case and record the outcome.,Team Leader,OPEN,2025-01-23 00:05:00,ESCALATION_TRIGGERED
ALT-1D93F86A90A2,SQ-004607,ESCALATION_REQUIRED,HIGH,A safeguarding workflow escalation was triggered.,Team Leader must review the case and record the outcome.,Team Leader,OPEN,2025-01-23 00:05:00,ESCALATION_TRIGGERED
ALT-F394BE225A02,SQ-008386,ESCALATION_REQUIRED,HIGH,A safeguarding workflow escalation was triggered.,Team Leader must review the case and record the outcome.,Team Leader,OPEN,2025-01-23 00:05:00,ESCALATION_TRIGGERED
ALT-A479A9EACF73,SQ-011610,ESCALATION_REQUIRED,HIGH,A safeguarding workflow escalation was triggered.,Team Leader must review the case and record the outcome.,Team Leader,OPEN,2025-01-23 00:05:00,ESCALATION_TRIGGERED
ALT-F8E1CD9EF176,SQ-004684,HIGH_PRIORITY_UNALLOCATED,CRITICAL,High-priority case is awaiting allocation to a social worker.,Immediate human review and allocation decision.,Team Leader,OPEN,2025-01-23 02:58:00,HIGH_PRIORITY_UNALLOCATED
ALT-1C6D08CC368C,SQ-000208,HIGH_PRIORITY_UNALLOCATED,CRITICAL,High-priority case is awaiting allocation to a social worker.,Immediate human review and allocation decision.,Team Leader,OPEN,2025-01-23 03:27:00,HIGH_PRIORITY_UNALLOCATED
ALT-BEBEE0FD8970,SQ-000151,HIGH_PRIORITY_UNALLOCATED,CRITICAL,High-priority case is awaiting allocation to a social worker.,Immediate human review and allocation decision.,Team Leader,OPEN,2025-01-23 04:46:00,HIGH_PRIORITY_UNALLOCATED
ALT-AD21FA670A61,SQ-008316,HIGH_PRIORITY_UNALLOCATED,CRITICAL,High-priority case is awaiting allocation to a social worker.,Immediate human review and allocation decision.,Team Leader,OPEN,2025-01-23 06:43:00,HIGH_PRIORITY_UNALLOCATED
ALT-4F891C976C05,SQ-000088,HIGH_PRIORITY_UNALLOCATED,CRITICAL,High-priority case is awaiting allocation to a social worker.,Immediate human review and allocation decision.,Team Leader,OPEN,2025-01-23 13:42:00,HIGH_PRIORITY_UNALLOCATED
ALT-0C59F4584384,SQ-004497,SAFETY_REVIEW_OVERDUE,HIGH,Required safeguarding review was not completed by the due time.,Review the case and record the safeguarding action taken.,Team Leader,OPEN,2025-01-24 00:00:00,SAFETY_REVIEW_OVERDUE
ALT-B41F932700AB,SQ-008318,SAFETY_REVIEW_OVERDUE,HIGH,Required safeguarding review was not completed by the due time.,Review the case and record the safeguarding action taken.,Team Leader,OPEN,2025-01-24 00:00:00,SAFETY_REVIEW_OVERDUE
ALT-60ECEFFE67BC,SQ-008461,SAFETY_REVIEW_OVERDUE,HIGH,Required safeguarding review was not completed by the due time.,Review the case and record the safeguarding action taken.,Team Leader,OPEN,2025-01-24 00:00:00,SAFETY_REVIEW_OVERDUE
ALT-97A857DAAA56,SQ-011713,SAFETY_REVIEW_OVERDUE,HIGH,Required safeguarding review was not completed by the due time.,Review the case and record the safeguarding action taken.,Team Leader,OPEN,2025-01-24 00:00:00,SAFETY_REVIEW_OVERDUE
ALT-2600DE3ED05A,SQ-004497,ESCALATION_REQUIRED,HIGH,A safeguarding workflow escalation was triggered.,Team Leader must review the case and record the outcome.,Team Leader,OPEN,2025-01-24 00:05:00,ESCALATION_TRIGGERED
ALT-FD12979A186A,SQ-008318,ESCALATION_REQUIRED,HIGH,A safeguarding workflow escalation was triggered.,Team Leader must review the case and record the outcome.,Team Leader,OPEN,2025-01-24 00:05:00,ESCALATION_TRIGGERED
ALT-1465F50D6F0C,SQ-008461,ESCALATION_REQUIRED,HIGH,A safeguarding workflow escalation was triggered.,Team Leader must review the case and record the outcome.,Team Leader,OPEN,2025-01-24 00:05:00,ESCALATION_TRIGGERED
ALT-6912BD81ED34,SQ-011713,ESCALATION_REQUIRED,HIGH,A safeguarding workflow escalation was triggered.,Team Leader must review the case and record the outcome.,Team Leader,OPEN,2025-01-24 00:05:00,ESCALATION_TRIGGERED
ALT-7B691D31E27B,SQ-004577,HIGH_PRIORITY_UNALLOCATED,CRITICAL,High-priority case is awaiting allocation to a social worker.,Immediate human review and allocation decision.,Team Leader,OPEN,2025-01-24 08:35:00,HIGH_PRIORITY_UNALLOCATED
ALT-059F1705286F,SQ-000230,HIGH_PRIORITY_UNALLOCATED,CRITICAL,High-priority case is awaiting allocation to a social worker.,Immediate human review and allocation decision.,Team Leader,OPEN,2025-01-24 23:16:00,HIGH_PRIORITY_UNALLOCATED
ALT-4C1B28D93455,SQ-000121,SAFETY_REVIEW_OVERDUE,HIGH,Required safeguarding review was not completed by the due time.,Review the case and record the safeguarding action taken.,Team Leader,OPEN,2025-01-25 00:00:00,SAFETY_REVIEW_OVERDUE
ALT-8A1E9DB5BFF6,SQ-008358,SAFETY_REVIEW_OVERDUE,HIGH,Required safeguarding review was not completed by the due time.,Review the case and record the safeguarding action taken.,Team Leader,OPEN,2025-01-25 00:00:00,SAFETY_REVIEW_OVERDUE
ALT-7ABBA2362E3F,SQ-000121,ESCALATION_REQUIRED,HIGH,A safeguarding workflow escalation was triggered.,Team Leader must review the case and record the outcome.,Team Leader,OPEN,2025-01-25 00:05:00,ESCALATION_TRIGGERED
ALT-91907DBBCE5A,SQ-008358,ESCALATION_REQUIRED,HIGH,A safeguarding workflow escalation was triggered.,Team Leader must review the case and record the outcome.,Team Leader,OPEN,2025-01-25 00:05:00,ESCALATION_TRIGGERED
ALT-8AC46DB30143,SQ-011610,PRIORITY_CHANGE_REVIEW,LOW,Case priority was manually changed by an authorised user.,Retain for audit review; no action required unless challenged.,Auditor,OPEN,2025-01-25 09:49:00,PRIORITY_CHANGED
ALT-455C5183AD66,SQ-004616,PRIORITY_CHANGE_REVIEW,LOW,Case priority was manually changed by an authorised user.,Retain for audit review; no action required unless challenged.,Auditor,OPEN,2025-01-25 14:48:00,PRIORITY_CHANGED
ALT-5C8A4DBA0960,SQ-008345,PRIORITY_CHANGE_REVIEW,LOW,Case priority was manually changed by an authorised user.,Retain for audit review; no action required unless challenged.,Auditor,OPEN,2025-01-25 15:53:00,PRIORITY_CHANGED
ALT-798BA48728D8,SQ-000318,HIGH_PRIORITY_UNALLOCATED,CRITICAL,High-priority case is awaiting allocation to a social worker.,Immediate human review and allocation decision.,Team Leader,OPEN,2025-01-25 18:28:00,HIGH_PRIORITY_UNALLOCATED
ALT-65247EFCD0C1,SQ-000208,SAFETY_REVIEW_OVERDUE,HIGH,Required safeguarding review was not completed by the due time.,Review the case and record the safeguarding action taken.,Team Leader,OPEN,2025-01-26 00:00:00,SAFETY_REVIEW_OVERDUE
ALT-2420C7FB74D0,SQ-000283,SAFETY_REVIEW_OVERDUE,HIGH,Required safeguarding review was not completed by the due time.,Review the case and record the safeguarding action taken.,Team Leader,OPEN,2025-01-26 00:00:00,SAFETY_REVIEW_OVERDUE
ALT-64FCA6C1E361,SQ-011602,SAFETY_REVIEW_OVERDUE,HIGH,Required safeguarding review was not completed by the due time.,Review the case and record the safeguarding action taken.,Team Leader,OPEN,2025-01-26 00:00:00,SAFETY_REVIEW_OVERDUE
ALT-43BEBCB04BF5,SQ-000170,HIGH_PRIORITY_UNALLOCATED,CRITICAL,High-priority case is awaiting allocation to a social worker.,Immediate human review and allocation decision.,Team Leader,OPEN,2025-01-26 00:03:00,HIGH_PRIORITY_UNALLOCATED
ALT-39F35A92B1E9,SQ-000208,ESCALATION_REQUIRED,HIGH,A safeguarding workflow escalation was triggered.,Team Leader must review the case and record the outcome.,Team Leader,OPEN,2025-01-26 00:05:00,ESCALATION_TRIGGERED
ALT-A2B295F8EF8B,SQ-000283,ESCALATION_REQUIRED,HIGH,A safeguarding workflow escalation was triggered.,Team Leader must review the case and record the outcome.,Team Leader,OPEN,2025-01-26 00:05:00,ESCALATION_TRIGGERED
ALT-37304899109D,SQ-011602,ESCALATION_REQUIRED,HIGH,A safeguarding workflow escalation was triggered.,Team Leader must review the case and record the outcome.,Team Leader,OPEN,2025-01-26 00:05:00,ESCALATION_TRIGGERED
ALT-8C3C51BD0841,SQ-008458,HIGH_PRIORITY_UNALLOCATED,CRITICAL,High-priority case is awaiting allocation to a social worker.,Immediate human review and allocation decision.,Team Leader,OPEN,2025-01-26 02:40:00,HIGH_PRIORITY_UNALLOCATED
ALT-1412E3C53871,SQ-000300,PRIORITY_CHANGE_REVIEW,LOW,Case priority was manually changed by an authorised user.,Retain for audit review; no action required unless challenged.,Auditor,OPEN,2025-01-26 09:35:00,PRIORITY_CHANGED
ALT-35E296916A9C,SQ-000164,PRIORITY_CHANGE_REVIEW,LOW,Case priority was manually changed by an authorised user.,Retain for audit review; no action required unless challenged.,Auditor,OPEN,2025-01-26 10:33:00,PRIORITY_CHANGED
ALT-013D19BDF299,SQ-011690,PRIORITY_CHANGE_REVIEW,LOW,Case priority was manually changed by an authorised user.,Retain for audit review; no action required unless challenged.,Auditor,OPEN,2025-01-27 08:21:00,PRIORITY_CHANGED
ALT-8B6F6719E0C0,SQ-004546,HIGH_PRIORITY_UNALLOCATED,CRITICAL,High-priority case is awaiting allocation to a social worker.,Immediate human review and allocation decision.,Team Leader,OPEN,2025-01-27 08:28:00,HIGH_PRIORITY_UNALLOCATED
ALT-FAE6728E8752,SQ-000012,SAFETY_REVIEW_OVERDUE,HIGH,Required safeguarding review was not completed by the due time.,Review the case and record the safeguarding action taken.,Team Leader,OPEN,2025-01-28 00:00:00,SAFETY_REVIEW_OVERDUE
ALT-A8279DFACE84,SQ-004528,SAFETY_REVIEW_OVERDUE,HIGH,Required safeguarding review was not completed by the due time.,Review the case and record the safeguarding action taken.,Team Leader,OPEN,2025-01-28 00:00:00,SAFETY_REVIEW_OVERDUE
ALT-BBCB6DCA8CA2,SQ-000012,ESCALATION_REQUIRED,HIGH,A safeguarding workflow escalation was triggered.,Team Leader must review the case and record the outcome.,Team Leader,OPEN,2025-01-28 00:05:00,ESCALATION_TRIGGERED
ALT-5E91A7457CAE,SQ-004528,ESCALATION_REQUIRED,HIGH,A safeguarding workflow escalation was triggered.,Team Leader must review the case and record the outcome.,Team Leader,OPEN,2025-01-28 00:05:00,ESCALATION_TRIGGERED
ALT-90CC0C15E476,SQ-004392,PRIORITY_CHANGE_REVIEW,LOW,Case priority was manually changed by an authorised user.,Retain for audit review; no action required unless challenged.,Auditor,OPEN,2025-01-28 14:21:00,PRIORITY_CHANGED
ALT-C33EEB4960D2,SQ-008348,PRIORITY_CHANGE_REVIEW,LOW,Case priority was manually changed by an authorised user.,Retain for audit review; no action required unless challenged.,Auditor,OPEN,2025-01-28 15:31:00,PRIORITY_CHANGED
ALT-A331E8A9CA06,SQ-000043,SAFETY_REVIEW_OVERDUE,HIGH,Required safeguarding review was not completed by the due time.,Review the case and record the safeguarding action taken.,Team Leader,OPEN,2025-01-29 00:00:00,SAFETY_REVIEW_OVERDUE
ALT-65441859F004,SQ-000212,SAFETY_REVIEW_OVERDUE,HIGH,Required safeguarding review was not completed by the due time.,Review the case and record the safeguarding action taken.,Team Leader,OPEN,2025-01-29 00:00:00,SAFETY_REVIEW_OVERDUE
ALT-D182E5A8EC11,SQ-004684,SAFETY_REVIEW_OVERDUE,HIGH,Required safeguarding review was not completed by the due time.,Review the case and record the safeguarding action taken.,Team Leader,OPEN,2025-01-29 00:00:00,SAFETY_REVIEW_OVERDUE
ALT-ED573EC2A496,SQ-011774,SAFETY_REVIEW_OVERDUE,HIGH,Required safeguarding review was not completed by the due time.,Review the case and record the safeguarding action taken.,Team Leader,OPEN,2025-01-29 00:00:00,SAFETY_REVIEW_OVERDUE
ALT-30E4CCD123C3,SQ-000043,ESCALATION_REQUIRED,HIGH,A safeguarding workflow escalation was triggered.,Team Leader must review the case and record the outcome.,Team Leader,OPEN,2025-01-29 00:05:00,ESCALATION_TRIGGERED
ALT-F9F663433CB4,SQ-000212,ESCALATION_REQUIRED,HIGH,A safeguarding workflow escalation was triggered.,Team Leader must review the case and record the outcome.,Team Leader,OPEN,2025-01-29 00:05:00,ESCALATION_TRIGGERED
ALT-5CF2B4C24E53,SQ-004684,ESCALATION_REQUIRED,HIGH,A safeguarding workflow escalation was triggered.,Team Leader must review the case and record the outcome.,Team Leader,OPEN,2025-01-29 00:05:00,ESCALATION_TRIGGERED
ALT-7EBF865C2586,SQ-011774,ESCALATION_REQUIRED,HIGH,A safeguarding workflow escalation was triggered.,Team Leader must review the case and record the outcome.,Team Leader,OPEN,2025-01-29 00:05:00,ESCALATION_TRIGGERED
ALT-8D8DE817F3B3,SQ-004480,HIGH_PRIORITY_UNALLOCATED,CRITICAL,High-priority case is awaiting allocation to a social worker.,Immediate human review and allocation decision.,Team Leader,OPEN,2025-01-29 10:18:00,HIGH_PRIORITY_UNALLOCATED
ALT-D45D2E93538D,SQ-004660,HIGH_PRIORITY_UNALLOCATED,CRITICAL,High-priority case is awaiting allocation to a social worker.,Immediate human review and allocation decision.,Team Leader,OPEN,2025-01-29 12:11:00,HIGH_PRIORITY_UNALLOCATED
ALT-37197885C95F,SQ-008365,HIGH_PRIORITY_UNALLOCATED,CRITICAL,High-priority case is awaiting allocation to a social worker.,Immediate human review and allocation decision.,Team Leader,OPEN,2025-01-29 18:15:00,HIGH_PRIORITY_UNALLOCATED
ALT-BE8A01DF4D8F,SQ-004685,SAFETY_REVIEW_OVERDUE,HIGH,Required safeguarding review was not completed by the due time.,Review the case and record the safeguarding action taken.,Team Leader,OPEN,2025-01-30 00:00:00,SAFETY_REVIEW_OVERDUE
ALT-6C8B0424C056,SQ-008458,SAFETY_REVIEW_OVERDUE,HIGH,Required safeguarding review was not completed by the due time.,Review the case and record the safeguarding action taken.,Team Leader,OPEN,2025-01-30 00:00:00,SAFETY_REVIEW_OVERDUE
ALT-215854FC9D1A,SQ-004685,ESCALATION_REQUIRED,HIGH,A safeguarding workflow escalation was triggered.,Team Leader must review the case and record the outcome.,Team Leader,OPEN,2025-01-30 00:05:00,ESCALATION_TRIGGERED
ALT-C2C1394538B6,SQ-008458,ESCALATION_REQUIRED,HIGH,A safeguarding workflow escalation was triggered.,Team Leader must review the case and record the outcome.,Team Leader,OPEN,2025-01-30 00:05:00,ESCALATION_TRIGGERED
ALT-33DB85D13D26,SQ-000156,HIGH_PRIORITY_UNALLOCATED,CRITICAL,High-priority case is awaiting allocation to a social worker.,Immediate human review and allocation decision.,Team Leader,OPEN,2025-01-30 22:22:00,HIGH_PRIORITY_UNALLOCATED
ALT-EDEC1E7E27E4,SQ-000170,SAFETY_REVIEW_OVERDUE,HIGH,Required safeguarding review was not completed by the due time.,Review the case and record the safeguarding action taken.,Team Leader,OPEN,2025-01-31 00:00:00,SAFETY_REVIEW_OVERDUE
ALT-05C999334FA1,SQ-000191,SAFETY_REVIEW_OVERDUE,HIGH,Required safeguarding review was not completed by the due time.,Review the case and record the safeguarding action taken.,Team Leader,OPEN,2025-01-31 00:00:00,SAFETY_REVIEW_OVERDUE
ALT-8CD237A435F8,SQ-000338,SAFETY_REVIEW_OVERDUE,HIGH,Required safeguarding review was not completed by the due time.,Review the case and record the safeguarding action taken.,Team Leader,OPEN,2025-01-31 00:00:00,SAFETY_REVIEW_OVERDUE
ALT-F8090CDE939A,SQ-000341,SAFETY_REVIEW_OVERDUE,HIGH,Required safeguarding review was not completed by the due time.,Review the case and record the safeguarding action taken.,Team Leader,OPEN,2025-01-31 00:00:00,SAFETY_REVIEW_OVERDUE
ALT-3D21B076FE29,SQ-004520,SAFETY_REVIEW_OVERDUE,HIGH,Required safeguarding review was not completed by the due time.,Review the case and record the safeguarding action taken.,Team Leader,OPEN,2025-01-31 00:00:00,SAFETY_REVIEW_OVERDUE
ALT-8249B43B6976,SQ-008440,SAFETY_REVIEW_OVERDUE,HIGH,Required safeguarding review was not completed by the due time.,Review the case and record the safeguarding action taken.,Team Leader,OPEN,2025-01-31 00:00:00,SAFETY_REVIEW_OVERDUE
ALT-D62B1F6B3790,SQ-000170,ESCALATION_REQUIRED,HIGH,A safeguarding workflow escalation was triggered.,Team Leader must review the case and record the outcome.,Team Leader,OPEN,2025-01-31 00:05:00,ESCALATION_TRIGGERED
ALT-7AF3C3DC15AB,SQ-000191,ESCALATION_REQUIRED,HIGH,A safeguarding workflow escalation was triggered.,Team Leader must review the case and record the outcome.,Team Leader,OPEN,2025-01-31 00:05:00,ESCALATION_TRIGGERED
ALT-E81C8FC7BE88,SQ-000338,ESCALATION_REQUIRED,HIGH,A safeguarding workflow escalation was triggered.,Team Leader must review the case and record the outcome.,Team Leader,OPEN,2025-01-31 00:05:00,ESCALATION_TRIGGERED
ALT-6D5249C7BB2A,SQ-000341,ESCALATION_REQUIRED,HIGH,A safeguarding workflow escalation was triggered.,Team Leader must review the case and record the outcome.,Team Leader,OPEN,2025-01-31 00:05:00,ESCALATION_TRIGGERED
ALT-91371D2EB01B,SQ-004520,ESCALATION_REQUIRED,HIGH,A safeguarding workflow escalation was triggered.,Team Leader must review the case and record the outcome.,Team Leader,OPEN,2025-01-31 00:05:00,ESCALATION_TRIGGERED
ALT-5ABB4466570B,SQ-008440,ESCALATION_REQUIRED,HIGH,A safeguarding workflow escalation was triggered.,Team Leader must review the case and record the outcome.,Team Leader,OPEN,2025-01-31 00:05:00,ESCALATION_TRIGGERED
ALT-CE11E9512423,SQ-000310,HIGH_PRIORITY_UNALLOCATED,CRITICAL,High-priority case is awaiting allocation to a social worker.,Immediate human review and allocation decision.,Team Leader,OPEN,2025-01-31 02:56:00,HIGH_PRIORITY_UNALLOCATED
ALT-7ABE627E9B82,SQ-004402,HIGH_PRIORITY_UNALLOCATED,CRITICAL,High-priority case is awaiting allocation to a social worker.,Immediate human review and allocation decision.,Team Leader,OPEN,2025-01-31 15:54:00,HIGH_PRIORITY_UNALLOCATED
ALT-C981E06AF5D1,SQ-000123,HIGH_PRIORITY_UNALLOCATED,CRITICAL,High-priority case is awaiting allocation to a social worker.,Immediate human review and allocation decision.,Team Leader,OPEN,2025-02-01 09:03:00,HIGH_PRIORITY_UNALLOCATED
ALT-E413FFBA0776,SQ-004620,HIGH_PRIORITY_UNALLOCATED,CRITICAL,High-priority case is awaiting allocation to a social worker.,Immediate human review and allocation decision.,Team Leader,OPEN,2025-02-01 10:27:00,HIGH_PRIORITY_UNALLOCATED
ALT-2A55CBDE9E9D,SQ-008687,HIGH_PRIORITY_UNALLOCATED,CRITICAL,High-priority case is awaiting allocation to a social worker.,Immediate human review and allocation decision.,Team Leader,OPEN,2025-02-01 15:14:00,HIGH_PRIORITY_UNALLOCATED
ALT-04E2649EDB27,SQ-000563,HIGH_PRIORITY_UNALLOCATED,CRITICAL,High-priority case is awaiting allocation to a social worker.,Immediate human review and allocation decision.,Team Leader,OPEN,2025-02-04 09:18:00,HIGH_PRIORITY_UNALLOCATED
ALT-5E386C2752B4,SQ-000372,HIGH_PRIORITY_UNALLOCATED,CRITICAL,High-priority case is awaiting allocation to a social worker.,Immediate human review and allocation decision.,Team Leader,OPEN,2025-02-04 14:45:00,HIGH_PRIORITY_UNALLOCATED
ALT-2BEBB304BE4F,SQ-008523,HIGH_PRIORITY_UNALLOCATED,CRITICAL,High-priority case is awaiting allocation to a social worker.,Immediate human review and allocation decision.,Team Leader,OPEN,2025-02-04 21:32:00,HIGH_PRIORITY_UNALLOCATED
ALT-D0CEBFCDB13E,SQ-000603,SAFETY_REVIEW_OVERDUE,HIGH,Required safeguarding review was not completed by the due time.,Review the case and record the safeguarding action taken.,Team Leader,OPEN,2025-02-05 00:00:00,SAFETY_REVIEW_OVERDUE
ALT-01F3F2DE3D49,SQ-004938,SAFETY_REVIEW_OVERDUE,HIGH,Required safeguarding review was not completed by the due time.,Review the case and record the safeguarding action taken.,Team Leader,OPEN,2025-02-05 00:00:00,SAFETY_REVIEW_OVERDUE
ALT-9B8C5C2C0A1E,SQ-004954,SAFETY_REVIEW_OVERDUE,HIGH,Required safeguarding review was not completed by the due time.,Review the case and record the safeguarding action taken.,Team Leader,OPEN,2025-02-05 00:00:00,SAFETY_REVIEW_OVERDUE
ALT-95BC0AF8246C,SQ-000603,ESCALATION_REQUIRED,HIGH,A safeguarding workflow escalation was triggered.,Team Leader must review the case and record the outcome.,Team Leader,OPEN,2025-02-05 00:05:00,ESCALATION_TRIGGERED
ALT-E49459CBC6FA,SQ-004938,ESCALATION_REQUIRED,HIGH,A safeguarding workflow escalation was triggered.,Team Leader must review the case and record the outcome.,Team Leader,OPEN,2025-02-05 00:05:00,ESCALATION_TRIGGERED
ALT-4867A065B4C4,SQ-004954,ESCALATION_REQUIRED,HIGH,A safeguarding workflow escalation was triggered.,Team Leader must review the case and record the outcome.,Team Leader,OPEN,2025-02-05 00:05:00,ESCALATION_TRIGGERED
ALT-A396C3AC7E85,SQ-011874,PRIORITY_CHANGE_REVIEW,LOW,Case priority was manually changed by an authorised user.,Retain for audit review; no action required unless challenged.,Auditor,OPEN,2025-02-05 09:01:00,PRIORITY_CHANGED
ALT-1AF057F25E60,SQ-008513,HIGH_PRIORITY_UNALLOCATED,CRITICAL,High-priority case is awaiting allocation to a social worker.,Immediate human review and allocation decision.,Team Leader,OPEN,2025-02-05 09:42:00,HIGH_PRIORITY_UNALLOCATED
ALT-6AE2E9523217,SQ-004460,PRIORITY_CHANGE_REVIEW,LOW,Case priority was manually changed by an authorised user.,Retain for audit review; no action required unless challenged.,Auditor,OPEN,2025-02-05 10:26:00,PRIORITY_CHANGED
ALT-5CB58671DF84,SQ-000688,HIGH_PRIORITY_UNALLOCATED,CRITICAL,High-priority case is awaiting allocation to a social worker.,Immediate human review and allocation decision.,Team Leader,OPEN,2025-02-06 08:38:00,HIGH_PRIORITY_UNALLOCATED
ALT-17085D14279A,SQ-004837,HIGH_PRIORITY_UNALLOCATED,CRITICAL,High-priority case is awaiting allocation to a social worker.,Immediate human review and allocation decision.,Team Leader,OPEN,2025-02-06 11:09:00,HIGH_PRIORITY_UNALLOCATED
ALT-5FD7CB801164,SQ-008542,HIGH_PRIORITY_UNALLOCATED,CRITICAL,High-priority case is awaiting allocation to a social worker.,Immediate human review and allocation decision.,Team Leader,OPEN,2025-02-06 13:05:00,HIGH_PRIORITY_UNALLOCATED
ALT-483920E75464,SQ-011770,PRIORITY_CHANGE_REVIEW,LOW,Case priority was manually changed by an authorised user.,Retain for audit review; no action required unless challenged.,Auditor,OPEN,2025-02-06 15:24:00,PRIORITY_CHANGED
ALT-2DC13062BD07,SQ-000372,SAFETY_REVIEW_OVERDUE,HIGH,Required safeguarding review was not completed by the due time.,Review the case and record the safeguarding action taken.,Team Leader,OPEN,2025-02-07 00:00:00,SAFETY_REVIEW_OVERDUE
ALT-D3D5C92F2B3F,SQ-000372,ESCALATION_REQUIRED,HIGH,A safeguarding workflow escalation was triggered.,Team Leader must review the case and record the outcome.,Team Leader,OPEN,2025-02-07 00:05:00,ESCALATION_TRIGGERED
ALT-48CA248D04C6,SQ-005027,PRIORITY_CHANGE_REVIEW,LOW,Case priority was manually changed by an authorised user.,Retain for audit review; no action required unless challenged.,Auditor,OPEN,2025-02-07 17:50:00,PRIORITY_CHANGED
ALT-DD0ADEEAE06E,SQ-004873,PRIORITY_CHANGE_REVIEW,LOW,Case priority was manually changed by an authorised user.,Retain for audit review; no action required unless challenged.,Auditor,OPEN,2025-02-08 08:03:00,PRIORITY_CHANGED
ALT-35D0EBB33F66,SQ-004735,HIGH_PRIORITY_UNALLOCATED,CRITICAL,High-priority case is awaiting allocation to a social worker.,Immediate human review and allocation decision.,Team Leader,OPEN,2025-02-08 16:49:00,HIGH_PRIORITY_UNALLOCATED
ALT-5FE2BD8375F4,SQ-004837,SAFETY_REVIEW_OVERDUE,HIGH,Required safeguarding review was not completed by the due time.,Review the case and record the safeguarding action taken.,Team Leader,OPEN,2025-02-09 00:00:00,SAFETY_REVIEW_OVERDUE
ALT-4CC6BCEDFF75,SQ-004837,ESCALATION_REQUIRED,HIGH,A safeguarding workflow escalation was triggered.,Team Leader must review the case and record the outcome.,Team Leader,OPEN,2025-02-09 00:05:00,ESCALATION_TRIGGERED
ALT-955DC7CB578F,SQ-008704,PRIORITY_CHANGE_REVIEW,LOW,Case priority was manually changed by an authorised user.,Retain for audit review; no action required unless challenged.,Auditor,OPEN,2025-02-09 17:24:00,PRIORITY_CHANGED
ALT-26825DA9C09A,SQ-008523,SAFETY_REVIEW_OVERDUE,HIGH,Required safeguarding review was not completed by the due time.,Review the case and record the safeguarding action taken.,Team Leader,OPEN,2025-02-10 00:00:00,SAFETY_REVIEW_OVERDUE
ALT-CDA207C543F2,SQ-011888,SAFETY_REVIEW_OVERDUE,HIGH,Required safeguarding review was not completed by the due time.,Review the case and record the safeguarding action taken.,Team Leader,OPEN,2025-02-10 00:00:00,SAFETY_REVIEW_OVERDUE
ALT-7A6F67AA0EBB,SQ-011953,SAFETY_REVIEW_OVERDUE,HIGH,Required safeguarding review was not completed by the due time.,Review the case and record the safeguarding action taken.,Team Leader,OPEN,2025-02-10 00:00:00,SAFETY_REVIEW_OVERDUE
ALT-99F0351EC26A,SQ-008523,ESCALATION_REQUIRED,HIGH,A safeguarding workflow escalation was triggered.,Team Leader must review the case and record the outcome.,Team Leader,OPEN,2025-02-10 00:05:00,ESCALATION_TRIGGERED
ALT-2A2773309914,SQ-011888,ESCALATION_REQUIRED,HIGH,A safeguarding workflow escalation was triggered.,Team Leader must review the case and record the outcome.,Team Leader,OPEN,2025-02-10 00:05:00,ESCALATION_TRIGGERED
ALT-319C7906F22E,SQ-011953,ESCALATION_REQUIRED,HIGH,A safeguarding workflow escalation was triggered.,Team Leader must review the case and record the outcome.,Team Leader,OPEN,2025-02-10 00:05:00,ESCALATION_TRIGGERED
ALT-3AA91DC65C23,SQ-000704,PRIORITY_CHANGE_REVIEW,LOW,Case priority was manually changed by an authorised user.,Retain for audit review; no action required unless challenged.,Auditor,OPEN,2025-02-10 10:53:00,PRIORITY_CHANGED
ALT-06E54DF8FCFF,SQ-000688,SAFETY_REVIEW_OVERDUE,HIGH,Required safeguarding review was not completed by the due time.,Review the case and record the safeguarding action taken.,Team Leader,OPEN,2025-02-11 00:00:00,SAFETY_REVIEW_OVERDUE
ALT-C099676E57E8,SQ-008716,SAFETY_REVIEW_OVERDUE,HIGH,Required safeguarding review was not completed by the due time.,Review the case and record the safeguarding action taken.,Team Leader,OPEN,2025-02-11 00:00:00,SAFETY_REVIEW_OVERDUE
ALT-83B51C78CD18,SQ-000688,ESCALATION_REQUIRED,HIGH,A safeguarding workflow escalation was triggered.,Team Leader must review the case and record the outcome.,Team Leader,OPEN,2025-02-11 00:05:00,ESCALATION_TRIGGERED
ALT-75A22EADD4AF,SQ-008716,ESCALATION_REQUIRED,HIGH,A safeguarding workflow escalation was triggered.,Team Leader must review the case and record the outcome.,Team Leader,OPEN,2025-02-11 00:05:00,ESCALATION_TRIGGERED
ALT-82F2AECE942A,SQ-008620,SAFETY_REVIEW_OVERDUE,HIGH,Required safeguarding review was not completed by the due time.,Review the case and record the safeguarding action taken.,Team Leader,OPEN,2025-02-12 00:00:00,SAFETY_REVIEW_OVERDUE
ALT-348BD8DE7D46,SQ-008654,SAFETY_REVIEW_OVERDUE,HIGH,Required safeguarding review was not completed by the due time.,Review the case and record the safeguarding action taken.,Team Leader,OPEN,2025-02-12 00:00:00,SAFETY_REVIEW_OVERDUE
ALT-6195DE526D33,SQ-011901,SAFETY_REVIEW_OVERDUE,HIGH,Required safeguarding review was not completed by the due time.,Review the case and record the safeguarding action taken.,Team Leader,OPEN,2025-02-12 00:00:00,SAFETY_REVIEW_OVERDUE
ALT-12EABE509A73,SQ-008620,ESCALATION_REQUIRED,HIGH,A safeguarding workflow escalation was triggered.,Team Leader must review the case and record the outcome.,Team Leader,OPEN,2025-02-12 00:05:00,ESCALATION_TRIGGERED
ALT-B8409AAE9C2C,SQ-008654,ESCALATION_REQUIRED,HIGH,A safeguarding workflow escalation was triggered.,Team Leader must review the case and record the outcome.,Team Leader,OPEN,2025-02-12 00:05:00,ESCALATION_TRIGGERED
ALT-F27F66D0C0FF,SQ-011901,ESCALATION_REQUIRED,HIGH,A safeguarding workflow escalation was triggered.,Team Leader must review the case and record the outcome.,Team Leader,OPEN,2025-02-12 00:05:00,ESCALATION_TRIGGERED
ALT-0B3A479F77FA,SQ-000646,PRIORITY_CHANGE_REVIEW,LOW,Case priority was manually changed by an authorised user.,Retain for audit review; no action required unless challenged.,Auditor,OPEN,2025-02-12 12:37:00,PRIORITY_CHANGED
ALT-FE5ECCEBD978,SQ-008542,SAFETY_REVIEW_OVERDUE,HIGH,Required safeguarding review was not completed by the due time.,Review the case and record the safeguarding action taken.,Team Leader,OPEN,2025-02-13 00:00:00,SAFETY_REVIEW_OVERDUE
ALT-D2AEAA50C68D,SQ-008542,ESCALATION_REQUIRED,HIGH,A safeguarding workflow escalation was triggered.,Team Leader must review the case and record the outcome.,Team Leader,OPEN,2025-02-13 00:05:00,ESCALATION_TRIGGERED
ALT-381DD5BF2A5F,SQ-000497,HIGH_PRIORITY_UNALLOCATED,CRITICAL,High-priority case is awaiting allocation to a social worker.,Immediate human review and allocation decision.,Team Leader,OPEN,2025-02-13 18:25:00,HIGH_PRIORITY_UNALLOCATED
ALT-8246B6279AD5,SQ-004771,HIGH_PRIORITY_UNALLOCATED,CRITICAL,High-priority case is awaiting allocation to a social worker.,Immediate human review and allocation decision.,Team Leader,OPEN,2025-02-13 20:52:00,HIGH_PRIORITY_UNALLOCATED
ALT-7DF4ABE60E36,SQ-000633,SAFETY_REVIEW_OVERDUE,HIGH,Required safeguarding review was not completed by the due time.,Review the case and record the safeguarding action taken.,Team Leader,OPEN,2025-02-14 00:00:00,SAFETY_REVIEW_OVERDUE
ALT-20F5A0C9A261,SQ-004883,SAFETY_REVIEW_OVERDUE,HIGH,Required safeguarding review was not completed by the due time.,Review the case and record the safeguarding action taken.,Team Leader,OPEN,2025-02-14 00:00:00,SAFETY_REVIEW_OVERDUE
ALT-22C62FFCE81F,SQ-008483,SAFETY_REVIEW_OVERDUE,HIGH,Required safeguarding review was not completed by the due time.,Review the case and record the safeguarding action taken.,Team Leader,OPEN,2025-02-14 00:00:00,SAFETY_REVIEW_OVERDUE
ALT-DAE24BCC8E0D,SQ-000633,ESCALATION_REQUIRED,HIGH,A safeguarding workflow escalation was triggered.,Team Leader must review the case and record the outcome.,Team Leader,OPEN,2025-02-14 00:05:00,ESCALATION_TRIGGERED
ALT-09CB682178C4,SQ-004883,ESCALATION_REQUIRED,HIGH,A safeguarding workflow escalation was triggered.,Team Leader must review the case and record the outcome.,Team Leader,OPEN,2025-02-14 00:05:00,ESCALATION_TRIGGERED
ALT-4FCA4DA7AF2E,SQ-008483,ESCALATION_REQUIRED,HIGH,A safeguarding workflow escalation was triggered.,Team Leader must review the case and record the outcome.,Team Leader,OPEN,2025-02-14 00:05:00,ESCALATION_TRIGGERED
ALT-391C3901C9EF,SQ-008657,PRIORITY_CHANGE_REVIEW,LOW,Case priority was manually changed by an authorised user.,Retain for audit review; no action required unless challenged.,Auditor,OPEN,2025-02-14 10:23:00,PRIORITY_CHANGED
ALT-B76D6D54AE08,SQ-000418,SAFETY_REVIEW_OVERDUE,HIGH,Required safeguarding review was not completed by the due time.,Review the case and record the safeguarding action taken.,Team Leader,OPEN,2025-02-15 00:00:00,SAFETY_REVIEW_OVERDUE
ALT-7FB7E9DF3475,SQ-004800,SAFETY_REVIEW_OVERDUE,HIGH,Required safeguarding review was not completed by the due time.,Review the case and record the safeguarding action taken.,Team Leader,OPEN,2025-02-15 00:00:00,SAFETY_REVIEW_OVERDUE
ALT-90B049ED8CA2,SQ-000418,ESCALATION_REQUIRED,HIGH,A safeguarding workflow escalation was triggered.,Team Leader must review the case and record the outcome.,Team Leader,OPEN,2025-02-15 00:05:00,ESCALATION_TRIGGERED
ALT-3E26AB516342,SQ-004800,ESCALATION_REQUIRED,HIGH,A safeguarding workflow escalation was triggered.,Team Leader must review the case and record the outcome.,Team Leader,OPEN,2025-02-15 00:05:00,ESCALATION_TRIGGERED
ALT-E2DEC64F6748,SQ-011965,PRIORITY_CHANGE_REVIEW,LOW,Case priority was manually changed by an authorised user.,Retain for audit review; no action required unless challenged.,Auditor,OPEN,2025-02-15 14:19:00,PRIORITY_CHANGED
ALT-3A5F1E829155,SQ-004876,PRIORITY_CHANGE_REVIEW,LOW,Case priority was manually changed by an authorised user.,Retain for audit review; no action required unless challenged.,Auditor,OPEN,2025-02-15 14:21:00,PRIORITY_CHANGED
ALT-D27063BF652E,SQ-000566,SAFETY_REVIEW_OVERDUE,HIGH,Required safeguarding review was not completed by the due time.,Review the case and record the safeguarding action taken.,Team Leader,OPEN,2025-02-16 00:00:00,SAFETY_REVIEW_OVERDUE
ALT-58CC82ADB1F0,SQ-000675,SAFETY_REVIEW_OVERDUE,HIGH,Required safeguarding review was not completed by the due time.,Review the case and record the safeguarding action taken.,Team Leader,OPEN,2025-02-16 00:00:00,SAFETY_REVIEW_OVERDUE
ALT-7C6E6776F16D,SQ-000566,ESCALATION_REQUIRED,HIGH,A safeguarding workflow escalation was triggered.,Team Leader must review the case and record the outcome.,Team Leader,OPEN,2025-02-16 00:05:00,ESCALATION_TRIGGERED
ALT-F00BA46CDE6A,SQ-000675,ESCALATION_REQUIRED,HIGH,A safeguarding workflow escalation was triggered.,Team Leader must review the case and record the outcome.,Team Leader,OPEN,2025-02-16 00:05:00,ESCALATION_TRIGGERED
ALT-7192C82B75D3,SQ-004789,PRIORITY_CHANGE_REVIEW,LOW,Case priority was manually changed by an authorised user.,Retain for audit review; no action required unless challenged.,Auditor,OPEN,2025-02-16 15:26:00,PRIORITY_CHANGED
ALT-DE8B2058311F,SQ-000596,SAFETY_REVIEW_OVERDUE,HIGH,Required safeguarding review was not completed by the due time.,Review the case and record the safeguarding action taken.,Team Leader,OPEN,2025-02-17 00:00:00,SAFETY_REVIEW_OVERDUE
ALT-8F4A30C45A6C,SQ-000621,SAFETY_REVIEW_OVERDUE,HIGH,Required safeguarding review was not completed by the due time.,Review the case and record the safeguarding action taken.,Team Leader,OPEN,2025-02-17 00:00:00,SAFETY_REVIEW_OVERDUE
ALT-DC2D64EE7FF7,SQ-000596,ESCALATION_REQUIRED,HIGH,A safeguarding workflow escalation was triggered.,Team Leader must review the case and record the outcome.,Team Leader,OPEN,2025-02-17 00:05:00,ESCALATION_TRIGGERED
ALT-4682096FDFCD,SQ-000621,ESCALATION_REQUIRED,HIGH,A safeguarding workflow escalation was triggered.,Team Leader must review the case and record the outcome.,Team Leader,OPEN,2025-02-17 00:05:00,ESCALATION_TRIGGERED
ALT-3FF342233487,SQ-000571,PRIORITY_CHANGE_REVIEW,LOW,Case priority was manually changed by an authorised user.,Retain for audit review; no action required unless challenged.,Auditor,OPEN,2025-02-17 11:09:00,PRIORITY_CHANGED
ALT-C8DA757D0F55,SQ-008505,PRIORITY_CHANGE_REVIEW,LOW,Case priority was manually changed by an authorised user.,Retain for audit review; no action required unless challenged.,Auditor,OPEN,2025-02-18 10:47:00,PRIORITY_CHANGED
ALT-5014317CBC8C,SQ-000591,SAFETY_REVIEW_OVERDUE,HIGH,Required safeguarding review was not completed by the due time.,Review the case and record the safeguarding action taken.,Team Leader,OPEN,2025-02-19 00:00:00,SAFETY_REVIEW_OVERDUE
ALT-5564B5BD1D9E,SQ-000677,SAFETY_REVIEW_OVERDUE,HIGH,Required safeguarding review was not completed by the due time.,Review the case and record the safeguarding action taken.,Team Leader,OPEN,2025-02-19 00:00:00,SAFETY_REVIEW_OVERDUE
ALT-E6A36095769B,SQ-004913,SAFETY_REVIEW_OVERDUE,HIGH,Required safeguarding review was not completed by the due time.,Review the case and record the safeguarding action taken.,Team Leader,OPEN,2025-02-19 00:00:00,SAFETY_REVIEW_OVERDUE
ALT-420D82F175C4,SQ-004933,SAFETY_REVIEW_OVERDUE,HIGH,Required safeguarding review was not completed by the due time.,Review the case and record the safeguarding action taken.,Team Leader,OPEN,2025-02-19 00:00:00,SAFETY_REVIEW_OVERDUE
ALT-CC5223AC7222,SQ-000591,ESCALATION_REQUIRED,HIGH,A safeguarding workflow escalation was triggered.,Team Leader must review the case and record the outcome.,Team Leader,OPEN,2025-02-19 00:05:00,ESCALATION_TRIGGERED
ALT-B3147A97757C,SQ-000677,ESCALATION_REQUIRED,HIGH,A safeguarding workflow escalation was triggered.,Team Leader must review the case and record the outcome.,Team Leader,OPEN,2025-02-19 00:05:00,ESCALATION_TRIGGERED
ALT-9EE3128773C1,SQ-004913,ESCALATION_REQUIRED,HIGH,A safeguarding workflow escalation was triggered.,Team Leader must review the case and record the outcome.,Team Leader,OPEN,2025-02-19 00:05:00,ESCALATION_TRIGGERED
ALT-82D4E4700556,SQ-004933,ESCALATION_REQUIRED,HIGH,A safeguarding workflow escalation was triggered.,Team Leader must review the case and record the outcome.,Team Leader,OPEN,2025-02-19 00:05:00,ESCALATION_TRIGGERED
ALT-DB690F9D0F1B,SQ-000692,HIGH_PRIORITY_UNALLOCATED,CRITICAL,High-priority case is awaiting allocation to a social worker.,Immediate human review and allocation decision.,Team Leader,OPEN,2025-02-19 12:40:00,HIGH_PRIORITY_UNALLOCATED
ALT-6C004614F93F,SQ-000393,SAFETY_REVIEW_OVERDUE,HIGH,Required safeguarding review was not completed by the due time.,Review the case and record the safeguarding action taken.,Team Leader,OPEN,2025-02-20 00:00:00,SAFETY_REVIEW_OVERDUE
ALT-4D4A870BBAB7,SQ-000419,SAFETY_REVIEW_OVERDUE,HIGH,Required safeguarding review was not completed by the due time.,Review the case and record the safeguarding action taken.,Team Leader,OPEN,2025-02-20 00:00:00,SAFETY_REVIEW_OVERDUE
ALT-B14F7DD9A632,SQ-000547,SAFETY_REVIEW_OVERDUE,HIGH,Required safeguarding review was not completed by the due time.,Review the case and record the safeguarding action taken.,Team Leader,OPEN,2025-02-20 00:00:00,SAFETY_REVIEW_OVERDUE
ALT-98B307957E85,SQ-004710,SAFETY_REVIEW_OVERDUE,HIGH,Required safeguarding review was not completed by the due time.,Review the case and record the safeguarding action taken.,Team Leader,OPEN,2025-02-20 00:00:00,SAFETY_REVIEW_OVERDUE
ALT-85270FAB8FCB,SQ-000393,ESCALATION_REQUIRED,HIGH,A safeguarding workflow escalation was triggered.,Team Leader must review the case and record the outcome.,Team Leader,OPEN,2025-02-20 00:05:00,ESCALATION_TRIGGERED
ALT-F6A2BD24364F,SQ-000419,ESCALATION_REQUIRED,HIGH,A safeguarding workflow escalation was triggered.,Team Leader must review the case and record the outcome.,Team Leader,OPEN,2025-02-20 00:05:00,ESCALATION_TRIGGERED
ALT-173444D86BE2,SQ-000547,ESCALATION_REQUIRED,HIGH,A safeguarding workflow escalation was triggered.,Team Leader must review the case and record the outcome.,Team Leader,OPEN,2025-02-20 00:05:00,ESCALATION_TRIGGERED
ALT-D863383D7094,SQ-004710,ESCALATION_REQUIRED,HIGH,A safeguarding workflow escalation was triggered.,Team Leader must review the case and record the outcome.,Team Leader,OPEN,2025-02-20 00:05:00,ESCALATION_TRIGGERED
ALT-710511E52AAF,SQ-004866,PRIORITY_CHANGE_REVIEW,LOW,Case priority was manually changed by an authorised user.,Retain for audit review; no action required unless challenged.,Auditor,OPEN,2025-02-20 11:15:00,PRIORITY_CHANGED
ALT-F1E08C71B64F,SQ-000652,HIGH_PRIORITY_UNALLOCATED,CRITICAL,High-priority case is awaiting allocation to a social worker.,Immediate human review and allocation decision.,Team Leader,OPEN,2025-02-20 14:27:00,HIGH_PRIORITY_UNALLOCATED
ALT-B7D89B90C827,SQ-000465,SAFETY_REVIEW_OVERDUE,HIGH,Required safeguarding review was not completed by the due time.,Review the case and record the safeguarding action taken.,Team Leader,OPEN,2025-02-21 00:00:00,SAFETY_REVIEW_OVERDUE
ALT-C68132830F11,SQ-000634,SAFETY_REVIEW_OVERDUE,HIGH,Required safeguarding review was not completed by the due time.,Review the case and record the safeguarding action taken.,Team Leader,OPEN,2025-02-21 00:00:00,SAFETY_REVIEW_OVERDUE
ALT-AB48E28C503D,SQ-000465,ESCALATION_REQUIRED,HIGH,A safeguarding workflow escalation was triggered.,Team Leader must review the case and record the outcome.,Team Leader,OPEN,2025-02-21 00:05:00,ESCALATION_TRIGGERED
ALT-5254A458B72A,SQ-000634,ESCALATION_REQUIRED,HIGH,A safeguarding workflow escalation was triggered.,Team Leader must review the case and record the outcome.,Team Leader,OPEN,2025-02-21 00:05:00,ESCALATION_TRIGGERED
ALT-773B032C57B3,SQ-000537,SAFETY_REVIEW_OVERDUE,HIGH,Required safeguarding review was not completed by the due time.,Review the case and record the safeguarding action taken.,Team Leader,OPEN,2025-02-22 00:00:00,SAFETY_REVIEW_OVERDUE
ALT-9B08D852E61A,SQ-000588,SAFETY_REVIEW_OVERDUE,HIGH,Required safeguarding review was not completed by the due time.,Review the case and record the safeguarding action taken.,Team Leader,OPEN,2025-02-22 00:00:00,SAFETY_REVIEW_OVERDUE
ALT-D0B7135C449B,SQ-004906,SAFETY_REVIEW_OVERDUE,HIGH,Required safeguarding review was not completed by the due time.,Review the case and record the safeguarding action taken.,Team Leader,OPEN,2025-02-22 00:00:00,SAFETY_REVIEW_OVERDUE
ALT-DB6130176A30,SQ-011931,SAFETY_REVIEW_OVERDUE,HIGH,Required safeguarding review was not completed by the due time.,Review the case and record the safeguarding action taken.,Team Leader,OPEN,2025-02-22 00:00:00,SAFETY_REVIEW_OVERDUE
ALT-847D5BB3A258,SQ-000537,ESCALATION_REQUIRED,HIGH,A safeguarding workflow escalation was triggered.,Team Leader must review the case and record the outcome.,Team Leader,OPEN,2025-02-22 00:05:00,ESCALATION_TRIGGERED
ALT-95351382583D,SQ-000588,ESCALATION_REQUIRED,HIGH,A safeguarding workflow escalation was triggered.,Team Leader must review the case and record the outcome.,Team Leader,OPEN,2025-02-22 00:05:00,ESCALATION_TRIGGERED
ALT-B54592F08109,SQ-004906,ESCALATION_REQUIRED,HIGH,A safeguarding workflow escalation was triggered.,Team Leader must review the case and record the outcome.,Team Leader,OPEN,2025-02-22 00:05:00,ESCALATION_TRIGGERED
ALT-0982D6C1F2F1,SQ-011931,ESCALATION_REQUIRED,HIGH,A safeguarding workflow escalation was triggered.,Team Leader must review the case and record the outcome.,Team Leader,OPEN,2025-02-22 00:05:00,ESCALATION_TRIGGERED
ALT-422398AE900B,SQ-011828,PRIORITY_CHANGE_REVIEW,LOW,Case priority was manually changed by an authorised user.,Retain for audit review; no action required unless challenged.,Auditor,OPEN,2025-02-22 08:11:00,PRIORITY_CHANGED
ALT-0A432B40DAFB,SQ-004924,PRIORITY_CHANGE_REVIEW,LOW,Case priority was manually changed by an authorised user.,Retain for audit review; no action required unless challenged.,Auditor,OPEN,2025-02-22 11:11:00,PRIORITY_CHANGED
ALT-EC7FD31B9D59,SQ-004848,PRIORITY_CHANGE_REVIEW,LOW,Case priority was manually changed by an authorised user.,Retain for audit review; no action required unless challenged.,Auditor,OPEN,2025-02-22 16:19:00,PRIORITY_CHANGED
ALT-C2F0E66D6028,SQ-004731,SAFETY_REVIEW_OVERDUE,HIGH,Required safeguarding review was not completed by the due time.,Review the case and record the safeguarding action taken.,Team Leader,OPEN,2025-02-23 00:00:00,SAFETY_REVIEW_OVERDUE
ALT-E5B87084ABFC,SQ-004878,SAFETY_REVIEW_OVERDUE,HIGH,Required safeguarding review was not completed by the due time.,Review the case and record the safeguarding action taken.,Team Leader,OPEN,2025-02-23 00:00:00,SAFETY_REVIEW_OVERDUE
ALT-D23A622715CF,SQ-004731,ESCALATION_REQUIRED,HIGH,A safeguarding workflow escalation was triggered.,Team Leader must review the case and record the outcome.,Team Leader,OPEN,2025-02-23 00:05:00,ESCALATION_TRIGGERED
ALT-947C90BCCDA8,SQ-004878,ESCALATION_REQUIRED,HIGH,A safeguarding workflow escalation was triggered.,Team Leader must review the case and record the outcome.,Team Leader,OPEN,2025-02-23 00:05:00,ESCALATION_TRIGGERED
ALT-E9F33704E40E,SQ-000616,HIGH_PRIORITY_UNALLOCATED,CRITICAL,High-priority case is awaiting allocation to a social worker.,Immediate human review and allocation decision.,Team Leader,OPEN,2025-02-23 06:36:00,HIGH_PRIORITY_UNALLOCATED
ALT-9A614FC0D93F,SQ-004833,PRIORITY_CHANGE_REVIEW,LOW,Case priority was manually changed by an authorised user.,Retain for audit review; no action required unless challenged.,Auditor,OPEN,2025-02-24 08:11:00,PRIORITY_CHANGED
ALT-18788F870BEF,SQ-000375,HIGH_PRIORITY_UNALLOCATED,CRITICAL,High-priority case is awaiting allocation to a social worker.,Immediate human review and allocation decision.,Team Leader,OPEN,2025-02-24 15:20:00,HIGH_PRIORITY_UNALLOCATED
ALT-3C1459E589DD,SQ-004902,HIGH_PRIORITY_UNALLOCATED,CRITICAL,High-priority case is awaiting allocation to a social worker.,Immediate human review and allocation decision.,Team Leader,OPEN,2025-02-25 11:12:00,HIGH_PRIORITY_UNALLOCATED
ALT-D7C6BB6A8685,SQ-000556,HIGH_PRIORITY_UNALLOCATED,CRITICAL,High-priority case is awaiting allocation to a social worker.,Immediate human review and allocation decision.,Team Leader,OPEN,2025-02-25 21:30:00,HIGH_PRIORITY_UNALLOCATED
ALT-DA0EA0F6343F,SQ-011907,SAFETY_REVIEW_OVERDUE,HIGH,Required safeguarding review was not completed by the due time.,Review the case and record the safeguarding action taken.,Team Leader,OPEN,2025-02-26 00:00:00,SAFETY_REVIEW_OVERDUE
ALT-31D492AA1957,SQ-011907,ESCALATION_REQUIRED,HIGH,A safeguarding workflow escalation was triggered.,Team Leader must review the case and record the outcome.,Team Leader,OPEN,2025-02-26 00:05:00,ESCALATION_TRIGGERED
ALT-F57BF935B2E4,SQ-008674,SAFETY_REVIEW_OVERDUE,HIGH,Required safeguarding review was not completed by the due time.,Review the case and record the safeguarding action taken.,Team Leader,OPEN,2025-02-27 00:00:00,SAFETY_REVIEW_OVERDUE
ALT-7AB54AA6F8F7,SQ-008674,ESCALATION_REQUIRED,HIGH,A safeguarding workflow escalation was triggered.,Team Leader must review the case and record the outcome.,Team Leader,OPEN,2025-02-27 00:05:00,ESCALATION_TRIGGERED
ALT-08CB42BBA347,SQ-004823,HIGH_PRIORITY_UNALLOCATED,CRITICAL,High-priority case is awaiting allocation to a social worker.,Immediate human review and allocation decision.,Team Leader,OPEN,2025-02-27 12:05:00,HIGH_PRIORITY_UNALLOCATED
ALT-1CDE4076B297,SQ-000375,SAFETY_REVIEW_OVERDUE,HIGH,Required safeguarding review was not completed by the due time.,Review the case and record the safeguarding action taken.,Team Leader,OPEN,2025-02-28 00:00:00,SAFETY_REVIEW_OVERDUE
ALT-A764458815C6,SQ-000648,SAFETY_REVIEW_OVERDUE,HIGH,Required safeguarding review was not completed by the due time.,Review the case and record the safeguarding action taken.,Team Leader,OPEN,2025-02-28 00:00:00,SAFETY_REVIEW_OVERDUE
ALT-663253460A03,SQ-000375,ESCALATION_REQUIRED,HIGH,A safeguarding workflow escalation was triggered.,Team Leader must review the case and record the outcome.,Team Leader,OPEN,2025-02-28 00:05:00,ESCALATION_TRIGGERED
ALT-D580EBABD313,SQ-000648,ESCALATION_REQUIRED,HIGH,A safeguarding workflow escalation was triggered.,Team Leader must review the case and record the outcome.,Team Leader,OPEN,2025-02-28 00:05:00,ESCALATION_TRIGGERED
ALT-2D79643BBB42,SQ-004871,PRIORITY_CHANGE_REVIEW,LOW,Case priority was manually changed by an authorised user.,Retain for audit review; no action required unless challenged.,Auditor,OPEN,2025-02-28 11:24:00,PRIORITY_CHANGED
ALT-17B3BAB93441,SQ-004982,HIGH_PRIORITY_UNALLOCATED,CRITICAL,High-priority case is awaiting allocation to a social worker.,Immediate human review and allocation decision.,Team Leader,OPEN,2025-03-01 05:41:00,HIGH_PRIORITY_UNALLOCATED
ALT-0CBAE377479F,SQ-000619,PRIORITY_CHANGE_REVIEW,LOW,Case priority was manually changed by an authorised user.,Retain for audit review; no action required unless challenged.,Auditor,OPEN,2025-03-01 09:05:00,PRIORITY_CHANGED
ALT-90A99D461713,SQ-000674,PRIORITY_CHANGE_REVIEW,LOW,Case priority was manually changed by an authorised user.,Retain for audit review; no action required unless challenged.,Auditor,OPEN,2025-03-01 12:08:00,PRIORITY_CHANGED
ALT-17D44A94E7D1,SQ-008866,HIGH_PRIORITY_UNALLOCATED,CRITICAL,High-priority case is awaiting allocation to a social worker.,Immediate human review and allocation decision.,Team Leader,OPEN,2025-03-02 01:00:00,HIGH_PRIORITY_UNALLOCATED
ALT-97BF845EAE4F,SQ-000756,PRIORITY_CHANGE_REVIEW,LOW,Case priority was manually changed by an authorised user.,Retain for audit review; no action required unless challenged.,Auditor,OPEN,2025-03-02 13:01:00,PRIORITY_CHANGED
ALT-F314E86334C2,SQ-001000,HIGH_PRIORITY_UNALLOCATED,CRITICAL,High-priority case is awaiting allocation to a social worker.,Immediate human review and allocation decision.,Team Leader,OPEN,2025-03-03 04:41:00,HIGH_PRIORITY_UNALLOCATED
ALT-1BD0A93D76ED,SQ-008466,PRIORITY_CHANGE_REVIEW,LOW,Case priority was manually changed by an authorised user.,Retain for audit review; no action required unless challenged.,Auditor,OPEN,2025-03-04 08:47:00,PRIORITY_CHANGED
ALT-AD8385D40DBD,SQ-005160,HIGH_PRIORITY_UNALLOCATED,CRITICAL,High-priority case is awaiting allocation to a social worker.,Immediate human review and allocation decision.,Team Leader,OPEN,2025-03-04 20:43:00,HIGH_PRIORITY_UNALLOCATED
ALT-25D81EACCE76,SQ-001000,SAFETY_REVIEW_OVERDUE,HIGH,Required safeguarding review was not completed by the due time.,Review the case and record the safeguarding action taken.,Team Leader,OPEN,2025-03-05 00:00:00,SAFETY_REVIEW_OVERDUE
ALT-542504D90E74,SQ-001000,ESCALATION_REQUIRED,HIGH,A safeguarding workflow escalation was triggered.,Team Leader must review the case and record the outcome.,Team Leader,OPEN,2025-03-05 00:05:00,ESCALATION_TRIGGERED
ALT-7175A496C73C,SQ-008930,PRIORITY_CHANGE_REVIEW,LOW,Case priority was manually changed by an authorised user.,Retain for audit review; no action required unless challenged.,Auditor,OPEN,2025-03-05 08:31:00,PRIORITY_CHANGED
ALT-AC852574D377,SQ-000887,SAFETY_REVIEW_OVERDUE,HIGH,Required safeguarding review was not completed by the due time.,Review the case and record the safeguarding action taken.,Team Leader,OPEN,2025-03-06 00:00:00,SAFETY_REVIEW_OVERDUE
ALT-8CF1D866A240,SQ-000887,ESCALATION_REQUIRED,HIGH,A safeguarding workflow escalation was triggered.,Team Leader must review the case and record the outcome.,Team Leader,OPEN,2025-03-06 00:05:00,ESCALATION_TRIGGERED
ALT-0E434FD33A2E,SQ-001067,SAFETY_REVIEW_OVERDUE,HIGH,Required safeguarding review was not completed by the due time.,Review the case and record the safeguarding action taken.,Team Leader,OPEN,2025-03-07 00:00:00,SAFETY_REVIEW_OVERDUE
ALT-3762EFA31A58,SQ-012055,SAFETY_REVIEW_OVERDUE,HIGH,Required safeguarding review was not completed by the due time.,Review the case and record the safeguarding action taken.,Team Leader,OPEN,2025-03-07 00:00:00,SAFETY_REVIEW_OVERDUE
ALT-88D018197CB4,SQ-001067,ESCALATION_REQUIRED,HIGH,A safeguarding workflow escalation was triggered.,Team Leader must review the case and record the outcome.,Team Leader,OPEN,2025-03-07 00:05:00,ESCALATION_TRIGGERED
ALT-35AFE44AB962,SQ-012055,ESCALATION_REQUIRED,HIGH,A safeguarding workflow escalation was triggered.,Team Leader must review the case and record the outcome.,Team Leader,OPEN,2025-03-07 00:05:00,ESCALATION_TRIGGERED
ALT-ECF2477AAD4A,SQ-000735,HIGH_PRIORITY_UNALLOCATED,CRITICAL,High-priority case is awaiting allocation to a social worker.,Immediate human review and allocation decision.,Team Leader,OPEN,2025-03-07 16:18:00,HIGH_PRIORITY_UNALLOCATED
ALT-4E14AF9E8DA5,SQ-008943,SAFETY_REVIEW_OVERDUE,HIGH,Required safeguarding review was not completed by the due time.,Review the case and record the safeguarding action taken.,Team Leader,OPEN,2025-03-08 00:00:00,SAFETY_REVIEW_OVERDUE
ALT-FC98D493862C,SQ-012040,SAFETY_REVIEW_OVERDUE,HIGH,Required safeguarding review was not completed by the due time.,Review the case and record the safeguarding action taken.,Team Leader,OPEN,2025-03-08 00:00:00,SAFETY_REVIEW_OVERDUE
ALT-608503BAC9AD,SQ-012058,SAFETY_REVIEW_OVERDUE,HIGH,Required safeguarding review was not completed by the due time.,Review the case and record the safeguarding action taken.,Team Leader,OPEN,2025-03-08 00:00:00,SAFETY_REVIEW_OVERDUE
ALT-6858726023B6,SQ-008943,ESCALATION_REQUIRED,HIGH,A safeguarding workflow escalation was triggered.,Team Leader must review the case and record the outcome.,Team Leader,OPEN,2025-03-08 00:05:00,ESCALATION_TRIGGERED
ALT-DB8A2541E08D,SQ-012040,ESCALATION_REQUIRED,HIGH,A safeguarding workflow escalation was triggered.,Team Leader must review the case and record the outcome.,Team Leader,OPEN,2025-03-08 00:05:00,ESCALATION_TRIGGERED
ALT-47A7AEEDB7AA,SQ-012058,ESCALATION_REQUIRED,HIGH,A safeguarding workflow escalation was triggered.,Team Leader must review the case and record the outcome.,Team Leader,OPEN,2025-03-08 00:05:00,ESCALATION_TRIGGERED
ALT-748F0B12B4E3,SQ-005115,HIGH_PRIORITY_UNALLOCATED,CRITICAL,High-priority case is awaiting allocation to a social worker.,Immediate human review and allocation decision.,Team Leader,OPEN,2025-03-08 02:18:00,HIGH_PRIORITY_UNALLOCATED
ALT-2B2B4536FFF7,SQ-000739,HIGH_PRIORITY_UNALLOCATED,CRITICAL,High-priority case is awaiting allocation to a social worker.,Immediate human review and allocation decision.,Team Leader,OPEN,2025-03-08 04:26:00,HIGH_PRIORITY_UNALLOCATED
ALT-BB2FC2F94AF2,SQ-008982,HIGH_PRIORITY_UNALLOCATED,CRITICAL,High-priority case is awaiting allocation to a social worker.,Immediate human review and allocation decision.,Team Leader,OPEN,2025-03-08 17:13:00,HIGH_PRIORITY_UNALLOCATED
ALT-5100FB722926,SQ-001078,PRIORITY_CHANGE_REVIEW,LOW,Case priority was manually changed by an authorised user.,Retain for audit review; no action required unless challenged.,Auditor,OPEN,2025-03-09 09:20:00,PRIORITY_CHANGED
ALT-9836E605EB6B,SQ-008768,HIGH_PRIORITY_UNALLOCATED,CRITICAL,High-priority case is awaiting allocation to a social worker.,Immediate human review and allocation decision.,Team Leader,OPEN,2025-03-09 14:02:00,HIGH_PRIORITY_UNALLOCATED
ALT-F2365366A30A,SQ-000739,SAFETY_REVIEW_OVERDUE,HIGH,Required safeguarding review was not completed by the due time.,Review the case and record the safeguarding action taken.,Team Leader,OPEN,2025-03-10 00:00:00,SAFETY_REVIEW_OVERDUE
ALT-F903BC220566,SQ-005160,SAFETY_REVIEW_OVERDUE,HIGH,Required safeguarding review was not completed by the due time.,Review the case and record the safeguarding action taken.,Team Leader,OPEN,2025-03-10 00:00:00,SAFETY_REVIEW_OVERDUE
ALT-CB91C47C907C,SQ-000739,ESCALATION_REQUIRED,HIGH,A safeguarding workflow escalation was triggered.,Team Leader must review the case and record the outcome.,Team Leader,OPEN,2025-03-10 00:05:00,ESCALATION_TRIGGERED
ALT-1AFC7F572F09,SQ-005160,ESCALATION_REQUIRED,HIGH,A safeguarding workflow escalation was triggered.,Team Leader must review the case and record the outcome.,Team Leader,OPEN,2025-03-10 00:05:00,ESCALATION_TRIGGERED
ALT-9F5A00A1C979,SQ-001046,HIGH_PRIORITY_UNALLOCATED,CRITICAL,High-priority case is awaiting allocation to a social worker.,Immediate human review and allocation decision.,Team Leader,OPEN,2025-03-10 02:24:00,HIGH_PRIORITY_UNALLOCATED
ALT-3FA1063C9392,SQ-012048,PRIORITY_CHANGE_REVIEW,LOW,Case priority was manually changed by an authorised user.,Retain for audit review; no action required unless challenged.,Auditor,OPEN,2025-03-10 09:30:00,PRIORITY_CHANGED
ALT-AFCF60700D49,SQ-012045,SAFETY_REVIEW_OVERDUE,HIGH,Required safeguarding review was not completed by the due time.,Review the case and record the safeguarding action taken.,Team Leader,OPEN,2025-03-11 00:00:00,SAFETY_REVIEW_OVERDUE
ALT-2A96CDE88CA7,SQ-012045,ESCALATION_REQUIRED,HIGH,A safeguarding workflow escalation was triggered.,Team Leader must review the case and record the outcome.,Team Leader,OPEN,2025-03-11 00:05:00,ESCALATION_TRIGGERED
ALT-EEB97C86839C,SQ-005143,PRIORITY_CHANGE_REVIEW,LOW,Case priority was manually changed by an authorised user.,Retain for audit review; no action required unless challenged.,Auditor,OPEN,2025-03-11 09:14:00,PRIORITY_CHANGED
ALT-3DB08A3C3989,SQ-005324,HIGH_PRIORITY_UNALLOCATED,CRITICAL,High-priority case is awaiting allocation to a social worker.,Immediate human review and allocation decision.,Team Leader,OPEN,2025-03-11 10:46:00,HIGH_PRIORITY_UNALLOCATED
ALT-44A7E40CC972,SQ-005078,HIGH_PRIORITY_UNALLOCATED,CRITICAL,High-priority case is awaiting allocation to a social worker.,Immediate human review and allocation decision.,Team Leader,OPEN,2025-03-11 10:47:00,HIGH_PRIORITY_UNALLOCATED
ALT-2ACFBDAB41D7,SQ-008824,HIGH_PRIORITY_UNALLOCATED,CRITICAL,High-priority case is awaiting allocation to a social worker.,Immediate human review and allocation decision.,Team Leader,OPEN,2025-03-11 16:27:00,HIGH_PRIORITY_UNALLOCATED
ALT-A06330B1A085,SQ-012157,PRIORITY_CHANGE_REVIEW,LOW,Case priority was manually changed by an authorised user.,Retain for audit review; no action required unless challenged.,Auditor,OPEN,2025-03-11 17:16:00,PRIORITY_CHANGED
ALT-27267197CEB3,SQ-001043,SAFETY_REVIEW_OVERDUE,HIGH,Required safeguarding review was not completed by the due time.,Review the case and record the safeguarding action taken.,Team Leader,OPEN,2025-03-12 00:00:00,SAFETY_REVIEW_OVERDUE
ALT-28F966104309,SQ-001043,ESCALATION_REQUIRED,HIGH,A safeguarding workflow escalation was triggered.,Team Leader must review the case and record the outcome.,Team Leader,OPEN,2025-03-12 00:05:00,ESCALATION_TRIGGERED
ALT-159C4C305665,SQ-008765,PRIORITY_CHANGE_REVIEW,LOW,Case priority was manually changed by an authorised user.,Retain for audit review; no action required unless challenged.,Auditor,OPEN,2025-03-12 14:49:00,PRIORITY_CHANGED
ALT-1498A373EC44,SQ-001071,SAFETY_REVIEW_OVERDUE,HIGH,Required safeguarding review was not completed by the due time.,Review the case and record the safeguarding action taken.,Team Leader,OPEN,2025-03-13 00:00:00,SAFETY_REVIEW_OVERDUE
ALT-413B65AEBDBD,SQ-005099,SAFETY_REVIEW_OVERDUE,HIGH,Required safeguarding review was not completed by the due time.,Review the case and record the safeguarding action taken.,Team Leader,OPEN,2025-03-13 00:00:00,SAFETY_REVIEW_OVERDUE
ALT-1ED722D9E626,SQ-011997,SAFETY_REVIEW_OVERDUE,HIGH,Required safeguarding review was not completed by the due time.,Review the case and record the safeguarding action taken.,Team Leader,OPEN,2025-03-13 00:00:00,SAFETY_REVIEW_OVERDUE
ALT-21A5FE2685EB,SQ-001071,ESCALATION_REQUIRED,HIGH,A safeguarding workflow escalation was triggered.,Team Leader must review the case and record the outcome.,Team Leader,OPEN,2025-03-13 00:05:00,ESCALATION_TRIGGERED
ALT-140CE64E350B,SQ-005099,ESCALATION_REQUIRED,HIGH,A safeguarding workflow escalation was triggered.,Team Leader must review the case and record the outcome.,Team Leader,OPEN,2025-03-13 00:05:00,ESCALATION_TRIGGERED
ALT-AFEE812650D7,SQ-011997,ESCALATION_REQUIRED,HIGH,A safeguarding workflow escalation was triggered.,Team Leader must review the case and record the outcome.,Team Leader,OPEN,2025-03-13 00:05:00,ESCALATION_TRIGGERED
ALT-9AE026C72B2A,SQ-005058,PRIORITY_CHANGE_REVIEW,LOW,Case priority was manually changed by an authorised user.,Retain for audit review; no action required unless challenged.,Auditor,OPEN,2025-03-13 08:25:00,PRIORITY_CHANGED
ALT-1B169A5FE543,SQ-005118,HIGH_PRIORITY_UNALLOCATED,CRITICAL,High-priority case is awaiting allocation to a social worker.,Immediate human review and allocation decision.,Team Leader,OPEN,2025-03-13 11:13:00,HIGH_PRIORITY_UNALLOCATED
ALT-C0D5E795DEA9,SQ-000987,PRIORITY_CHANGE_REVIEW,LOW,Case priority was manually changed by an authorised user.,Retain for audit review; no action required unless challenged.,Auditor,OPEN,2025-03-13 12:02:00,PRIORITY_CHANGED
ALT-5CDFAA397BCA,SQ-008840,HIGH_PRIORITY_UNALLOCATED,CRITICAL,High-priority case is awaiting allocation to a social worker.,Immediate human review and allocation decision.,Team Leader,OPEN,2025-03-13 19:36:00,HIGH_PRIORITY_UNALLOCATED
ALT-8C84C4E1224C,SQ-005115,SAFETY_REVIEW_OVERDUE,HIGH,Required safeguarding review was not completed by the due time.,Review the case and record the safeguarding action taken.,Team Leader,OPEN,2025-03-14 00:00:00,SAFETY_REVIEW_OVERDUE
ALT-1A7A3271D93C,SQ-005324,SAFETY_REVIEW_OVERDUE,HIGH,Required safeguarding review was not completed by the due time.,Review the case and record the safeguarding action taken.,Team Leader,OPEN,2025-03-14 00:00:00,SAFETY_REVIEW_OVERDUE
ALT-41331A08818C,SQ-005115,ESCALATION_REQUIRED,HIGH,A safeguarding workflow escalation was triggered.,Team Leader must review the case and record the outcome.,Team Leader,OPEN,2025-03-14 00:05:00,ESCALATION_TRIGGERED
ALT-2535D42F35B7,SQ-005324,ESCALATION_REQUIRED,HIGH,A safeguarding workflow escalation was triggered.,Team Leader must review the case and record the outcome.,Team Leader,OPEN,2025-03-14 00:05:00,ESCALATION_TRIGGERED
ALT-9FD98A3F0AEF,SQ-000738,HIGH_PRIORITY_UNALLOCATED,CRITICAL,High-priority case is awaiting allocation to a social worker.,Immediate human review and allocation decision.,Team Leader,OPEN,2025-03-14 09:51:00,HIGH_PRIORITY_UNALLOCATED
ALT-29D18F2F3C01,SQ-005134,HIGH_PRIORITY_UNALLOCATED,CRITICAL,High-priority case is awaiting allocation to a social worker.,Immediate human review and allocation decision.,Team Leader,OPEN,2025-03-14 18:03:00,HIGH_PRIORITY_UNALLOCATED
ALT-A10034106718,SQ-005118,PRIORITY_CHANGE_REVIEW,LOW,Case priority was manually changed by an authorised user.,Retain for audit review; no action required unless challenged.,Auditor,OPEN,2025-03-15 09:54:00,PRIORITY_CHANGED
ALT-04D953A5B92C,SQ-008768,SAFETY_REVIEW_OVERDUE,HIGH,Required safeguarding review was not completed by the due time.,Review the case and record the safeguarding action taken.,Team Leader,OPEN,2025-03-16 00:00:00,SAFETY_REVIEW_OVERDUE
ALT-02022352A161,SQ-008768,ESCALATION_REQUIRED,HIGH,A safeguarding workflow escalation was triggered.,Team Leader must review the case and record the outcome.,Team Leader,OPEN,2025-03-16 00:05:00,ESCALATION_TRIGGERED
ALT-14808EDF8831,SQ-000910,HIGH_PRIORITY_UNALLOCATED,CRITICAL,High-priority case is awaiting allocation to a social worker.,Immediate human review and allocation decision.,Team Leader,OPEN,2025-03-16 19:54:00,HIGH_PRIORITY_UNALLOCATED
ALT-ECC39616E77D,SQ-000742,SAFETY_REVIEW_OVERDUE,HIGH,Required safeguarding review was not completed by the due time.,Review the case and record the safeguarding action taken.,Team Leader,OPEN,2025-03-17 00:00:00,SAFETY_REVIEW_OVERDUE
ALT-43DC7442794F,SQ-008785,SAFETY_REVIEW_OVERDUE,HIGH,Required safeguarding review was not completed by the due time.,Review the case and record the safeguarding action taken.,Team Leader,OPEN,2025-03-17 00:00:00,SAFETY_REVIEW_OVERDUE
ALT-9025ACCB4B03,SQ-000742,ESCALATION_REQUIRED,HIGH,A safeguarding workflow escalation was triggered.,Team Leader must review the case and record the outcome.,Team Leader,OPEN,2025-03-17 00:05:00,ESCALATION_TRIGGERED
ALT-F5C91DE04B05,SQ-008785,ESCALATION_REQUIRED,HIGH,A safeguarding workflow escalation was triggered.,Team Leader must review the case and record the outcome.,Team Leader,OPEN,2025-03-17 00:05:00,ESCALATION_TRIGGERED
ALT-9EDDA90D2B5C,SQ-005219,HIGH_PRIORITY_UNALLOCATED,CRITICAL,High-priority case is awaiting allocation to a social worker.,Immediate human review and allocation decision.,Team Leader,OPEN,2025-03-17 00:26:00,HIGH_PRIORITY_UNALLOCATED
ALT-A9F8E32B7550,SQ-005326,HIGH_PRIORITY_UNALLOCATED,CRITICAL,High-priority case is awaiting allocation to a social worker.,Immediate human review and allocation decision.,Team Leader,OPEN,2025-03-17 01:20:00,HIGH_PRIORITY_UNALLOCATED
ALT-C7BE122D0A06,SQ-005147,PRIORITY_CHANGE_REVIEW,LOW,Case priority was manually changed by an authorised user.,Retain for audit review; no action required unless challenged.,Auditor,OPEN,2025-03-17 09:12:00,PRIORITY_CHANGED
ALT-2A29670DB31C,SQ-000858,HIGH_PRIORITY_UNALLOCATED,CRITICAL,High-priority case is awaiting allocation to a social worker.,Immediate human review and allocation decision.,Team Leader,OPEN,2025-03-17 09:32:00,HIGH_PRIORITY_UNALLOCATED
ALT-CB9DE401C288,SQ-000937,HIGH_PRIORITY_UNALLOCATED,CRITICAL,High-priority case is awaiting allocation to a social worker.,Immediate human review and allocation decision.,Team Leader,OPEN,2025-03-17 13:26:00,HIGH_PRIORITY_UNALLOCATED
ALT-7DED4D3D7446,SQ-000936,PRIORITY_CHANGE_REVIEW,LOW,Case priority was manually changed by an authorised user.,Retain for audit review; no action required unless challenged.,Auditor,OPEN,2025-03-17 15:46:00,PRIORITY_CHANGED
ALT-FE1114D8AEAE,SQ-000925,SAFETY_REVIEW_OVERDUE,HIGH,Required safeguarding review was not completed by the due time.,Review the case and record the safeguarding action taken.,Team Leader,OPEN,2025-03-18 00:00:00,SAFETY_REVIEW_OVERDUE
ALT-7CD0DFBDE319,SQ-000925,ESCALATION_REQUIRED,HIGH,A safeguarding workflow escalation was triggered.,Team Leader must review the case and record the outcome.,Team Leader,OPEN,2025-03-18 00:05:00,ESCALATION_TRIGGERED
ALT-76F403E07D39,SQ-001022,HIGH_PRIORITY_UNALLOCATED,CRITICAL,High-priority case is awaiting allocation to a social worker.,Immediate human review and allocation decision.,Team Leader,OPEN,2025-03-18 17:24:00,HIGH_PRIORITY_UNALLOCATED
ALT-37DE176BF297,SQ-008857,SAFETY_REVIEW_OVERDUE,HIGH,Required safeguarding review was not completed by the due time.,Review the case and record the safeguarding action taken.,Team Leader,OPEN,2025-03-19 00:00:00,SAFETY_REVIEW_OVERDUE
ALT-7E7BB03E8507,SQ-008857,ESCALATION_REQUIRED,HIGH,A safeguarding workflow escalation was triggered.,Team Leader must review the case and record the outcome.,Team Leader,OPEN,2025-03-19 00:05:00,ESCALATION_TRIGGERED
ALT-38341632C2B8,SQ-000868,HIGH_PRIORITY_UNALLOCATED,CRITICAL,High-priority case is awaiting allocation to a social worker.,Immediate human review and allocation decision.,Team Leader,OPEN,2025-03-19 11:22:00,HIGH_PRIORITY_UNALLOCATED
ALT-F952A4B3F239,SQ-001054,PRIORITY_CHANGE_REVIEW,LOW,Case priority was manually changed by an authorised user.,Retain for audit review; no action required unless challenged.,Auditor,OPEN,2025-03-19 14:43:00,PRIORITY_CHANGED
ALT-DD029884FAB6,SQ-005060,HIGH_PRIORITY_UNALLOCATED,CRITICAL,High-priority case is awaiting allocation to a social worker.,Immediate human review and allocation decision.,Team Leader,OPEN,2025-03-19 14:58:00,HIGH_PRIORITY_UNALLOCATED
ALT-F07395872A8E,SQ-012093,PRIORITY_CHANGE_REVIEW,LOW,Case priority was manually changed by an authorised user.,Retain for audit review; no action required unless challenged.,Auditor,OPEN,2025-03-19 15:28:00,PRIORITY_CHANGED
ALT-FF1A4E742FA4,SQ-001037,HIGH_PRIORITY_UNALLOCATED,CRITICAL,High-priority case is awaiting allocation to a social worker.,Immediate human review and allocation decision.,Team Leader,OPEN,2025-03-19 20:11:00,HIGH_PRIORITY_UNALLOCATED
ALT-CFA1ED01CAB9,SQ-000870,HIGH_PRIORITY_UNALLOCATED,CRITICAL,High-priority case is awaiting allocation to a social worker.,Immediate human review and allocation decision.,Team Leader,OPEN,2025-03-19 21:01:00,HIGH_PRIORITY_UNALLOCATED
ALT-9920637823B4,SQ-000725,SAFETY_REVIEW_OVERDUE,HIGH,Required safeguarding review was not completed by the due time.,Review the case and record the safeguarding action taken.,Team Leader,OPEN,2025-03-20 00:00:00,SAFETY_REVIEW_OVERDUE
ALT-2C31370DEEBC,SQ-000899,SAFETY_REVIEW_OVERDUE,HIGH,Required safeguarding review was not completed by the due time.,Review the case and record the safeguarding action taken.,Team Leader,OPEN,2025-03-20 00:00:00,SAFETY_REVIEW_OVERDUE
ALT-B4A4C39262A2,SQ-005035,SAFETY_REVIEW_OVERDUE,HIGH,Required safeguarding review was not completed by the due time.,Review the case and record the safeguarding action taken.,Team Leader,OPEN,2025-03-20 00:00:00,SAFETY_REVIEW_OVERDUE
ALT-BD5447E877D4,SQ-008859,SAFETY_REVIEW_OVERDUE,HIGH,Required safeguarding review was not completed by the due time.,Review the case and record the safeguarding action taken.,Team Leader,OPEN,2025-03-20 00:00:00,SAFETY_REVIEW_OVERDUE
ALT-FFC5B50D0D7D,SQ-008993,SAFETY_REVIEW_OVERDUE,HIGH,Required safeguarding review was not completed by the due time.,Review the case and record the safeguarding action taken.,Team Leader,OPEN,2025-03-20 00:00:00,SAFETY_REVIEW_OVERDUE
ALT-BAD220CD4CA1,SQ-000725,ESCALATION_REQUIRED,HIGH,A safeguarding workflow escalation was triggered.,Team Leader must review the case and record the outcome.,Team Leader,OPEN,2025-03-20 00:05:00,ESCALATION_TRIGGERED
ALT-415540139908,SQ-000899,ESCALATION_REQUIRED,HIGH,A safeguarding workflow escalation was triggered.,Team Leader must review the case and record the outcome.,Team Leader,OPEN,2025-03-20 00:05:00,ESCALATION_TRIGGERED
ALT-CE99FE66A154,SQ-005035,ESCALATION_REQUIRED,HIGH,A safeguarding workflow escalation was triggered.,Team Leader must review the case and record the outcome.,Team Leader,OPEN,2025-03-20 00:05:00,ESCALATION_TRIGGERED
ALT-70E05909B68E,SQ-008859,ESCALATION_REQUIRED,HIGH,A safeguarding workflow escalation was triggered.,Team Leader must review the case and record the outcome.,Team Leader,OPEN,2025-03-20 00:05:00,ESCALATION_TRIGGERED
ALT-0D0247D3B033,SQ-008993,ESCALATION_REQUIRED,HIGH,A safeguarding workflow escalation was triggered.,Team Leader must review the case and record the outcome.,Team Leader,OPEN,2025-03-20 00:05:00,ESCALATION_TRIGGERED
ALT-ACA9F3262ACF,SQ-000919,HIGH_PRIORITY_UNALLOCATED,CRITICAL,High-priority case is awaiting allocation to a social worker.,Immediate human review and allocation decision.,Team Leader,OPEN,2025-03-20 16:09:00,HIGH_PRIORITY_UNALLOCATED
ALT-5EC794042153,SQ-001022,SAFETY_REVIEW_OVERDUE,HIGH,Required safeguarding review was not completed by the due time.,Review the case and record the safeguarding action taken.,Team Leader,OPEN,2025-03-21 00:00:00,SAFETY_REVIEW_OVERDUE
ALT-AF08749EB8A9,SQ-001022,ESCALATION_REQUIRED,HIGH,A safeguarding workflow escalation was triggered.,Team Leader must review the case and record the outcome.,Team Leader,OPEN,2025-03-21 00:05:00,ESCALATION_TRIGGERED
ALT-83C31F89515D,SQ-005319,PRIORITY_CHANGE_REVIEW,LOW,Case priority was manually changed by an authorised user.,Retain for audit review; no action required unless challenged.,Auditor,OPEN,2025-03-21 13:14:00,PRIORITY_CHANGED
ALT-7DF8B662CCF1,SQ-008933,PRIORITY_CHANGE_REVIEW,LOW,Case priority was manually changed by an authorised user.,Retain for audit review; no action required unless challenged.,Auditor,OPEN,2025-03-22 12:07:00,PRIORITY_CHANGED
ALT-82F0C2912762,SQ-000910,SAFETY_REVIEW_OVERDUE,HIGH,Required safeguarding review was not completed by the due time.,Review the case and record the safeguarding action taken.,Team Leader,OPEN,2025-03-23 00:00:00,SAFETY_REVIEW_OVERDUE
ALT-70D27DD8D20F,SQ-000988,SAFETY_REVIEW_OVERDUE,HIGH,Required safeguarding review was not completed by the due time.,Review the case and record the safeguarding action taken.,Team Leader,OPEN,2025-03-23 00:00:00,SAFETY_REVIEW_OVERDUE
ALT-4B52B32E2EF3,SQ-000910,ESCALATION_REQUIRED,HIGH,A safeguarding workflow escalation was triggered.,Team Leader must review the case and record the outcome.,Team Leader,OPEN,2025-03-23 00:05:00,ESCALATION_TRIGGERED
ALT-13899D588B0C,SQ-000988,ESCALATION_REQUIRED,HIGH,A safeguarding workflow escalation was triggered.,Team Leader must review the case and record the outcome.,Team Leader,OPEN,2025-03-23 00:05:00,ESCALATION_TRIGGERED
ALT-CC7F101F331C,SQ-008802,PRIORITY_CHANGE_REVIEW,LOW,Case priority was manually changed by an authorised user.,Retain for audit review; no action required unless challenged.,Auditor,OPEN,2025-03-23 08:04:00,PRIORITY_CHANGED
ALT-DC56739E28C4,SQ-000767,SAFETY_REVIEW_OVERDUE,HIGH,Required safeguarding review was not completed by the due time.,Review the case and record the safeguarding action taken.,Team Leader,OPEN,2025-03-24 00:00:00,SAFETY_REVIEW_OVERDUE
ALT-5E15328523FF,SQ-000858,SAFETY_REVIEW_OVERDUE,HIGH,Required safeguarding review was not completed by the due time.,Review the case and record the safeguarding action taken.,Team Leader,OPEN,2025-03-24 00:00:00,SAFETY_REVIEW_OVERDUE
ALT-96E0C8E62F95,SQ-000767,ESCALATION_REQUIRED,HIGH,A safeguarding workflow escalation was triggered.,Team Leader must review the case and record the outcome.,Team Leader,OPEN,2025-03-24 00:05:00,ESCALATION_TRIGGERED
ALT-D30005537D52,SQ-000858,ESCALATION_REQUIRED,HIGH,A safeguarding workflow escalation was triggered.,Team Leader must review the case and record the outcome.,Team Leader,OPEN,2025-03-24 00:05:00,ESCALATION_TRIGGERED
ALT-F20B6EFF73B5,SQ-008988,HIGH_PRIORITY_UNALLOCATED,CRITICAL,High-priority case is awaiting allocation to a social worker.,Immediate human review and allocation decision.,Team Leader,OPEN,2025-03-24 02:08:00,HIGH_PRIORITY_UNALLOCATED
ALT-E6070EA36309,SQ-001083,HIGH_PRIORITY_UNALLOCATED,CRITICAL,High-priority case is awaiting allocation to a social worker.,Immediate human review and allocation decision.,Team Leader,OPEN,2025-03-24 19:16:00,HIGH_PRIORITY_UNALLOCATED
ALT-6BA3B5EED4FE,SQ-005119,HIGH_PRIORITY_UNALLOCATED,CRITICAL,High-priority case is awaiting allocation to a social worker.,Immediate human review and allocation decision.,Team Leader,OPEN,2025-03-24 22:30:00,HIGH_PRIORITY_UNALLOCATED
ALT-4CF73DE86204,SQ-000843,SAFETY_REVIEW_OVERDUE,HIGH,Required safeguarding review was not completed by the due time.,Review the case and record the safeguarding action taken.,Team Leader,OPEN,2025-03-25 00:00:00,SAFETY_REVIEW_OVERDUE
ALT-A266CEE1DCB7,SQ-000938,SAFETY_REVIEW_OVERDUE,HIGH,Required safeguarding review was not completed by the due time.,Review the case and record the safeguarding action taken.,Team Leader,OPEN,2025-03-25 00:00:00,SAFETY_REVIEW_OVERDUE
ALT-E1366DA0C826,SQ-005212,SAFETY_REVIEW_OVERDUE,HIGH,Required safeguarding review was not completed by the due time.,Review the case and record the safeguarding action taken.,Team Leader,OPEN,2025-03-25 00:00:00,SAFETY_REVIEW_OVERDUE
ALT-4BBC9B20C2B4,SQ-000843,ESCALATION_REQUIRED,HIGH,A safeguarding workflow escalation was triggered.,Team Leader must review the case and record the outcome.,Team Leader,OPEN,2025-03-25 00:05:00,ESCALATION_TRIGGERED
ALT-31B1AA56F406,SQ-000938,ESCALATION_REQUIRED,HIGH,A safeguarding workflow escalation was triggered.,Team Leader must review the case and record the outcome.,Team Leader,OPEN,2025-03-25 00:05:00,ESCALATION_TRIGGERED
ALT-DA6CBF1273BD,SQ-005212,ESCALATION_REQUIRED,HIGH,A safeguarding workflow escalation was triggered.,Team Leader must review the case and record the outcome.,Team Leader,OPEN,2025-03-25 00:05:00,ESCALATION_TRIGGERED
ALT-A1E7E5AE2554,SQ-005072,HIGH_PRIORITY_UNALLOCATED,CRITICAL,High-priority case is awaiting allocation to a social worker.,Immediate human review and allocation decision.,Team Leader,OPEN,2025-03-25 18:59:00,HIGH_PRIORITY_UNALLOCATED
ALT-F92176B8CD66,SQ-000743,HIGH_PRIORITY_UNALLOCATED,CRITICAL,High-priority case is awaiting allocation to a social worker.,Immediate human review and allocation decision.,Team Leader,OPEN,2025-03-25 19:53:00,HIGH_PRIORITY_UNALLOCATED
ALT-7D81A9CEC069,SQ-005262,HIGH_PRIORITY_UNALLOCATED,CRITICAL,High-priority case is awaiting allocation to a social worker.,Immediate human review and allocation decision.,Team Leader,OPEN,2025-03-25 20:31:00,HIGH_PRIORITY_UNALLOCATED
ALT-0AEA7BB39263,SQ-000870,SAFETY_REVIEW_OVERDUE,HIGH,Required safeguarding review was not completed by the due time.,Review the case and record the safeguarding action taken.,Team Leader,OPEN,2025-03-26 00:00:00,SAFETY_REVIEW_OVERDUE
ALT-74990A478687,SQ-000948,SAFETY_REVIEW_OVERDUE,HIGH,Required safeguarding review was not completed by the due time.,Review the case and record the safeguarding action taken.,Team Leader,OPEN,2025-03-26 00:00:00,SAFETY_REVIEW_OVERDUE
ALT-5555BD2816DA,SQ-005060,SAFETY_REVIEW_OVERDUE,HIGH,Required safeguarding review was not completed by the due time.,Review the case and record the safeguarding action taken.,Team Leader,OPEN,2025-03-26 00:00:00,SAFETY_REVIEW_OVERDUE
ALT-5C4E9974A79E,SQ-005124,SAFETY_REVIEW_OVERDUE,HIGH,Required safeguarding review was not completed by the due time.,Review the case and record the safeguarding action taken.,Team Leader,OPEN,2025-03-26 00:00:00,SAFETY_REVIEW_OVERDUE
ALT-35F2D9A0329C,SQ-000870,ESCALATION_REQUIRED,HIGH,A safeguarding workflow escalation was triggered.,Team Leader must review the case and record the outcome.,Team Leader,OPEN,2025-03-26 00:05:00,ESCALATION_TRIGGERED
ALT-355B1735EEB3,SQ-000948,ESCALATION_REQUIRED,HIGH,A safeguarding workflow escalation was triggered.,Team Leader must review the case and record the outcome.,Team Leader,OPEN,2025-03-26 00:05:00,ESCALATION_TRIGGERED
ALT-9967C025D667,SQ-005060,ESCALATION_REQUIRED,HIGH,A safeguarding workflow escalation was triggered.,Team Leader must review the case and record the outcome.,Team Leader,OPEN,2025-03-26 00:05:00,ESCALATION_TRIGGERED
ALT-AC0762A9E10E,SQ-005124,ESCALATION_REQUIRED,HIGH,A safeguarding workflow escalation was triggered.,Team Leader must review the case and record the outcome.,Team Leader,OPEN,2025-03-26 00:05:00,ESCALATION_TRIGGERED
ALT-351A05A430FA,SQ-001051,HIGH_PRIORITY_UNALLOCATED,CRITICAL,High-priority case is awaiting allocation to a social worker.,Immediate human review and allocation decision.,Team Leader,OPEN,2025-03-26 06:00:00,HIGH_PRIORITY_UNALLOCATED
ALT-8A6EB17AFAE5,SQ-000994,HIGH_PRIORITY_UNALLOCATED,CRITICAL,High-priority case is awaiting allocation to a social worker.,Immediate human review and allocation decision.,Team Leader,OPEN,2025-03-26 07:24:00,HIGH_PRIORITY_UNALLOCATED
ALT-727F7BE6E393,SQ-001037,SAFETY_REVIEW_OVERDUE,HIGH,Required safeguarding review was not completed by the due time.,Review the case and record the safeguarding action taken.,Team Leader,OPEN,2025-03-27 00:00:00,SAFETY_REVIEW_OVERDUE
ALT-B527A621C903,SQ-001037,ESCALATION_REQUIRED,HIGH,A safeguarding workflow escalation was triggered.,Team Leader must review the case and record the outcome.,Team Leader,OPEN,2025-03-27 00:05:00,ESCALATION_TRIGGERED
ALT-A64B53510155,SQ-000963,HIGH_PRIORITY_UNALLOCATED,CRITICAL,High-priority case is awaiting allocation to a social worker.,Immediate human review and allocation decision.,Team Leader,OPEN,2025-03-27 07:09:00,HIGH_PRIORITY_UNALLOCATED
ALT-C2F7B7346516,SQ-001010,HIGH_PRIORITY_UNALLOCATED,CRITICAL,High-priority case is awaiting allocation to a social worker.,Immediate human review and allocation decision.,Team Leader,OPEN,2025-03-27 13:55:00,HIGH_PRIORITY_UNALLOCATED
ALT-8EE6DC6901CB,SQ-000998,SAFETY_REVIEW_OVERDUE,HIGH,Required safeguarding review was not completed by the due time.,Review the case and record the safeguarding action taken.,Team Leader,OPEN,2025-03-28 00:00:00,SAFETY_REVIEW_OVERDUE
ALT-19CF21F29BA0,SQ-005262,SAFETY_REVIEW_OVERDUE,HIGH,Required safeguarding review was not completed by the due time.,Review the case and record the safeguarding action taken.,Team Leader,OPEN,2025-03-28 00:00:00,SAFETY_REVIEW_OVERDUE
ALT-95B88090D1DF,SQ-012122,SAFETY_REVIEW_OVERDUE,HIGH,Required safeguarding review was not completed by the due time.,Review the case and record the safeguarding action taken.,Team Leader,OPEN,2025-03-28 00:00:00,SAFETY_REVIEW_OVERDUE
ALT-BED756C35EEF,SQ-000998,ESCALATION_REQUIRED,HIGH,A safeguarding workflow escalation was triggered.,Team Leader must review the case and record the outcome.,Team Leader,OPEN,2025-03-28 00:05:00,ESCALATION_TRIGGERED
ALT-437D41B146A2,SQ-005262,ESCALATION_REQUIRED,HIGH,A safeguarding workflow escalation was triggered.,Team Leader must review the case and record the outcome.,Team Leader,OPEN,2025-03-28 00:05:00,ESCALATION_TRIGGERED
ALT-0D22BDE093A8,SQ-012122,ESCALATION_REQUIRED,HIGH,A safeguarding workflow escalation was triggered.,Team Leader must review the case and record the outcome.,Team Leader,OPEN,2025-03-28 00:05:00,ESCALATION_TRIGGERED
ALT-E2C4962822EA,SQ-008871,PRIORITY_CHANGE_REVIEW,LOW,Case priority was manually changed by an authorised user.,Retain for audit review; no action required unless challenged.,Auditor,OPEN,2025-03-28 08:36:00,PRIORITY_CHANGED
ALT-9B2D6DD8B1CC,SQ-000744,SAFETY_REVIEW_OVERDUE,HIGH,Required safeguarding review was not completed by the due time.,Review the case and record the safeguarding action taken.,Team Leader,OPEN,2025-03-29 00:00:00,SAFETY_REVIEW_OVERDUE
ALT-3A7C2AE3B206,SQ-005063,SAFETY_REVIEW_OVERDUE,HIGH,Required safeguarding review was not completed by the due time.,Review the case and record the safeguarding action taken.,Team Leader,OPEN,2025-03-29 00:00:00,SAFETY_REVIEW_OVERDUE
ALT-3E150114D51C,SQ-012161,SAFETY_REVIEW_OVERDUE,HIGH,Required safeguarding review was not completed by the due time.,Review the case and record the safeguarding action taken.,Team Leader,OPEN,2025-03-29 00:00:00,SAFETY_REVIEW_OVERDUE
ALT-E9AB4FD8EDA6,SQ-000744,ESCALATION_REQUIRED,HIGH,A safeguarding workflow escalation was triggered.,Team Leader must review the case and record the outcome.,Team Leader,OPEN,2025-03-29 00:05:00,ESCALATION_TRIGGERED
ALT-2D9A16DCE868,SQ-005063,ESCALATION_REQUIRED,HIGH,A safeguarding workflow escalation was triggered.,Team Leader must review the case and record the outcome.,Team Leader,OPEN,2025-03-29 00:05:00,ESCALATION_TRIGGERED
ALT-0D1F696E80B9,SQ-012161,ESCALATION_REQUIRED,HIGH,A safeguarding workflow escalation was triggered.,Team Leader must review the case and record the outcome.,Team Leader,OPEN,2025-03-29 00:05:00,ESCALATION_TRIGGERED
ALT-643464DA9E85,SQ-012096,PRIORITY_CHANGE_REVIEW,LOW,Case priority was manually changed by an authorised user.,Retain for audit review; no action required unless challenged.,Auditor,OPEN,2025-03-29 11:29:00,PRIORITY_CHANGED
ALT-8F9529C695E1,SQ-000865,SAFETY_REVIEW_OVERDUE,HIGH,Required safeguarding review was not completed by the due time.,Review the case and record the safeguarding action taken.,Team Leader,OPEN,2025-03-30 00:00:00,SAFETY_REVIEW_OVERDUE
ALT-8192D6CEAAE8,SQ-000905,SAFETY_REVIEW_OVERDUE,HIGH,Required safeguarding review was not completed by the due time.,Review the case and record the safeguarding action taken.,Team Leader,OPEN,2025-03-30 00:00:00,SAFETY_REVIEW_OVERDUE
ALT-3FA73DFC3B80,SQ-001011,SAFETY_REVIEW_OVERDUE,HIGH,Required safeguarding review was not completed by the due time.,Review the case and record the safeguarding action taken.,Team Leader,OPEN,2025-03-30 00:00:00,SAFETY_REVIEW_OVERDUE
ALT-69BDF15C3B2A,SQ-005286,SAFETY_REVIEW_OVERDUE,HIGH,Required safeguarding review was not completed by the due time.,Review the case and record the safeguarding action taken.,Team Leader,OPEN,2025-03-30 00:00:00,SAFETY_REVIEW_OVERDUE
ALT-A5D9ED6E83DD,SQ-000865,ESCALATION_REQUIRED,HIGH,A safeguarding workflow escalation was triggered.,Team Leader must review the case and record the outcome.,Team Leader,OPEN,2025-03-30 00:05:00,ESCALATION_TRIGGERED
ALT-C0AF59C48A8B,SQ-000905,ESCALATION_REQUIRED,HIGH,A safeguarding workflow escalation was triggered.,Team Leader must review the case and record the outcome.,Team Leader,OPEN,2025-03-30 00:05:00,ESCALATION_TRIGGERED
ALT-2D2101F5F5F0,SQ-001011,ESCALATION_REQUIRED,HIGH,A safeguarding workflow escalation was triggered.,Team Leader must review the case and record the outcome.,Team Leader,OPEN,2025-03-30 00:05:00,ESCALATION_TRIGGERED
ALT-E94AF33CD654,SQ-005286,ESCALATION_REQUIRED,HIGH,A safeguarding workflow escalation was triggered.,Team Leader must review the case and record the outcome.,Team Leader,OPEN,2025-03-30 00:05:00,ESCALATION_TRIGGERED
ALT-1B6876165C80,SQ-005282,HIGH_PRIORITY_UNALLOCATED,CRITICAL,High-priority case is awaiting allocation to a social worker.,Immediate human review and allocation decision.,Team Leader,OPEN,2025-03-30 00:50:00,HIGH_PRIORITY_UNALLOCATED
ALT-59DCCB0634EF,SQ-000908,PRIORITY_CHANGE_REVIEW,LOW,Case priority was manually changed by an authorised user.,Retain for audit review; no action required unless challenged.,Auditor,OPEN,2025-03-30 11:47:00,PRIORITY_CHANGED
ALT-CDBB6A177C81,SQ-008886,PRIORITY_CHANGE_REVIEW,LOW,Case priority was manually changed by an authorised user.,Retain for audit review; no action required unless challenged.,Auditor,OPEN,2025-03-30 16:29:00,PRIORITY_CHANGED
ALT-8A759FA85139,SQ-000743,SAFETY_REVIEW_OVERDUE,HIGH,Required safeguarding review was not completed by the due time.,Review the case and record the safeguarding action taken.,Team Leader,OPEN,2025-03-31 00:00:00,SAFETY_REVIEW_OVERDUE
ALT-0C13C0C35EF6,SQ-005155,SAFETY_REVIEW_OVERDUE,HIGH,Required safeguarding review was not completed by the due time.,Review the case and record the safeguarding action taken.,Team Leader,OPEN,2025-03-31 00:00:00,SAFETY_REVIEW_OVERDUE
ALT-37611A84CE93,SQ-005294,SAFETY_REVIEW_OVERDUE,HIGH,Required safeguarding review was not completed by the due time.,Review the case and record the safeguarding action taken.,Team Leader,OPEN,2025-03-31 00:00:00,SAFETY_REVIEW_OVERDUE
ALT-12A64702283A,SQ-005352,SAFETY_REVIEW_OVERDUE,HIGH,Required safeguarding review was not completed by the due time.,Review the case and record the safeguarding action taken.,Team Leader,OPEN,2025-03-31 00:00:00,SAFETY_REVIEW_OVERDUE
ALT-ED083DF24C49,SQ-012150,SAFETY_REVIEW_OVERDUE,HIGH,Required safeguarding review was not completed by the due time.,Review the case and record the safeguarding action taken.,Team Leader,OPEN,2025-03-31 00:00:00,SAFETY_REVIEW_OVERDUE
ALT-9212E9FC4FAA,SQ-000743,ESCALATION_REQUIRED,HIGH,A safeguarding workflow escalation was triggered.,Team Leader must review the case and record the outcome.,Team Leader,OPEN,2025-03-31 00:05:00,ESCALATION_TRIGGERED
ALT-C8CF3D29F736,SQ-005155,ESCALATION_REQUIRED,HIGH,A safeguarding workflow escalation was triggered.,Team Leader must review the case and record the outcome.,Team Leader,OPEN,2025-03-31 00:05:00,ESCALATION_TRIGGERED
ALT-31C3A959E8CA,SQ-005294,ESCALATION_REQUIRED,HIGH,A safeguarding workflow escalation was triggered.,Team Leader must review the case and record the outcome.,Team Leader,OPEN,2025-03-31 00:05:00,ESCALATION_TRIGGERED
ALT-3200F759D268,SQ-005352,ESCALATION_REQUIRED,HIGH,A safeguarding workflow escalation was triggered.,Team Leader must review the case and record the outcome.,Team Leader,OPEN,2025-03-31 00:05:00,ESCALATION_TRIGGERED
ALT-968957CB935A,SQ-012150,ESCALATION_REQUIRED,HIGH,A safeguarding workflow escalation was triggered.,Team Leader must review the case and record the outcome.,Team Leader,OPEN,2025-03-31 00:05:00,ESCALATION_TRIGGERED
ALT-8BDB56E80CA3,SQ-000920,HIGH_PRIORITY_UNALLOCATED,CRITICAL,High-priority case is awaiting allocation to a social worker.,Immediate human review and allocation decision.,Team Leader,OPEN,2025-04-01 02:10:00,HIGH_PRIORITY_UNALLOCATED
ALT-C2BA7BEAFEFB,SQ-008837,PRIORITY_CHANGE_REVIEW,LOW,Case priority was manually changed by an authorised user.,Retain for audit review; no action required unless challenged.,Auditor,OPEN,2025-04-01 16:30:00,PRIORITY_CHANGED
ALT-80D52CC2A205,SQ-001381,HIGH_PRIORITY_UNALLOCATED,CRITICAL,High-priority case is awaiting allocation to a social worker.,Immediate human review and allocation decision.,Team Leader,OPEN,2025-04-02 09:45:00,HIGH_PRIORITY_UNALLOCATED
ALT-9D4A256EE758,SQ-001236,PRIORITY_CHANGE_REVIEW,LOW,Case priority was manually changed by an authorised user.,Retain for audit review; no action required unless challenged.,Auditor,OPEN,2025-04-02 15:53:00,PRIORITY_CHANGED
ALT-1831B81ECDA1,SQ-012115,PRIORITY_CHANGE_REVIEW,LOW,Case priority was manually changed by an authorised user.,Retain for audit review; no action required unless challenged.,Auditor,OPEN,2025-04-03 09:07:00,PRIORITY_CHANGED
ALT-3075442E836E,SQ-000774,PRIORITY_CHANGE_REVIEW,LOW,Case priority was manually changed by an authorised user.,Retain for audit review; no action required unless challenged.,Auditor,OPEN,2025-04-03 10:04:00,PRIORITY_CHANGED
ALT-90CF9C63A1D0,SQ-001092,HIGH_PRIORITY_UNALLOCATED,CRITICAL,High-priority case is awaiting allocation to a social worker.,Immediate human review and allocation decision.,Team Leader,OPEN,2025-04-04 05:01:00,HIGH_PRIORITY_UNALLOCATED
ALT-ED56E1BB30A9,SQ-005402,HIGH_PRIORITY_UNALLOCATED,CRITICAL,High-priority case is awaiting allocation to a social worker.,Immediate human review and allocation decision.,Team Leader,OPEN,2025-04-04 14:01:00,HIGH_PRIORITY_UNALLOCATED
ALT-C628B9C52AC8,SQ-001356,SAFETY_REVIEW_OVERDUE,HIGH,Required safeguarding review was not completed by the due time.,Review the case and record the safeguarding action taken.,Team Leader,OPEN,2025-04-05 00:00:00,SAFETY_REVIEW_OVERDUE
ALT-6EB84EFF7378,SQ-001356,ESCALATION_REQUIRED,HIGH,A safeguarding workflow escalation was triggered.,Team Leader must review the case and record the outcome.,Team Leader,OPEN,2025-04-05 00:05:00,ESCALATION_TRIGGERED
ALT-33088636DEBB,SQ-009005,HIGH_PRIORITY_UNALLOCATED,CRITICAL,High-priority case is awaiting allocation to a social worker.,Immediate human review and allocation decision.,Team Leader,OPEN,2025-04-05 06:26:00,HIGH_PRIORITY_UNALLOCATED
ALT-33B28BA1B253,SQ-005556,PRIORITY_CHANGE_REVIEW,LOW,Case priority was manually changed by an authorised user.,Retain for audit review; no action required unless challenged.,Auditor,OPEN,2025-04-06 09:01:00,PRIORITY_CHANGED
ALT-F606AAE46EA7,SQ-005434,PRIORITY_CHANGE_REVIEW,LOW,Case priority was manually changed by an authorised user.,Retain for audit review; no action required unless challenged.,Auditor,OPEN,2025-04-06 10:20:00,PRIORITY_CHANGED
ALT-57532899EDEC,SQ-012332,HIGH_PRIORITY_UNALLOCATED,CRITICAL,High-priority case is awaiting allocation to a social worker.,Immediate human review and allocation decision.,Team Leader,OPEN,2025-04-06 20:45:00,HIGH_PRIORITY_UNALLOCATED
ALT-C7C0605B05F5,SQ-001381,SAFETY_REVIEW_OVERDUE,HIGH,Required safeguarding review was not completed by the due time.,Review the case and record the safeguarding action taken.,Team Leader,OPEN,2025-04-07 00:00:00,SAFETY_REVIEW_OVERDUE
ALT-3C031F14F2A7,SQ-001381,ESCALATION_REQUIRED,HIGH,A safeguarding workflow escalation was triggered.,Team Leader must review the case and record the outcome.,Team Leader,OPEN,2025-04-07 00:05:00,ESCALATION_TRIGGERED
ALT-A8095C8AE9E4,SQ-005614,PRIORITY_CHANGE_REVIEW,LOW,Case priority was manually changed by an authorised user.,Retain for audit review; no action required unless challenged.,Auditor,OPEN,2025-04-07 09:58:00,PRIORITY_CHANGED
ALT-2FECFB892AE0,SQ-001090,SAFETY_REVIEW_OVERDUE,HIGH,Required safeguarding review was not completed by the due time.,Review the case and record the safeguarding action taken.,Team Leader,OPEN,2025-04-09 00:00:00,SAFETY_REVIEW_OVERDUE
ALT-68F9D832F164,SQ-001277,SAFETY_REVIEW_OVERDUE,HIGH,Required safeguarding review was not completed by the due time.,Review the case and record the safeguarding action taken.,Team Leader,OPEN,2025-04-09 00:00:00,SAFETY_REVIEW_OVERDUE
ALT-DF4EEC38AC96,SQ-005626,SAFETY_REVIEW_OVERDUE,HIGH,Required safeguarding review was not completed by the due time.,Review the case and record the safeguarding action taken.,Team Leader,OPEN,2025-04-09 00:00:00,SAFETY_REVIEW_OVERDUE
ALT-DBAE5D2F7B63,SQ-001090,ESCALATION_REQUIRED,HIGH,A safeguarding workflow escalation was triggered.,Team Leader must review the case and record the outcome.,Team Leader,OPEN,2025-04-09 00:05:00,ESCALATION_TRIGGERED
ALT-A4D416D37856,SQ-001277,ESCALATION_REQUIRED,HIGH,A safeguarding workflow escalation was triggered.,Team Leader must review the case and record the outcome.,Team Leader,OPEN,2025-04-09 00:05:00,ESCALATION_TRIGGERED
ALT-E20338934E09,SQ-005626,ESCALATION_REQUIRED,HIGH,A safeguarding workflow escalation was triggered.,Team Leader must review the case and record the outcome.,Team Leader,OPEN,2025-04-09 00:05:00,ESCALATION_TRIGGERED
ALT-1E372BF880A7,SQ-012349,PRIORITY_CHANGE_REVIEW,LOW,Case priority was manually changed by an authorised user.,Retain for audit review; no action required unless challenged.,Auditor,OPEN,2025-04-09 12:16:00,PRIORITY_CHANGED
ALT-2A6EA3FB8CED,SQ-009145,HIGH_PRIORITY_UNALLOCATED,CRITICAL,High-priority case is awaiting allocation to a social worker.,Immediate human review and allocation decision.,Team Leader,OPEN,2025-04-10 23:00:00,HIGH_PRIORITY_UNALLOCATED
ALT-329C4B3B4E57,SQ-009005,SAFETY_REVIEW_OVERDUE,HIGH,Required safeguarding review was not completed by the due time.,Review the case and record the safeguarding action taken.,Team Leader,OPEN,2025-04-11 00:00:00,SAFETY_REVIEW_OVERDUE
ALT-8C40D0A35C22,SQ-009055,SAFETY_REVIEW_OVERDUE,HIGH,Required safeguarding review was not completed by the due time.,Review the case and record the safeguarding action taken.,Team Leader,OPEN,2025-04-11 00:00:00,SAFETY_REVIEW_OVERDUE
ALT-F4855888E9BA,SQ-012259,SAFETY_REVIEW_OVERDUE,HIGH,Required safeguarding review was not completed by the due time.,Review the case and record the safeguarding action taken.,Team Leader,OPEN,2025-04-11 00:00:00,SAFETY_REVIEW_OVERDUE
ALT-5FA797311555,SQ-005602,HIGH_PRIORITY_UNALLOCATED,CRITICAL,High-priority case is awaiting allocation to a social worker.,Immediate human review and allocation decision.,Team Leader,OPEN,2025-04-11 00:02:00,HIGH_PRIORITY_UNALLOCATED
ALT-09101AF5390E,SQ-009005,ESCALATION_REQUIRED,HIGH,A safeguarding workflow escalation was triggered.,Team Leader must review the case and record the outcome.,Team Leader,OPEN,2025-04-11 00:05:00,ESCALATION_TRIGGERED
ALT-8FF14486221F,SQ-009055,ESCALATION_REQUIRED,HIGH,A safeguarding workflow escalation was triggered.,Team Leader must review the case and record the outcome.,Team Leader,OPEN,2025-04-11 00:05:00,ESCALATION_TRIGGERED
ALT-D89A326CEF64,SQ-012259,ESCALATION_REQUIRED,HIGH,A safeguarding workflow escalation was triggered.,Team Leader must review the case and record the outcome.,Team Leader,OPEN,2025-04-11 00:05:00,ESCALATION_TRIGGERED
ALT-FC45A3831F77,SQ-009150,HIGH_PRIORITY_UNALLOCATED,CRITICAL,High-priority case is awaiting allocation to a social worker.,Immediate human review and allocation decision.,Team Leader,OPEN,2025-04-11 08:08:00,HIGH_PRIORITY_UNALLOCATED
ALT-1830E571F071,SQ-005385,HIGH_PRIORITY_UNALLOCATED,CRITICAL,High-priority case is awaiting allocation to a social worker.,Immediate human review and allocation decision.,Team Leader,OPEN,2025-04-11 08:13:00,HIGH_PRIORITY_UNALLOCATED
ALT-32FA1CADB2B9,SQ-012332,PRIORITY_CHANGE_REVIEW,LOW,Case priority was manually changed by an authorised user.,Retain for audit review; no action required unless challenged.,Auditor,OPEN,2025-04-11 17:52:00,PRIORITY_CHANGED
ALT-FAA8AB1BF5CA,SQ-005516,HIGH_PRIORITY_UNALLOCATED,CRITICAL,High-priority case is awaiting allocation to a social worker.,Immediate human review and allocation decision.,Team Leader,OPEN,2025-04-11 20:44:00,HIGH_PRIORITY_UNALLOCATED
ALT-1BCB75E33F97,SQ-005551,SAFETY_REVIEW_OVERDUE,HIGH,Required safeguarding review was not completed by the due time.,Review the case and record the safeguarding action taken.,Team Leader,OPEN,2025-04-12 00:00:00,SAFETY_REVIEW_OVERDUE
ALT-DF8AB977D1FE,SQ-005551,ESCALATION_REQUIRED,HIGH,A safeguarding workflow escalation was triggered.,Team Leader must review the case and record the outcome.,Team Leader,OPEN,2025-04-12 00:05:00,ESCALATION_TRIGGERED
ALT-D9C01823FB93,SQ-005463,PRIORITY_CHANGE_REVIEW,LOW,Case priority was manually changed by an authorised user.,Retain for audit review; no action required unless challenged.,Auditor,OPEN,2025-04-12 08:23:00,PRIORITY_CHANGED
ALT-2107F593C28C,SQ-001301,PRIORITY_CHANGE_REVIEW,LOW,Case priority was manually changed by an authorised user.,Retain for audit review; no action required unless challenged.,Auditor,OPEN,2025-04-12 14:23:00,PRIORITY_CHANGED
ALT-9043DD2D5FCC,SQ-009245,PRIORITY_CHANGE_REVIEW,LOW,Case priority was manually changed by an authorised user.,Retain for audit review; no action required unless challenged.,Auditor,OPEN,2025-04-12 16:33:00,PRIORITY_CHANGED
ALT-07A2503ADB0F,SQ-001183,HIGH_PRIORITY_UNALLOCATED,CRITICAL,High-priority case is awaiting allocation to a social worker.,Immediate human review and allocation decision.,Team Leader,OPEN,2025-04-12 22:23:00,HIGH_PRIORITY_UNALLOCATED
ALT-305C0285972B,SQ-001184,SAFETY_REVIEW_OVERDUE,HIGH,Required safeguarding review was not completed by the due time.,Review the case and record the safeguarding action taken.,Team Leader,OPEN,2025-04-13 00:00:00,SAFETY_REVIEW_OVERDUE
ALT-7158AD6CDD58,SQ-001378,SAFETY_REVIEW_OVERDUE,HIGH,Required safeguarding review was not completed by the due time.,Review the case and record the safeguarding action taken.,Team Leader,OPEN,2025-04-13 00:00:00,SAFETY_REVIEW_OVERDUE
ALT-847EE360D5AE,SQ-005455,SAFETY_REVIEW_OVERDUE,HIGH,Required safeguarding review was not completed by the due time.,Review the case and record the safeguarding action taken.,Team Leader,OPEN,2025-04-13 00:00:00,SAFETY_REVIEW_OVERDUE
ALT-51A194DC01A5,SQ-001184,ESCALATION_REQUIRED,HIGH,A safeguarding workflow escalation was triggered.,Team Leader must review the case and record the outcome.,Team Leader,OPEN,2025-04-13 00:05:00,ESCALATION_TRIGGERED
ALT-F4F193B8FB47,SQ-001378,ESCALATION_REQUIRED,HIGH,A safeguarding workflow escalation was triggered.,Team Leader must review the case and record the outcome.,Team Leader,OPEN,2025-04-13 00:05:00,ESCALATION_TRIGGERED
ALT-0DBEFA91D5A9,SQ-005455,ESCALATION_REQUIRED,HIGH,A safeguarding workflow escalation was triggered.,Team Leader must review the case and record the outcome.,Team Leader,OPEN,2025-04-13 00:05:00,ESCALATION_TRIGGERED
ALT-6F1B13A42AD6,SQ-009137,HIGH_PRIORITY_UNALLOCATED,CRITICAL,High-priority case is awaiting allocation to a social worker.,Immediate human review and allocation decision.,Team Leader,OPEN,2025-04-13 10:06:00,HIGH_PRIORITY_UNALLOCATED
ALT-36B51E7F7C96,SQ-009108,PRIORITY_CHANGE_REVIEW,LOW,Case priority was manually changed by an authorised user.,Retain for audit review; no action required unless challenged.,Auditor,OPEN,2025-04-13 10:13:00,PRIORITY_CHANGED
ALT-4617B1E14FAE,SQ-005559,HIGH_PRIORITY_UNALLOCATED,CRITICAL,High-priority case is awaiting allocation to a social worker.,Immediate human review and allocation decision.,Team Leader,OPEN,2025-04-13 15:01:00,HIGH_PRIORITY_UNALLOCATED
ALT-45E1220C24B3,SQ-012272,HIGH_PRIORITY_UNALLOCATED,CRITICAL,High-priority case is awaiting allocation to a social worker.,Immediate human review and allocation decision.,Team Leader,OPEN,2025-04-13 15:24:00,HIGH_PRIORITY_UNALLOCATED
ALT-2C8E8DE28F39,SQ-001368,SAFETY_REVIEW_OVERDUE,HIGH,Required safeguarding review was not completed by the due time.,Review the case and record the safeguarding action taken.,Team Leader,OPEN,2025-04-14 00:00:00,SAFETY_REVIEW_OVERDUE
ALT-D3B0FAEEFF7A,SQ-012332,SAFETY_REVIEW_OVERDUE,HIGH,Required safeguarding review was not completed by the due time.,Review the case and record the safeguarding action taken.,Team Leader,OPEN,2025-04-14 00:00:00,SAFETY_REVIEW_OVERDUE
ALT-10EABE302D51,SQ-001368,ESCALATION_REQUIRED,HIGH,A safeguarding workflow escalation was triggered.,Team Leader must review the case and record the outcome.,Team Leader,OPEN,2025-04-14 00:05:00,ESCALATION_TRIGGERED
ALT-7C97B5275FA9,SQ-012332,ESCALATION_REQUIRED,HIGH,A safeguarding workflow escalation was triggered.,Team Leader must review the case and record the outcome.,Team Leader,OPEN,2025-04-14 00:05:00,ESCALATION_TRIGGERED
ALT-BFBF90EA23DD,SQ-001242,PRIORITY_CHANGE_REVIEW,LOW,Case priority was manually changed by an authorised user.,Retain for audit review; no action required unless challenged.,Auditor,OPEN,2025-04-14 10:39:00,PRIORITY_CHANGED
ALT-24E59BA5F0FA,SQ-005617,SAFETY_REVIEW_OVERDUE,HIGH,Required safeguarding review was not completed by the due time.,Review the case and record the safeguarding action taken.,Team Leader,OPEN,2025-04-15 00:00:00,SAFETY_REVIEW_OVERDUE
ALT-3181BBB443FA,SQ-009004,SAFETY_REVIEW_OVERDUE,HIGH,Required safeguarding review was not completed by the due time.,Review the case and record the safeguarding action taken.,Team Leader,OPEN,2025-04-15 00:00:00,SAFETY_REVIEW_OVERDUE
ALT-D967F81FD3EC,SQ-012288,SAFETY_REVIEW_OVERDUE,HIGH,Required safeguarding review was not completed by the due time.,Review the case and record the safeguarding action taken.,Team Leader,OPEN,2025-04-15 00:00:00,SAFETY_REVIEW_OVERDUE
ALT-CF008E767716,SQ-005617,ESCALATION_REQUIRED,HIGH,A safeguarding workflow escalation was triggered.,Team Leader must review the case and record the outcome.,Team Leader,OPEN,2025-04-15 00:05:00,ESCALATION_TRIGGERED
ALT-18415BF9BC1C,SQ-009004,ESCALATION_REQUIRED,HIGH,A safeguarding workflow escalation was triggered.,Team Leader must review the case and record the outcome.,Team Leader,OPEN,2025-04-15 00:05:00,ESCALATION_TRIGGERED
ALT-20BB1E706D01,SQ-012288,ESCALATION_REQUIRED,HIGH,A safeguarding workflow escalation was triggered.,Team Leader must review the case and record the outcome.,Team Leader,OPEN,2025-04-15 00:05:00,ESCALATION_TRIGGERED
ALT-428A8B104918,SQ-001161,HIGH_PRIORITY_UNALLOCATED,CRITICAL,High-priority case is awaiting allocation to a social worker.,Immediate human review and allocation decision.,Team Leader,OPEN,2025-04-15 10:04:00,HIGH_PRIORITY_UNALLOCATED
ALT-14DE2FD5538C,SQ-012265,PRIORITY_CHANGE_REVIEW,LOW,Case priority was manually changed by an authorised user.,Retain for audit review; no action required unless challenged.,Auditor,OPEN,2025-04-15 10:41:00,PRIORITY_CHANGED
ALT-0CF0BC9E7FC0,SQ-009172,PRIORITY_CHANGE_REVIEW,LOW,Case priority was manually changed by an authorised user.,Retain for audit review; no action required unless challenged.,Auditor,OPEN,2025-04-15 14:23:00,PRIORITY_CHANGED
ALT-9BE6ADEAE978,SQ-009191,HIGH_PRIORITY_UNALLOCATED,CRITICAL,High-priority case is awaiting allocation to a social worker.,Immediate human review and allocation decision.,Team Leader,OPEN,2025-04-15 15:26:00,HIGH_PRIORITY_UNALLOCATED
ALT-91A0DA57A96D,SQ-005633,SAFETY_REVIEW_OVERDUE,HIGH,Required safeguarding review was not completed by the due time.,Review the case and record the safeguarding action taken.,Team Leader,OPEN,2025-04-16 00:00:00,SAFETY_REVIEW_OVERDUE
ALT-703C86346737,SQ-009145,SAFETY_REVIEW_OVERDUE,HIGH,Required safeguarding review was not completed by the due time.,Review the case and record the safeguarding action taken.,Team Leader,OPEN,2025-04-16 00:00:00,SAFETY_REVIEW_OVERDUE
ALT-8AC0FD030DA6,SQ-005633,ESCALATION_REQUIRED,HIGH,A safeguarding workflow escalation was triggered.,Team Leader must review the case and record the outcome.,Team Leader,OPEN,2025-04-16 00:05:00,ESCALATION_TRIGGERED
ALT-0BDD62538934,SQ-009145,ESCALATION_REQUIRED,HIGH,A safeguarding workflow escalation was triggered.,Team Leader must review the case and record the outcome.,Team Leader,OPEN,2025-04-16 00:05:00,ESCALATION_TRIGGERED
ALT-036E092158DE,SQ-009062,HIGH_PRIORITY_UNALLOCATED,CRITICAL,High-priority case is awaiting allocation to a social worker.,Immediate human review and allocation decision.,Team Leader,OPEN,2025-04-16 17:56:00,HIGH_PRIORITY_UNALLOCATED
ALT-B673CF532509,SQ-001222,HIGH_PRIORITY_UNALLOCATED,CRITICAL,High-priority case is awaiting allocation to a social worker.,Immediate human review and allocation decision.,Team Leader,OPEN,2025-04-16 18:33:00,HIGH_PRIORITY_UNALLOCATED
ALT-212C0EE15DC7,SQ-005385,SAFETY_REVIEW_OVERDUE,HIGH,Required safeguarding review was not completed by the due time.,Review the case and record the safeguarding action taken.,Team Leader,OPEN,2025-04-17 00:00:00,SAFETY_REVIEW_OVERDUE
ALT-C7272C06AFCC,SQ-009054,SAFETY_REVIEW_OVERDUE,HIGH,Required safeguarding review was not completed by the due time.,Review the case and record the safeguarding action taken.,Team Leader,OPEN,2025-04-17 00:00:00,SAFETY_REVIEW_OVERDUE
ALT-216A12A81701,SQ-009149,SAFETY_REVIEW_OVERDUE,HIGH,Required safeguarding review was not completed by the due time.,Review the case and record the safeguarding action taken.,Team Leader,OPEN,2025-04-17 00:00:00,SAFETY_REVIEW_OVERDUE
ALT-FF91B0B1CB53,SQ-005385,ESCALATION_REQUIRED,HIGH,A safeguarding workflow escalation was triggered.,Team Leader must review the case and record the outcome.,Team Leader,OPEN,2025-04-17 00:05:00,ESCALATION_TRIGGERED
ALT-18C768432281,SQ-009054,ESCALATION_REQUIRED,HIGH,A safeguarding workflow escalation was triggered.,Team Leader must review the case and record the outcome.,Team Leader,OPEN,2025-04-17 00:05:00,ESCALATION_TRIGGERED
ALT-526388882AE5,SQ-009149,ESCALATION_REQUIRED,HIGH,A safeguarding workflow escalation was triggered.,Team Leader must review the case and record the outcome.,Team Leader,OPEN,2025-04-17 00:05:00,ESCALATION_TRIGGERED
ALT-C448F49515BA,SQ-001179,HIGH_PRIORITY_UNALLOCATED,CRITICAL,High-priority case is awaiting allocation to a social worker.,Immediate human review and allocation decision.,Team Leader,OPEN,2025-04-17 03:06:00,HIGH_PRIORITY_UNALLOCATED
ALT-40520D0F7365,SQ-001167,SAFETY_REVIEW_OVERDUE,HIGH,Required safeguarding review was not completed by the due time.,Review the case and record the safeguarding action taken.,Team Leader,OPEN,2025-04-18 00:00:00,SAFETY_REVIEW_OVERDUE
ALT-00216A7371C2,SQ-001183,SAFETY_REVIEW_OVERDUE,HIGH,Required safeguarding review was not completed by the due time.,Review the case and record the safeguarding action taken.,Team Leader,OPEN,2025-04-18 00:00:00,SAFETY_REVIEW_OVERDUE
ALT-0F2ABC47EE1D,SQ-005400,SAFETY_REVIEW_OVERDUE,HIGH,Required safeguarding review was not completed by the due time.,Review the case and record the safeguarding action taken.,Team Leader,OPEN,2025-04-18 00:00:00,SAFETY_REVIEW_OVERDUE
ALT-CD746DFE42D4,SQ-005505,SAFETY_REVIEW_OVERDUE,HIGH,Required safeguarding review was not completed by the due time.,Review the case and record the safeguarding action taken.,Team Leader,OPEN,2025-04-18 00:00:00,SAFETY_REVIEW_OVERDUE
ALT-2235FD765CE2,SQ-005602,SAFETY_REVIEW_OVERDUE,HIGH,Required safeguarding review was not completed by the due time.,Review the case and record the safeguarding action taken.,Team Leader,OPEN,2025-04-18 00:00:00,SAFETY_REVIEW_OVERDUE
ALT-FA9C19D95622,SQ-009008,SAFETY_REVIEW_OVERDUE,HIGH,Required safeguarding review was not completed by the due time.,Review the case and record the safeguarding action taken.,Team Leader,OPEN,2025-04-18 00:00:00,SAFETY_REVIEW_OVERDUE
ALT-EA3F53FE0F6E,SQ-001167,ESCALATION_REQUIRED,HIGH,A safeguarding workflow escalation was triggered.,Team Leader must review the case and record the outcome.,Team Leader,OPEN,2025-04-18 00:05:00,ESCALATION_TRIGGERED
ALT-FF7C267C502E,SQ-001183,ESCALATION_REQUIRED,HIGH,A safeguarding workflow escalation was triggered.,Team Leader must review the case and record the outcome.,Team Leader,OPEN,2025-04-18 00:05:00,ESCALATION_TRIGGERED
ALT-DE69232C6247,SQ-005400,ESCALATION_REQUIRED,HIGH,A safeguarding workflow escalation was triggered.,Team Leader must review the case and record the outcome.,Team Leader,OPEN,2025-04-18 00:05:00,ESCALATION_TRIGGERED
ALT-632464A9E51F,SQ-005505,ESCALATION_REQUIRED,HIGH,A safeguarding workflow escalation was triggered.,Team Leader must review the case and record the outcome.,Team Leader,OPEN,2025-04-18 00:05:00,ESCALATION_TRIGGERED
ALT-0B6DC62C1E88,SQ-005602,ESCALATION_REQUIRED,HIGH,A safeguarding workflow escalation was triggered.,Team Leader must review the case and record the outcome.,Team Leader,OPEN,2025-04-18 00:05:00,ESCALATION_TRIGGERED
ALT-E35E328C8A41,SQ-009008,ESCALATION_REQUIRED,HIGH,A safeguarding workflow escalation was triggered.,Team Leader must review the case and record the outcome.,Team Leader,OPEN,2025-04-18 00:05:00,ESCALATION_TRIGGERED
ALT-87650CAF8064,SQ-001337,HIGH_PRIORITY_UNALLOCATED,CRITICAL,High-priority case is awaiting allocation to a social worker.,Immediate human review and allocation decision.,Team Leader,OPEN,2025-04-18 13:27:00,HIGH_PRIORITY_UNALLOCATED
ALT-D7AF9669C199,SQ-001364,SAFETY_REVIEW_OVERDUE,HIGH,Required safeguarding review was not completed by the due time.,Review the case and record the safeguarding action taken.,Team Leader,OPEN,2025-04-19 00:00:00,SAFETY_REVIEW_OVERDUE
ALT-8096EF03FF91,SQ-009062,SAFETY_REVIEW_OVERDUE,HIGH,Required safeguarding review was not completed by the due time.,Review the case and record the safeguarding action taken.,Team Leader,OPEN,2025-04-19 00:00:00,SAFETY_REVIEW_OVERDUE
ALT-DE86965B4102,SQ-001364,ESCALATION_REQUIRED,HIGH,A safeguarding workflow escalation was triggered.,Team Leader must review the case and record the outcome.,Team Leader,OPEN,2025-04-19 00:05:00,ESCALATION_TRIGGERED
ALT-E5C85887E9B1,SQ-009062,ESCALATION_REQUIRED,HIGH,A safeguarding workflow escalation was triggered.,Team Leader must review the case and record the outcome.,Team Leader,OPEN,2025-04-19 00:05:00,ESCALATION_TRIGGERED
ALT-6016CF05B77B,SQ-001265,SAFETY_REVIEW_OVERDUE,HIGH,Required safeguarding review was not completed by the due time.,Review the case and record the safeguarding action taken.,Team Leader,OPEN,2025-04-20 00:00:00,SAFETY_REVIEW_OVERDUE
ALT-66411BB6E459,SQ-001380,SAFETY_REVIEW_OVERDUE,HIGH,Required safeguarding review was not completed by the due time.,Review the case and record the safeguarding action taken.,Team Leader,OPEN,2025-04-20 00:00:00,SAFETY_REVIEW_OVERDUE
ALT-4D100FD3D6CD,SQ-001265,ESCALATION_REQUIRED,HIGH,A safeguarding workflow escalation was triggered.,Team Leader must review the case and record the outcome.,Team Leader,OPEN,2025-04-20 00:05:00,ESCALATION_TRIGGERED
ALT-71C22ECCC436,SQ-001380,ESCALATION_REQUIRED,HIGH,A safeguarding workflow escalation was triggered.,Team Leader must review the case and record the outcome.,Team Leader,OPEN,2025-04-20 00:05:00,ESCALATION_TRIGGERED
ALT-B9C1FD0001F7,SQ-005493,PRIORITY_CHANGE_REVIEW,LOW,Case priority was manually changed by an authorised user.,Retain for audit review; no action required unless challenged.,Auditor,OPEN,2025-04-20 12:09:00,PRIORITY_CHANGED
ALT-54661EBAA91E,SQ-001275,SAFETY_REVIEW_OVERDUE,HIGH,Required safeguarding review was not completed by the due time.,Review the case and record the safeguarding action taken.,Team Leader,OPEN,2025-04-21 00:00:00,SAFETY_REVIEW_OVERDUE
ALT-5911FE19BBFB,SQ-001395,SAFETY_REVIEW_OVERDUE,HIGH,Required safeguarding review was not completed by the due time.,Review the case and record the safeguarding action taken.,Team Leader,OPEN,2025-04-21 00:00:00,SAFETY_REVIEW_OVERDUE
ALT-DD29816D49ED,SQ-009023,SAFETY_REVIEW_OVERDUE,HIGH,Required safeguarding review was not completed by the due time.,Review the case and record the safeguarding action taken.,Team Leader,OPEN,2025-04-21 00:00:00,SAFETY_REVIEW_OVERDUE
ALT-6661C8218300,SQ-012358,SAFETY_REVIEW_OVERDUE,HIGH,Required safeguarding review was not completed by the due time.,Review the case and record the safeguarding action taken.,Team Leader,OPEN,2025-04-21 00:00:00,SAFETY_REVIEW_OVERDUE
ALT-ED131813DA51,SQ-001275,ESCALATION_REQUIRED,HIGH,A safeguarding workflow escalation was triggered.,Team Leader must review the case and record the outcome.,Team Leader,OPEN,2025-04-21 00:05:00,ESCALATION_TRIGGERED
ALT-7FA3D8F6F2F4,SQ-001395,ESCALATION_REQUIRED,HIGH,A safeguarding workflow escalation was triggered.,Team Leader must review the case and record the outcome.,Team Leader,OPEN,2025-04-21 00:05:00,ESCALATION_TRIGGERED
ALT-725508C43181,SQ-009023,ESCALATION_REQUIRED,HIGH,A safeguarding workflow escalation was triggered.,Team Leader must review the case and record the outcome.,Team Leader,OPEN,2025-04-21 00:05:00,ESCALATION_TRIGGERED
ALT-AB7FA831A483,SQ-012358,ESCALATION_REQUIRED,HIGH,A safeguarding workflow escalation was triggered.,Team Leader must review the case and record the outcome.,Team Leader,OPEN,2025-04-21 00:05:00,ESCALATION_TRIGGERED
ALT-AB4CCFC22571,SQ-009257,HIGH_PRIORITY_UNALLOCATED,CRITICAL,High-priority case is awaiting allocation to a social worker.,Immediate human review and allocation decision.,Team Leader,OPEN,2025-04-21 12:58:00,HIGH_PRIORITY_UNALLOCATED
ALT-1DB676AFA675,SQ-005584,PRIORITY_CHANGE_REVIEW,LOW,Case priority was manually changed by an authorised user.,Retain for audit review; no action required unless challenged.,Auditor,OPEN,2025-04-21 17:38:00,PRIORITY_CHANGED
ALT-A02A61F12EAD,SQ-001161,SAFETY_REVIEW_OVERDUE,HIGH,Required safeguarding review was not completed by the due time.,Review the case and record the safeguarding action taken.,Team Leader,OPEN,2025-04-22 00:00:00,SAFETY_REVIEW_OVERDUE
ALT-A926E9011D55,SQ-009093,SAFETY_REVIEW_OVERDUE,HIGH,Required safeguarding review was not completed by the due time.,Review the case and record the safeguarding action taken.,Team Leader,OPEN,2025-04-22 00:00:00,SAFETY_REVIEW_OVERDUE
ALT-A8380312CC5D,SQ-012283,SAFETY_REVIEW_OVERDUE,HIGH,Required safeguarding review was not completed by the due time.,Review the case and record the safeguarding action taken.,Team Leader,OPEN,2025-04-22 00:00:00,SAFETY_REVIEW_OVERDUE
ALT-9FBF449E9B93,SQ-001161,ESCALATION_REQUIRED,HIGH,A safeguarding workflow escalation was triggered.,Team Leader must review the case and record the outcome.,Team Leader,OPEN,2025-04-22 00:05:00,ESCALATION_TRIGGERED
ALT-CDB72FB6012F,SQ-009093,ESCALATION_REQUIRED,HIGH,A safeguarding workflow escalation was triggered.,Team Leader must review the case and record the outcome.,Team Leader,OPEN,2025-04-22 00:05:00,ESCALATION_TRIGGERED
ALT-B4F3C0127976,SQ-012283,ESCALATION_REQUIRED,HIGH,A safeguarding workflow escalation was triggered.,Team Leader must review the case and record the outcome.,Team Leader,OPEN,2025-04-22 00:05:00,ESCALATION_TRIGGERED
ALT-25DBA085B742,SQ-001230,HIGH_PRIORITY_UNALLOCATED,CRITICAL,High-priority case is awaiting allocation to a social worker.,Immediate human review and allocation decision.,Team Leader,OPEN,2025-04-22 04:53:00,HIGH_PRIORITY_UNALLOCATED
ALT-FB0A42D3E563,SQ-012322,HIGH_PRIORITY_UNALLOCATED,CRITICAL,High-priority case is awaiting allocation to a social worker.,Immediate human review and allocation decision.,Team Leader,OPEN,2025-04-22 15:01:00,HIGH_PRIORITY_UNALLOCATED
ALT-65FC1D44AE89,SQ-005372,PRIORITY_CHANGE_REVIEW,LOW,Case priority was manually changed by an authorised user.,Retain for audit review; no action required unless challenged.,Auditor,OPEN,2025-04-22 17:08:00,PRIORITY_CHANGED
ALT-87184E83338D,SQ-005479,SAFETY_REVIEW_OVERDUE,HIGH,Required safeguarding review was not completed by the due time.,Review the case and record the safeguarding action taken.,Team Leader,OPEN,2025-04-23 00:00:00,SAFETY_REVIEW_OVERDUE
ALT-3ADAB8A9F5FE,SQ-009061,SAFETY_REVIEW_OVERDUE,HIGH,Required safeguarding review was not completed by the due time.,Review the case and record the safeguarding action taken.,Team Leader,OPEN,2025-04-23 00:00:00,SAFETY_REVIEW_OVERDUE
ALT-072F608D60F1,SQ-005479,ESCALATION_REQUIRED,HIGH,A safeguarding workflow escalation was triggered.,Team Leader must review the case and record the outcome.,Team Leader,OPEN,2025-04-23 00:05:00,ESCALATION_TRIGGERED
ALT-89007AF49CE2,SQ-009061,ESCALATION_REQUIRED,HIGH,A safeguarding workflow escalation was triggered.,Team Leader must review the case and record the outcome.,Team Leader,OPEN,2025-04-23 00:05:00,ESCALATION_TRIGGERED
ALT-507E86CFAAC6,SQ-005514,SAFETY_REVIEW_OVERDUE,HIGH,Required safeguarding review was not completed by the due time.,Review the case and record the safeguarding action taken.,Team Leader,OPEN,2025-04-24 00:00:00,SAFETY_REVIEW_OVERDUE
ALT-1A89BEF459BD,SQ-005546,SAFETY_REVIEW_OVERDUE,HIGH,Required safeguarding review was not completed by the due time.,Review the case and record the safeguarding action taken.,Team Leader,OPEN,2025-04-24 00:00:00,SAFETY_REVIEW_OVERDUE
ALT-E66EFA05EC45,SQ-005549,SAFETY_REVIEW_OVERDUE,HIGH,Required safeguarding review was not completed by the due time.,Review the case and record the safeguarding action taken.,Team Leader,OPEN,2025-04-24 00:00:00,SAFETY_REVIEW_OVERDUE
ALT-1FDF75511647,SQ-009047,SAFETY_REVIEW_OVERDUE,HIGH,Required safeguarding review was not completed by the due time.,Review the case and record the safeguarding action taken.,Team Leader,OPEN,2025-04-24 00:00:00,SAFETY_REVIEW_OVERDUE
ALT-47C0352CAE82,SQ-009196,SAFETY_REVIEW_OVERDUE,HIGH,Required safeguarding review was not completed by the due time.,Review the case and record the safeguarding action taken.,Team Leader,OPEN,2025-04-24 00:00:00,SAFETY_REVIEW_OVERDUE
ALT-825B9263E1C1,SQ-009229,SAFETY_REVIEW_OVERDUE,HIGH,Required safeguarding review was not completed by the due time.,Review the case and record the safeguarding action taken.,Team Leader,OPEN,2025-04-24 00:00:00,SAFETY_REVIEW_OVERDUE
ALT-B97303075F89,SQ-005514,ESCALATION_REQUIRED,HIGH,A safeguarding workflow escalation was triggered.,Team Leader must review the case and record the outcome.,Team Leader,OPEN,2025-04-24 00:05:00,ESCALATION_TRIGGERED
ALT-93ED62E31AB6,SQ-005546,ESCALATION_REQUIRED,HIGH,A safeguarding workflow escalation was triggered.,Team Leader must review the case and record the outcome.,Team Leader,OPEN,2025-04-24 00:05:00,ESCALATION_TRIGGERED
ALT-E6F5CE0A3838,SQ-005549,ESCALATION_REQUIRED,HIGH,A safeguarding workflow escalation was triggered.,Team Leader must review the case and record the outcome.,Team Leader,OPEN,2025-04-24 00:05:00,ESCALATION_TRIGGERED
ALT-B92775731C1C,SQ-009047,ESCALATION_REQUIRED,HIGH,A safeguarding workflow escalation was triggered.,Team Leader must review the case and record the outcome.,Team Leader,OPEN,2025-04-24 00:05:00,ESCALATION_TRIGGERED
ALT-0BC7729CABC4,SQ-009196,ESCALATION_REQUIRED,HIGH,A safeguarding workflow escalation was triggered.,Team Leader must review the case and record the outcome.,Team Leader,OPEN,2025-04-24 00:05:00,ESCALATION_TRIGGERED
ALT-1D11C29D9D79,SQ-009229,ESCALATION_REQUIRED,HIGH,A safeguarding workflow escalation was triggered.,Team Leader must review the case and record the outcome.,Team Leader,OPEN,2025-04-24 00:05:00,ESCALATION_TRIGGERED
ALT-768E65599409,SQ-009068,PRIORITY_CHANGE_REVIEW,LOW,Case priority was manually changed by an authorised user.,Retain for audit review; no action required unless challenged.,Auditor,OPEN,2025-04-25 09:52:00,PRIORITY_CHANGED
ALT-8A86E49D636C,SQ-001224,SAFETY_REVIEW_OVERDUE,HIGH,Required safeguarding review was not completed by the due time.,Review the case and record the safeguarding action taken.,Team Leader,OPEN,2025-04-26 00:00:00,SAFETY_REVIEW_OVERDUE
ALT-E47C23445B4A,SQ-012187,SAFETY_REVIEW_OVERDUE,HIGH,Required safeguarding review was not completed by the due time.,Review the case and record the safeguarding action taken.,Team Leader,OPEN,2025-04-26 00:00:00,SAFETY_REVIEW_OVERDUE
ALT-53FFDF552FFA,SQ-001224,ESCALATION_REQUIRED,HIGH,A safeguarding workflow escalation was triggered.,Team Leader must review the case and record the outcome.,Team Leader,OPEN,2025-04-26 00:05:00,ESCALATION_TRIGGERED
ALT-52DBFFCBE8AA,SQ-012187,ESCALATION_REQUIRED,HIGH,A safeguarding workflow escalation was triggered.,Team Leader must review the case and record the outcome.,Team Leader,OPEN,2025-04-26 00:05:00,ESCALATION_TRIGGERED
ALT-682BE0077316,SQ-001256,HIGH_PRIORITY_UNALLOCATED,CRITICAL,High-priority case is awaiting allocation to a social worker.,Immediate human review and allocation decision.,Team Leader,OPEN,2025-04-26 09:24:00,HIGH_PRIORITY_UNALLOCATED
ALT-AFB47678F315,SQ-009274,PRIORITY_CHANGE_REVIEW,LOW,Case priority was manually changed by an authorised user.,Retain for audit review; no action required unless challenged.,Auditor,OPEN,2025-04-26 13:11:00,PRIORITY_CHANGED
ALT-2555BA306250,SQ-001418,SAFETY_REVIEW_OVERDUE,HIGH,Required safeguarding review was not completed by the due time.,Review the case and record the safeguarding action taken.,Team Leader,OPEN,2025-04-27 00:00:00,SAFETY_REVIEW_OVERDUE
ALT-92D2479623FC,SQ-012243,SAFETY_REVIEW_OVERDUE,HIGH,Required safeguarding review was not completed by the due time.,Review the case and record the safeguarding action taken.,Team Leader,OPEN,2025-04-27 00:00:00,SAFETY_REVIEW_OVERDUE
ALT-E929136FEB13,SQ-001418,ESCALATION_REQUIRED,HIGH,A safeguarding workflow escalation was triggered.,Team Leader must review the case and record the outcome.,Team Leader,OPEN,2025-04-27 00:05:00,ESCALATION_TRIGGERED
ALT-C6E377EAE6C3,SQ-012243,ESCALATION_REQUIRED,HIGH,A safeguarding workflow escalation was triggered.,Team Leader must review the case and record the outcome.,Team Leader,OPEN,2025-04-27 00:05:00,ESCALATION_TRIGGERED
ALT-5FE16AAB2D5C,SQ-009073,HIGH_PRIORITY_UNALLOCATED,CRITICAL,High-priority case is awaiting allocation to a social worker.,Immediate human review and allocation decision.,Team Leader,OPEN,2025-04-27 05:39:00,HIGH_PRIORITY_UNALLOCATED
ALT-ADEDC706ED40,SQ-001145,HIGH_PRIORITY_UNALLOCATED,CRITICAL,High-priority case is awaiting allocation to a social worker.,Immediate human review and allocation decision.,Team Leader,OPEN,2025-04-27 07:07:00,HIGH_PRIORITY_UNALLOCATED
ALT-B5F6E1AF3F5C,SQ-001413,PRIORITY_CHANGE_REVIEW,LOW,Case priority was manually changed by an authorised user.,Retain for audit review; no action required unless challenged.,Auditor,OPEN,2025-04-27 08:26:00,PRIORITY_CHANGED
ALT-D31AB42F8FF2,SQ-001343,PRIORITY_CHANGE_REVIEW,LOW,Case priority was manually changed by an authorised user.,Retain for audit review; no action required unless challenged.,Auditor,OPEN,2025-04-27 09:39:00,PRIORITY_CHANGED
ALT-925284A0FC45,SQ-001229,SAFETY_REVIEW_OVERDUE,HIGH,Required safeguarding review was not completed by the due time.,Review the case and record the safeguarding action taken.,Team Leader,OPEN,2025-04-28 00:00:00,SAFETY_REVIEW_OVERDUE
ALT-41B90D81EEBB,SQ-005407,SAFETY_REVIEW_OVERDUE,HIGH,Required safeguarding review was not completed by the due time.,Review the case and record the safeguarding action taken.,Team Leader,OPEN,2025-04-28 00:00:00,SAFETY_REVIEW_OVERDUE
ALT-142FED06D3A9,SQ-009104,SAFETY_REVIEW_OVERDUE,HIGH,Required safeguarding review was not completed by the due time.,Review the case and record the safeguarding action taken.,Team Leader,OPEN,2025-04-28 00:00:00,SAFETY_REVIEW_OVERDUE
ALT-CAF118367AE3,SQ-009148,SAFETY_REVIEW_OVERDUE,HIGH,Required safeguarding review was not completed by the due time.,Review the case and record the safeguarding action taken.,Team Leader,OPEN,2025-04-28 00:00:00,SAFETY_REVIEW_OVERDUE
ALT-28702142F38A,SQ-001229,ESCALATION_REQUIRED,HIGH,A safeguarding workflow escalation was triggered.,Team Leader must review the case and record the outcome.,Team Leader,OPEN,2025-04-28 00:05:00,ESCALATION_TRIGGERED
ALT-1DD0AD4E414D,SQ-005407,ESCALATION_REQUIRED,HIGH,A safeguarding workflow escalation was triggered.,Team Leader must review the case and record the outcome.,Team Leader,OPEN,2025-04-28 00:05:00,ESCALATION_TRIGGERED
ALT-93355FE786F3,SQ-009104,ESCALATION_REQUIRED,HIGH,A safeguarding workflow escalation was triggered.,Team Leader must review the case and record the outcome.,Team Leader,OPEN,2025-04-28 00:05:00,ESCALATION_TRIGGERED
ALT-9E06068A00A7,SQ-009148,ESCALATION_REQUIRED,HIGH,A safeguarding workflow escalation was triggered.,Team Leader must review the case and record the outcome.,Team Leader,OPEN,2025-04-28 00:05:00,ESCALATION_TRIGGERED
ALT-67823BC79706,SQ-001338,HIGH_PRIORITY_UNALLOCATED,CRITICAL,High-priority case is awaiting allocation to a social worker.,Immediate human review and allocation decision.,Team Leader,OPEN,2025-04-28 09:27:00,HIGH_PRIORITY_UNALLOCATED
ALT-6C371C8967D4,SQ-005553,HIGH_PRIORITY_UNALLOCATED,CRITICAL,High-priority case is awaiting allocation to a social worker.,Immediate human review and allocation decision.,Team Leader,OPEN,2025-04-28 10:57:00,HIGH_PRIORITY_UNALLOCATED
ALT-FEC96BE4BD8B,SQ-005498,HIGH_PRIORITY_UNALLOCATED,CRITICAL,High-priority case is awaiting allocation to a social worker.,Immediate human review and allocation decision.,Team Leader,OPEN,2025-04-28 11:30:00,HIGH_PRIORITY_UNALLOCATED
ALT-1880F13374ED,SQ-005384,HIGH_PRIORITY_UNALLOCATED,CRITICAL,High-priority case is awaiting allocation to a social worker.,Immediate human review and allocation decision.,Team Leader,OPEN,2025-04-28 14:42:00,HIGH_PRIORITY_UNALLOCATED
ALT-72E844F56E46,SQ-012230,PRIORITY_CHANGE_REVIEW,LOW,Case priority was manually changed by an authorised user.,Retain for audit review; no action required unless challenged.,Auditor,OPEN,2025-04-28 17:48:00,PRIORITY_CHANGED
ALT-BFE01E42BC3B,SQ-001085,SAFETY_REVIEW_OVERDUE,HIGH,Required safeguarding review was not completed by the due time.,Review the case and record the safeguarding action taken.,Team Leader,OPEN,2025-04-29 00:00:00,SAFETY_REVIEW_OVERDUE
ALT-D73996CF5FBB,SQ-005425,SAFETY_REVIEW_OVERDUE,HIGH,Required safeguarding review was not completed by the due time.,Review the case and record the safeguarding action taken.,Team Leader,OPEN,2025-04-29 00:00:00,SAFETY_REVIEW_OVERDUE
ALT-2075B33D6766,SQ-001085,ESCALATION_REQUIRED,HIGH,A safeguarding workflow escalation was triggered.,Team Leader must review the case and record the outcome.,Team Leader,OPEN,2025-04-29 00:05:00,ESCALATION_TRIGGERED
ALT-E01C2615F86F,SQ-005425,ESCALATION_REQUIRED,HIGH,A safeguarding workflow escalation was triggered.,Team Leader must review the case and record the outcome.,Team Leader,OPEN,2025-04-29 00:05:00,ESCALATION_TRIGGERED
ALT-9E523C893D7B,SQ-009214,HIGH_PRIORITY_UNALLOCATED,CRITICAL,High-priority case is awaiting allocation to a social worker.,Immediate human review and allocation decision.,Team Leader,OPEN,2025-04-29 20:00:00,HIGH_PRIORITY_UNALLOCATED
ALT-220672859C64,SQ-001234,SAFETY_REVIEW_OVERDUE,HIGH,Required safeguarding review was not completed by the due time.,Review the case and record the safeguarding action taken.,Team Leader,OPEN,2025-04-30 00:00:00,SAFETY_REVIEW_OVERDUE
ALT-BEAD82F9CA0C,SQ-005384,SAFETY_REVIEW_OVERDUE,HIGH,Required safeguarding review was not completed by the due time.,Review the case and record the safeguarding action taken.,Team Leader,OPEN,2025-04-30 00:00:00,SAFETY_REVIEW_OVERDUE
ALT-F7106DE423B8,SQ-012191,SAFETY_REVIEW_OVERDUE,HIGH,Required safeguarding review was not completed by the due time.,Review the case and record the safeguarding action taken.,Team Leader,OPEN,2025-04-30 00:00:00,SAFETY_REVIEW_OVERDUE
ALT-CB2DC00E3856,SQ-001234,ESCALATION_REQUIRED,HIGH,A safeguarding workflow escalation was triggered.,Team Leader must review the case and record the outcome.,Team Leader,OPEN,2025-04-30 00:05:00,ESCALATION_TRIGGERED
ALT-AE3893D2E564,SQ-005384,ESCALATION_REQUIRED,HIGH,A safeguarding workflow escalation was triggered.,Team Leader must review the case and record the outcome.,Team Leader,OPEN,2025-04-30 00:05:00,ESCALATION_TRIGGERED
ALT-0708EA41EC54,SQ-012191,ESCALATION_REQUIRED,HIGH,A safeguarding workflow escalation was triggered.,Team Leader must review the case and record the outcome.,Team Leader,OPEN,2025-04-30 00:05:00,ESCALATION_TRIGGERED
ALT-EAD09C82FC51,SQ-005675,HIGH_PRIORITY_UNALLOCATED,CRITICAL,High-priority case is awaiting allocation to a social worker.,Immediate human review and allocation decision.,Team Leader,OPEN,2025-04-30 08:02:00,HIGH_PRIORITY_UNALLOCATED
ALT-C619E78A8AB5,SQ-005540,PRIORITY_CHANGE_REVIEW,LOW,Case priority was manually changed by an authorised user.,Retain for audit review; no action required unless challenged.,Auditor,OPEN,2025-04-30 12:04:00,PRIORITY_CHANGED
ALT-8B4CF01EB61E,SQ-009032,HIGH_PRIORITY_UNALLOCATED,CRITICAL,High-priority case is awaiting allocation to a social worker.,Immediate human review and allocation decision.,Team Leader,OPEN,2025-04-30 15:32:00,HIGH_PRIORITY_UNALLOCATED
ALT-B4C701C9AEBD,SQ-009002,HIGH_PRIORITY_UNALLOCATED,CRITICAL,High-priority case is awaiting allocation to a social worker.,Immediate human review and allocation decision.,Team Leader,OPEN,2025-05-01 01:03:00,HIGH_PRIORITY_UNALLOCATED
ALT-237064F0D553,SQ-001403,HIGH_PRIORITY_UNALLOCATED,CRITICAL,High-priority case is awaiting allocation to a social worker.,Immediate human review and allocation decision.,Team Leader,OPEN,2025-05-01 14:29:00,HIGH_PRIORITY_UNALLOCATED
ALT-1EDC7E1D811F,SQ-001331,PRIORITY_CHANGE_REVIEW,LOW,Case priority was manually changed by an authorised user.,Retain for audit review; no action required unless challenged.,Auditor,OPEN,2025-05-01 15:11:00,PRIORITY_CHANGED
ALT-31F4930B7CC8,SQ-001437,HIGH_PRIORITY_UNALLOCATED,CRITICAL,High-priority case is awaiting allocation to a social worker.,Immediate human review and allocation decision.,Team Leader,OPEN,2025-05-02 13:54:00,HIGH_PRIORITY_UNALLOCATED
ALT-E4F99A1905B9,SQ-001694,HIGH_PRIORITY_UNALLOCATED,CRITICAL,High-priority case is awaiting allocation to a social worker.,Immediate human review and allocation decision.,Team Leader,OPEN,2025-05-02 17:20:00,HIGH_PRIORITY_UNALLOCATED
ALT-C7470705BB4D,SQ-012453,HIGH_PRIORITY_UNALLOCATED,CRITICAL,High-priority case is awaiting allocation to a social worker.,Immediate human review and allocation decision.,Team Leader,OPEN,2025-05-02 19:13:00,HIGH_PRIORITY_UNALLOCATED
ALT-DBCB6F2DEA05,SQ-001788,HIGH_PRIORITY_UNALLOCATED,CRITICAL,High-priority case is awaiting allocation to a social worker.,Immediate human review and allocation decision.,Team Leader,OPEN,2025-05-03 02:45:00,HIGH_PRIORITY_UNALLOCATED
ALT-072091316A99,SQ-001469,HIGH_PRIORITY_UNALLOCATED,CRITICAL,High-priority case is awaiting allocation to a social worker.,Immediate human review and allocation decision.,Team Leader,OPEN,2025-05-03 08:50:00,HIGH_PRIORITY_UNALLOCATED
ALT-38A443CE5F46,SQ-012249,PRIORITY_CHANGE_REVIEW,LOW,Case priority was manually changed by an authorised user.,Retain for audit review; no action required unless challenged.,Auditor,OPEN,2025-05-03 13:54:00,PRIORITY_CHANGED
ALT-2A60D8204212,SQ-001781,HIGH_PRIORITY_UNALLOCATED,CRITICAL,High-priority case is awaiting allocation to a social worker.,Immediate human review and allocation decision.,Team Leader,OPEN,2025-05-04 03:50:00,HIGH_PRIORITY_UNALLOCATED
ALT-F196480CB10D,SQ-001713,HIGH_PRIORITY_UNALLOCATED,CRITICAL,High-priority case is awaiting allocation to a social worker.,Immediate human review and allocation decision.,Team Leader,OPEN,2025-05-04 10:12:00,HIGH_PRIORITY_UNALLOCATED
ALT-EF26FF7E279F,SQ-005776,PRIORITY_CHANGE_REVIEW,LOW,Case priority was manually changed by an authorised user.,Retain for audit review; no action required unless challenged.,Auditor,OPEN,2025-05-04 15:20:00,PRIORITY_CHANGED
ALT-7F99378BFEA0,SQ-001788,SAFETY_REVIEW_OVERDUE,HIGH,Required safeguarding review was not completed by the due time.,Review the case and record the safeguarding action taken.,Team Leader,OPEN,2025-05-05 00:00:00,SAFETY_REVIEW_OVERDUE
ALT-AA9CFED11B10,SQ-012434,SAFETY_REVIEW_OVERDUE,HIGH,Required safeguarding review was not completed by the due time.,Review the case and record the safeguarding action taken.,Team Leader,OPEN,2025-05-05 00:00:00,SAFETY_REVIEW_OVERDUE
ALT-845EBA46D40A,SQ-001788,ESCALATION_REQUIRED,HIGH,A safeguarding workflow escalation was triggered.,Team Leader must review the case and record the outcome.,Team Leader,OPEN,2025-05-05 00:05:00,ESCALATION_TRIGGERED
ALT-8A8892CF0F1A,SQ-012434,ESCALATION_REQUIRED,HIGH,A safeguarding workflow escalation was triggered.,Team Leader must review the case and record the outcome.,Team Leader,OPEN,2025-05-05 00:05:00,ESCALATION_TRIGGERED
ALT-19C55CE8E6BE,SQ-012420,PRIORITY_CHANGE_REVIEW,LOW,Case priority was manually changed by an authorised user.,Retain for audit review; no action required unless challenged.,Auditor,OPEN,2025-05-05 16:09:00,PRIORITY_CHANGED
ALT-E992AD038AA3,SQ-009517,PRIORITY_CHANGE_REVIEW,LOW,Case priority was manually changed by an authorised user.,Retain for audit review; no action required unless challenged.,Auditor,OPEN,2025-05-05 17:33:00,PRIORITY_CHANGED
ALT-833B474E454E,SQ-001782,SAFETY_REVIEW_OVERDUE,HIGH,Required safeguarding review was not completed by the due time.,Review the case and record the safeguarding action taken.,Team Leader,OPEN,2025-05-06 00:00:00,SAFETY_REVIEW_OVERDUE
ALT-F0FBC9FF9E42,SQ-001782,ESCALATION_REQUIRED,HIGH,A safeguarding workflow escalation was triggered.,Team Leader must review the case and record the outcome.,Team Leader,OPEN,2025-05-06 00:05:00,ESCALATION_TRIGGERED
ALT-EA5B3671BEE6,SQ-009293,HIGH_PRIORITY_UNALLOCATED,CRITICAL,High-priority case is awaiting allocation to a social worker.,Immediate human review and allocation decision.,Team Leader,OPEN,2025-05-06 05:14:00,HIGH_PRIORITY_UNALLOCATED
ALT-F2712DC16C3E,SQ-009096,PRIORITY_CHANGE_REVIEW,LOW,Case priority was manually changed by an authorised user.,Retain for audit review; no action required unless challenged.,Auditor,OPEN,2025-05-06 17:42:00,PRIORITY_CHANGED
ALT-C42D9E9CF3A3,SQ-001503,HIGH_PRIORITY_UNALLOCATED,CRITICAL,High-priority case is awaiting allocation to a social worker.,Immediate human review and allocation decision.,Team Leader,OPEN,2025-05-06 19:08:00,HIGH_PRIORITY_UNALLOCATED
ALT-5F88ECC1759A,SQ-001456,SAFETY_REVIEW_OVERDUE,HIGH,Required safeguarding review was not completed by the due time.,Review the case and record the safeguarding action taken.,Team Leader,OPEN,2025-05-07 00:00:00,SAFETY_REVIEW_OVERDUE
ALT-4C7D23574FA0,SQ-001497,SAFETY_REVIEW_OVERDUE,HIGH,Required safeguarding review was not completed by the due time.,Review the case and record the safeguarding action taken.,Team Leader,OPEN,2025-05-07 00:00:00,SAFETY_REVIEW_OVERDUE
ALT-347A52385A4D,SQ-001456,ESCALATION_REQUIRED,HIGH,A safeguarding workflow escalation was triggered.,Team Leader must review the case and record the outcome.,Team Leader,OPEN,2025-05-07 00:05:00,ESCALATION_TRIGGERED
ALT-4B42C53E5F5D,SQ-001497,ESCALATION_REQUIRED,HIGH,A safeguarding workflow escalation was triggered.,Team Leader must review the case and record the outcome.,Team Leader,OPEN,2025-05-07 00:05:00,ESCALATION_TRIGGERED
ALT-7D220E2BCCF1,SQ-001715,HIGH_PRIORITY_UNALLOCATED,CRITICAL,High-priority case is awaiting allocation to a social worker.,Immediate human review and allocation decision.,Team Leader,OPEN,2025-05-07 02:46:00,HIGH_PRIORITY_UNALLOCATED
ALT-58823F9E2325,SQ-012434,PRIORITY_CHANGE_REVIEW,LOW,Case priority was manually changed by an authorised user.,Retain for audit review; no action required unless challenged.,Auditor,OPEN,2025-05-07 10:03:00,PRIORITY_CHANGED
ALT-A7D9FC59353E,SQ-009546,PRIORITY_CHANGE_REVIEW,LOW,Case priority was manually changed by an authorised user.,Retain for audit review; no action required unless challenged.,Auditor,OPEN,2025-05-08 09:58:00,PRIORITY_CHANGED
ALT-4DFD2F0756C0,SQ-001781,SAFETY_REVIEW_OVERDUE,HIGH,Required safeguarding review was not completed by the due time.,Review the case and record the safeguarding action taken.,Team Leader,OPEN,2025-05-09 00:00:00,SAFETY_REVIEW_OVERDUE
ALT-894197BD6AC6,SQ-009426,SAFETY_REVIEW_OVERDUE,HIGH,Required safeguarding review was not completed by the due time.,Review the case and record the safeguarding action taken.,Team Leader,OPEN,2025-05-09 00:00:00,SAFETY_REVIEW_OVERDUE
ALT-5EF47A75D919,SQ-012441,SAFETY_REVIEW_OVERDUE,HIGH,Required safeguarding review was not completed by the due time.,Review the case and record the safeguarding action taken.,Team Leader,OPEN,2025-05-09 00:00:00,SAFETY_REVIEW_OVERDUE
ALT-8DF8C2D410A8,SQ-012443,SAFETY_REVIEW_OVERDUE,HIGH,Required safeguarding review was not completed by the due time.,Review the case and record the safeguarding action taken.,Team Leader,OPEN,2025-05-09 00:00:00,SAFETY_REVIEW_OVERDUE
ALT-3A5FDEC2A130,SQ-012490,SAFETY_REVIEW_OVERDUE,HIGH,Required safeguarding review was not completed by the due time.,Review the case and record the safeguarding action taken.,Team Leader,OPEN,2025-05-09 00:00:00,SAFETY_REVIEW_OVERDUE
ALT-F0CF31F3D166,SQ-001781,ESCALATION_REQUIRED,HIGH,A safeguarding workflow escalation was triggered.,Team Leader must review the case and record the outcome.,Team Leader,OPEN,2025-05-09 00:05:00,ESCALATION_TRIGGERED
ALT-BF4ABE43A450,SQ-009426,ESCALATION_REQUIRED,HIGH,A safeguarding workflow escalation was triggered.,Team Leader must review the case and record the outcome.,Team Leader,OPEN,2025-05-09 00:05:00,ESCALATION_TRIGGERED
ALT-F8AC41D139EC,SQ-012441,ESCALATION_REQUIRED,HIGH,A safeguarding workflow escalation was triggered.,Team Leader must review the case and record the outcome.,Team Leader,OPEN,2025-05-09 00:05:00,ESCALATION_TRIGGERED
ALT-981F3E737068,SQ-012443,ESCALATION_REQUIRED,HIGH,A safeguarding workflow escalation was triggered.,Team Leader must review the case and record the outcome.,Team Leader,OPEN,2025-05-09 00:05:00,ESCALATION_TRIGGERED
ALT-2A89F92F6D5F,SQ-012490,ESCALATION_REQUIRED,HIGH,A safeguarding workflow escalation was triggered.,Team Leader must review the case and record the outcome.,Team Leader,OPEN,2025-05-09 00:05:00,ESCALATION_TRIGGERED
ALT-F4CADBCCCC4F,SQ-001456,PRIORITY_CHANGE_REVIEW,LOW,Case priority was manually changed by an authorised user.,Retain for audit review; no action required unless challenged.,Auditor,OPEN,2025-05-09 09:19:00,PRIORITY_CHANGED
ALT-6C874DB78D10,SQ-009446,HIGH_PRIORITY_UNALLOCATED,CRITICAL,High-priority case is awaiting allocation to a social worker.,Immediate human review and allocation decision.,Team Leader,OPEN,2025-05-10 04:22:00,HIGH_PRIORITY_UNALLOCATED
ALT-970EA3DE3A9A,SQ-005703,PRIORITY_CHANGE_REVIEW,LOW,Case priority was manually changed by an authorised user.,Retain for audit review; no action required unless challenged.,Auditor,OPEN,2025-05-10 09:31:00,PRIORITY_CHANGED
ALT-D721648D53F5,SQ-005852,HIGH_PRIORITY_UNALLOCATED,CRITICAL,High-priority case is awaiting allocation to a social worker.,Immediate human review and allocation decision.,Team Leader,OPEN,2025-05-10 17:34:00,HIGH_PRIORITY_UNALLOCATED
ALT-3AFD858EB886,SQ-001668,SAFETY_REVIEW_OVERDUE,HIGH,Required safeguarding review was not completed by the due time.,Review the case and record the safeguarding action taken.,Team Leader,OPEN,2025-05-11 00:00:00,SAFETY_REVIEW_OVERDUE
ALT-786176CB53CC,SQ-001668,ESCALATION_REQUIRED,HIGH,A safeguarding workflow escalation was triggered.,Team Leader must review the case and record the outcome.,Team Leader,OPEN,2025-05-11 00:05:00,ESCALATION_TRIGGERED
ALT-17AF16204B54,SQ-009446,PRIORITY_CHANGE_REVIEW,LOW,Case priority was manually changed by an authorised user.,Retain for audit review; no action required unless challenged.,Auditor,OPEN,2025-05-11 12:46:00,PRIORITY_CHANGED
ALT-53BDD5DD6EF2,SQ-001715,SAFETY_REVIEW_OVERDUE,HIGH,Required safeguarding review was not completed by the due time.,Review the case and record the safeguarding action taken.,Team Leader,OPEN,2025-05-12 00:00:00,SAFETY_REVIEW_OVERDUE
ALT-B4D0AF432C23,SQ-009378,SAFETY_REVIEW_OVERDUE,HIGH,Required safeguarding review was not completed by the due time.,Review the case and record the safeguarding action taken.,Team Leader,OPEN,2025-05-12 00:00:00,SAFETY_REVIEW_OVERDUE
ALT-473F0C14A050,SQ-009522,SAFETY_REVIEW_OVERDUE,HIGH,Required safeguarding review was not completed by the due time.,Review the case and record the safeguarding action taken.,Team Leader,OPEN,2025-05-12 00:00:00,SAFETY_REVIEW_OVERDUE
ALT-DF13ED7DB041,SQ-009549,SAFETY_REVIEW_OVERDUE,HIGH,Required safeguarding review was not completed by the due time.,Review the case and record the safeguarding action taken.,Team Leader,OPEN,2025-05-12 00:00:00,SAFETY_REVIEW_OVERDUE
ALT-4D99CC7CE02F,SQ-001715,ESCALATION_REQUIRED,HIGH,A safeguarding workflow escalation was triggered.,Team Leader must review the case and record the outcome.,Team Leader,OPEN,2025-05-12 00:05:00,ESCALATION_TRIGGERED
ALT-EBC4CAED7C98,SQ-009378,ESCALATION_REQUIRED,HIGH,A safeguarding workflow escalation was triggered.,Team Leader must review the case and record the outcome.,Team Leader,OPEN,2025-05-12 00:05:00,ESCALATION_TRIGGERED
ALT-BF4208E41C6F,SQ-009522,ESCALATION_REQUIRED,HIGH,A safeguarding workflow escalation was triggered.,Team Leader must review the case and record the outcome.,Team Leader,OPEN,2025-05-12 00:05:00,ESCALATION_TRIGGERED
ALT-579B6FE5B866,SQ-009549,ESCALATION_REQUIRED,HIGH,A safeguarding workflow escalation was triggered.,Team Leader must review the case and record the outcome.,Team Leader,OPEN,2025-05-12 00:05:00,ESCALATION_TRIGGERED
ALT-CE3D6DA2E2BF,SQ-009479,HIGH_PRIORITY_UNALLOCATED,CRITICAL,High-priority case is awaiting allocation to a social worker.,Immediate human review and allocation decision.,Team Leader,OPEN,2025-05-12 16:10:00,HIGH_PRIORITY_UNALLOCATED
ALT-BF25381D7942,SQ-009295,HIGH_PRIORITY_UNALLOCATED,CRITICAL,High-priority case is awaiting allocation to a social worker.,Immediate human review and allocation decision.,Team Leader,OPEN,2025-05-12 21:04:00,HIGH_PRIORITY_UNALLOCATED
ALT-EB9FBED42590,SQ-001503,SAFETY_REVIEW_OVERDUE,HIGH,Required safeguarding review was not completed by the due time.,Review the case and record the safeguarding action taken.,Team Leader,OPEN,2025-05-13 00:00:00,SAFETY_REVIEW_OVERDUE
ALT-C06A6EF7DC88,SQ-009293,SAFETY_REVIEW_OVERDUE,HIGH,Required safeguarding review was not completed by the due time.,Review the case and record the safeguarding action taken.,Team Leader,OPEN,2025-05-13 00:00:00,SAFETY_REVIEW_OVERDUE
ALT-5A62837BDC15,SQ-009518,SAFETY_REVIEW_OVERDUE,HIGH,Required safeguarding review was not completed by the due time.,Review the case and record the safeguarding action taken.,Team Leader,OPEN,2025-05-13 00:00:00,SAFETY_REVIEW_OVERDUE
ALT-9FC5BD5773BF,SQ-001503,ESCALATION_REQUIRED,HIGH,A safeguarding workflow escalation was triggered.,Team Leader must review the case and record the outcome.,Team Leader,OPEN,2025-05-13 00:05:00,ESCALATION_TRIGGERED
ALT-5129E6498005,SQ-009293,ESCALATION_REQUIRED,HIGH,A safeguarding workflow escalation was triggered.,Team Leader must review the case and record the outcome.,Team Leader,OPEN,2025-05-13 00:05:00,ESCALATION_TRIGGERED
ALT-82803650EBF5,SQ-009518,ESCALATION_REQUIRED,HIGH,A safeguarding workflow escalation was triggered.,Team Leader must review the case and record the outcome.,Team Leader,OPEN,2025-05-13 00:05:00,ESCALATION_TRIGGERED
ALT-3C5FB37AC564,SQ-001629,HIGH_PRIORITY_UNALLOCATED,CRITICAL,High-priority case is awaiting allocation to a social worker.,Immediate human review and allocation decision.,Team Leader,OPEN,2025-05-13 12:11:00,HIGH_PRIORITY_UNALLOCATED
ALT-752108D9575E,SQ-001667,HIGH_PRIORITY_UNALLOCATED,CRITICAL,High-priority case is awaiting allocation to a social worker.,Immediate human review and allocation decision.,Team Leader,OPEN,2025-05-13 20:14:00,HIGH_PRIORITY_UNALLOCATED
ALT-DFF6483CD356,SQ-001690,PRIORITY_CHANGE_REVIEW,LOW,Case priority was manually changed by an authorised user.,Retain for audit review; no action required unless challenged.,Auditor,OPEN,2025-05-14 10:45:00,PRIORITY_CHANGED
ALT-C5FAA668CD96,SQ-009310,SAFETY_REVIEW_OVERDUE,HIGH,Required safeguarding review was not completed by the due time.,Review the case and record the safeguarding action taken.,Team Leader,OPEN,2025-05-15 00:00:00,SAFETY_REVIEW_OVERDUE
ALT-2584D658778F,SQ-009310,ESCALATION_REQUIRED,HIGH,A safeguarding workflow escalation was triggered.,Team Leader must review the case and record the outcome.,Team Leader,OPEN,2025-05-15 00:05:00,ESCALATION_TRIGGERED
ALT-317E8A46B9F0,SQ-009389,HIGH_PRIORITY_UNALLOCATED,CRITICAL,High-priority case is awaiting allocation to a social worker.,Immediate human review and allocation decision.,Team Leader,OPEN,2025-05-15 04:02:00,HIGH_PRIORITY_UNALLOCATED
ALT-9166B91732E9,SQ-001438,HIGH_PRIORITY_UNALLOCATED,CRITICAL,High-priority case is awaiting allocation to a social worker.,Immediate human review and allocation decision.,Team Leader,OPEN,2025-05-15 05:07:00,HIGH_PRIORITY_UNALLOCATED
ALT-33FDF2DAD7AA,SQ-009515,SAFETY_REVIEW_OVERDUE,HIGH,Required safeguarding review was not completed by the due time.,Review the case and record the safeguarding action taken.,Team Leader,OPEN,2025-05-16 00:00:00,SAFETY_REVIEW_OVERDUE
ALT-4B6A37DF1F39,SQ-009515,ESCALATION_REQUIRED,HIGH,A safeguarding workflow escalation was triggered.,Team Leader must review the case and record the outcome.,Team Leader,OPEN,2025-05-16 00:05:00,ESCALATION_TRIGGERED
ALT-7738BB42E118,SQ-005719,HIGH_PRIORITY_UNALLOCATED,CRITICAL,High-priority case is awaiting allocation to a social worker.,Immediate human review and allocation decision.,Team Leader,OPEN,2025-05-16 11:08:00,HIGH_PRIORITY_UNALLOCATED
ALT-62F1F21AEA4B,SQ-009307,HIGH_PRIORITY_UNALLOCATED,CRITICAL,High-priority case is awaiting allocation to a social worker.,Immediate human review and allocation decision.,Team Leader,OPEN,2025-05-16 11:56:00,HIGH_PRIORITY_UNALLOCATED
ALT-2D9DDE5ACC29,SQ-001737,HIGH_PRIORITY_UNALLOCATED,CRITICAL,High-priority case is awaiting allocation to a social worker.,Immediate human review and allocation decision.,Team Leader,OPEN,2025-05-16 14:35:00,HIGH_PRIORITY_UNALLOCATED
ALT-B6B1C7611F1C,SQ-009495,HIGH_PRIORITY_UNALLOCATED,CRITICAL,High-priority case is awaiting allocation to a social worker.,Immediate human review and allocation decision.,Team Leader,OPEN,2025-05-16 15:20:00,HIGH_PRIORITY_UNALLOCATED
ALT-BB46FA8BD7BF,SQ-009490,HIGH_PRIORITY_UNALLOCATED,CRITICAL,High-priority case is awaiting allocation to a social worker.,Immediate human review and allocation decision.,Team Leader,OPEN,2025-05-16 19:44:00,HIGH_PRIORITY_UNALLOCATED
ALT-99393D380233,SQ-009412,SAFETY_REVIEW_OVERDUE,HIGH,Required safeguarding review was not completed by the due time.,Review the case and record the safeguarding action taken.,Team Leader,OPEN,2025-05-17 00:00:00,SAFETY_REVIEW_OVERDUE
ALT-4B669D6DE00B,SQ-009484,SAFETY_REVIEW_OVERDUE,HIGH,Required safeguarding review was not completed by the due time.,Review the case and record the safeguarding action taken.,Team Leader,OPEN,2025-05-17 00:00:00,SAFETY_REVIEW_OVERDUE
ALT-3E8148D9E9FA,SQ-012544,SAFETY_REVIEW_OVERDUE,HIGH,Required safeguarding review was not completed by the due time.,Review the case and record the safeguarding action taken.,Team Leader,OPEN,2025-05-17 00:00:00,SAFETY_REVIEW_OVERDUE
ALT-FD54DE932D8E,SQ-009412,ESCALATION_REQUIRED,HIGH,A safeguarding workflow escalation was triggered.,Team Leader must review the case and record the outcome.,Team Leader,OPEN,2025-05-17 00:05:00,ESCALATION_TRIGGERED
ALT-48B1180F6731,SQ-009484,ESCALATION_REQUIRED,HIGH,A safeguarding workflow escalation was triggered.,Team Leader must review the case and record the outcome.,Team Leader,OPEN,2025-05-17 00:05:00,ESCALATION_TRIGGERED
ALT-358FA73F9990,SQ-012544,ESCALATION_REQUIRED,HIGH,A safeguarding workflow escalation was triggered.,Team Leader must review the case and record the outcome.,Team Leader,OPEN,2025-05-17 00:05:00,ESCALATION_TRIGGERED
ALT-837FE0D799F4,SQ-012423,HIGH_PRIORITY_UNALLOCATED,CRITICAL,High-priority case is awaiting allocation to a social worker.,Immediate human review and allocation decision.,Team Leader,OPEN,2025-05-17 02:50:00,HIGH_PRIORITY_UNALLOCATED
ALT-0ADCFA42E41F,SQ-005739,HIGH_PRIORITY_UNALLOCATED,CRITICAL,High-priority case is awaiting allocation to a social worker.,Immediate human review and allocation decision.,Team Leader,OPEN,2025-05-17 08:16:00,HIGH_PRIORITY_UNALLOCATED
ALT-A11B02BE22C4,SQ-009545,HIGH_PRIORITY_UNALLOCATED,CRITICAL,High-priority case is awaiting allocation to a social worker.,Immediate human review and allocation decision.,Team Leader,OPEN,2025-05-17 23:02:00,HIGH_PRIORITY_UNALLOCATED
ALT-AFC7B204602C,SQ-005905,HIGH_PRIORITY_UNALLOCATED,CRITICAL,High-priority case is awaiting allocation to a social worker.,Immediate human review and allocation decision.,Team Leader,OPEN,2025-05-17 23:21:00,HIGH_PRIORITY_UNALLOCATED
ALT-44B870550885,SQ-005888,SAFETY_REVIEW_OVERDUE,HIGH,Required safeguarding review was not completed by the due time.,Review the case and record the safeguarding action taken.,Team Leader,OPEN,2025-05-18 00:00:00,SAFETY_REVIEW_OVERDUE
ALT-C5258E513770,SQ-005888,ESCALATION_REQUIRED,HIGH,A safeguarding workflow escalation was triggered.,Team Leader must review the case and record the outcome.,Team Leader,OPEN,2025-05-18 00:05:00,ESCALATION_TRIGGERED
ALT-F67CAE303D4C,SQ-005739,PRIORITY_CHANGE_REVIEW,LOW,Case priority was manually changed by an authorised user.,Retain for audit review; no action required unless challenged.,Auditor,OPEN,2025-05-18 13:48:00,PRIORITY_CHANGED
ALT-E2C09F28E8DD,SQ-001438,SAFETY_REVIEW_OVERDUE,HIGH,Required safeguarding review was not completed by the due time.,Review the case and record the safeguarding action taken.,Team Leader,OPEN,2025-05-19 00:00:00,SAFETY_REVIEW_OVERDUE
ALT-4919344838C4,SQ-001637,SAFETY_REVIEW_OVERDUE,HIGH,Required safeguarding review was not completed by the due time.,Review the case and record the safeguarding action taken.,Team Leader,OPEN,2025-05-19 00:00:00,SAFETY_REVIEW_OVERDUE
ALT-8E9C747DC7CC,SQ-001669,SAFETY_REVIEW_OVERDUE,HIGH,Required safeguarding review was not completed by the due time.,Review the case and record the safeguarding action taken.,Team Leader,OPEN,2025-05-19 00:00:00,SAFETY_REVIEW_OVERDUE
ALT-9472A84E04E8,SQ-005705,SAFETY_REVIEW_OVERDUE,HIGH,Required safeguarding review was not completed by the due time.,Review the case and record the safeguarding action taken.,Team Leader,OPEN,2025-05-19 00:00:00,SAFETY_REVIEW_OVERDUE
ALT-DB09C860AA9C,SQ-009307,SAFETY_REVIEW_OVERDUE,HIGH,Required safeguarding review was not completed by the due time.,Review the case and record the safeguarding action taken.,Team Leader,OPEN,2025-05-19 00:00:00,SAFETY_REVIEW_OVERDUE
ALT-237CB77238FB,SQ-001438,ESCALATION_REQUIRED,HIGH,A safeguarding workflow escalation was triggered.,Team Leader must review the case and record the outcome.,Team Leader,OPEN,2025-05-19 00:05:00,ESCALATION_TRIGGERED
ALT-9654A44BDB9B,SQ-001637,ESCALATION_REQUIRED,HIGH,A safeguarding workflow escalation was triggered.,Team Leader must review the case and record the outcome.,Team Leader,OPEN,2025-05-19 00:05:00,ESCALATION_TRIGGERED
ALT-8B64BEEA6C84,SQ-001669,ESCALATION_REQUIRED,HIGH,A safeguarding workflow escalation was triggered.,Team Leader must review the case and record the outcome.,Team Leader,OPEN,2025-05-19 00:05:00,ESCALATION_TRIGGERED
ALT-F69056DDFDD2,SQ-005705,ESCALATION_REQUIRED,HIGH,A safeguarding workflow escalation was triggered.,Team Leader must review the case and record the outcome.,Team Leader,OPEN,2025-05-19 00:05:00,ESCALATION_TRIGGERED
ALT-CEDF7F96FCA8,SQ-009307,ESCALATION_REQUIRED,HIGH,A safeguarding workflow escalation was triggered.,Team Leader must review the case and record the outcome.,Team Leader,OPEN,2025-05-19 00:05:00,ESCALATION_TRIGGERED
ALT-69BA53EAFE46,SQ-009424,HIGH_PRIORITY_UNALLOCATED,CRITICAL,High-priority case is awaiting allocation to a social worker.,Immediate human review and allocation decision.,Team Leader,OPEN,2025-05-19 06:51:00,HIGH_PRIORITY_UNALLOCATED
ALT-3885675CC558,SQ-009459,HIGH_PRIORITY_UNALLOCATED,CRITICAL,High-priority case is awaiting allocation to a social worker.,Immediate human review and allocation decision.,Team Leader,OPEN,2025-05-19 13:07:00,HIGH_PRIORITY_UNALLOCATED
ALT-6FD1814058C4,SQ-009295,SAFETY_REVIEW_OVERDUE,HIGH,Required safeguarding review was not completed by the due time.,Review the case and record the safeguarding action taken.,Team Leader,OPEN,2025-05-20 00:00:00,SAFETY_REVIEW_OVERDUE
ALT-73C78A280AF5,SQ-009295,ESCALATION_REQUIRED,HIGH,A safeguarding workflow escalation was triggered.,Team Leader must review the case and record the outcome.,Team Leader,OPEN,2025-05-20 00:05:00,ESCALATION_TRIGGERED
ALT-A31CAB637F70,SQ-009490,SAFETY_REVIEW_OVERDUE,HIGH,Required safeguarding review was not completed by the due time.,Review the case and record the safeguarding action taken.,Team Leader,OPEN,2025-05-21 00:00:00,SAFETY_REVIEW_OVERDUE
ALT-944F33F150DA,SQ-009521,SAFETY_REVIEW_OVERDUE,HIGH,Required safeguarding review was not completed by the due time.,Review the case and record the safeguarding action taken.,Team Leader,OPEN,2025-05-21 00:00:00,SAFETY_REVIEW_OVERDUE
ALT-F3D9D6351937,SQ-009490,ESCALATION_REQUIRED,HIGH,A safeguarding workflow escalation was triggered.,Team Leader must review the case and record the outcome.,Team Leader,OPEN,2025-05-21 00:05:00,ESCALATION_TRIGGERED
ALT-C62A5728D4D2,SQ-009521,ESCALATION_REQUIRED,HIGH,A safeguarding workflow escalation was triggered.,Team Leader must review the case and record the outcome.,Team Leader,OPEN,2025-05-21 00:05:00,ESCALATION_TRIGGERED
ALT-2940995390CB,SQ-009441,HIGH_PRIORITY_UNALLOCATED,CRITICAL,High-priority case is awaiting allocation to a social worker.,Immediate human review and allocation decision.,Team Leader,OPEN,2025-05-21 01:04:00,HIGH_PRIORITY_UNALLOCATED
ALT-DD36E3FED225,SQ-005972,HIGH_PRIORITY_UNALLOCATED,CRITICAL,High-priority case is awaiting allocation to a social worker.,Immediate human review and allocation decision.,Team Leader,OPEN,2025-05-21 04:56:00,HIGH_PRIORITY_UNALLOCATED
ALT-9AF82AC7CDA3,SQ-005818,PRIORITY_CHANGE_REVIEW,LOW,Case priority was manually changed by an authorised user.,Retain for audit review; no action required unless challenged.,Auditor,OPEN,2025-05-21 15:52:00,PRIORITY_CHANGED
ALT-B17DB6FBC45C,SQ-005837,SAFETY_REVIEW_OVERDUE,HIGH,Required safeguarding review was not completed by the due time.,Review the case and record the safeguarding action taken.,Team Leader,OPEN,2025-05-22 00:00:00,SAFETY_REVIEW_OVERDUE
ALT-B52B8D794E61,SQ-009432,SAFETY_REVIEW_OVERDUE,HIGH,Required safeguarding review was not completed by the due time.,Review the case and record the safeguarding action taken.,Team Leader,OPEN,2025-05-22 00:00:00,SAFETY_REVIEW_OVERDUE
ALT-E367790EAE33,SQ-009462,SAFETY_REVIEW_OVERDUE,HIGH,Required safeguarding review was not completed by the due time.,Review the case and record the safeguarding action taken.,Team Leader,OPEN,2025-05-22 00:00:00,SAFETY_REVIEW_OVERDUE
ALT-AE243B56F4F8,SQ-005837,ESCALATION_REQUIRED,HIGH,A safeguarding workflow escalation was triggered.,Team Leader must review the case and record the outcome.,Team Leader,OPEN,2025-05-22 00:05:00,ESCALATION_TRIGGERED
ALT-34F4C04AEAFA,SQ-009432,ESCALATION_REQUIRED,HIGH,A safeguarding workflow escalation was triggered.,Team Leader must review the case and record the outcome.,Team Leader,OPEN,2025-05-22 00:05:00,ESCALATION_TRIGGERED
ALT-CF13FD7D488C,SQ-009462,ESCALATION_REQUIRED,HIGH,A safeguarding workflow escalation was triggered.,Team Leader must review the case and record the outcome.,Team Leader,OPEN,2025-05-22 00:05:00,ESCALATION_TRIGGERED
ALT-E7EDB9E18342,SQ-005824,PRIORITY_CHANGE_REVIEW,LOW,Case priority was manually changed by an authorised user.,Retain for audit review; no action required unless challenged.,Auditor,OPEN,2025-05-22 08:58:00,PRIORITY_CHANGED
ALT-43653FA5D159,SQ-005959,PRIORITY_CHANGE_REVIEW,LOW,Case priority was manually changed by an authorised user.,Retain for audit review; no action required unless challenged.,Auditor,OPEN,2025-05-22 15:11:00,PRIORITY_CHANGED
ALT-892ED4375C2B,SQ-005785,PRIORITY_CHANGE_REVIEW,LOW,Case priority was manually changed by an authorised user.,Retain for audit review; no action required unless challenged.,Auditor,OPEN,2025-05-22 17:54:00,PRIORITY_CHANGED
ALT-09A9DF9AD716,SQ-001756,SAFETY_REVIEW_OVERDUE,HIGH,Required safeguarding review was not completed by the due time.,Review the case and record the safeguarding action taken.,Team Leader,OPEN,2025-05-23 00:00:00,SAFETY_REVIEW_OVERDUE
ALT-B39F0D00D151,SQ-005816,SAFETY_REVIEW_OVERDUE,HIGH,Required safeguarding review was not completed by the due time.,Review the case and record the safeguarding action taken.,Team Leader,OPEN,2025-05-23 00:00:00,SAFETY_REVIEW_OVERDUE
ALT-40F933699805,SQ-012410,SAFETY_REVIEW_OVERDUE,HIGH,Required safeguarding review was not completed by the due time.,Review the case and record the safeguarding action taken.,Team Leader,OPEN,2025-05-23 00:00:00,SAFETY_REVIEW_OVERDUE
ALT-313FD932FAF8,SQ-001756,ESCALATION_REQUIRED,HIGH,A safeguarding workflow escalation was triggered.,Team Leader must review the case and record the outcome.,Team Leader,OPEN,2025-05-23 00:05:00,ESCALATION_TRIGGERED
ALT-93792014DFC7,SQ-005816,ESCALATION_REQUIRED,HIGH,A safeguarding workflow escalation was triggered.,Team Leader must review the case and record the outcome.,Team Leader,OPEN,2025-05-23 00:05:00,ESCALATION_TRIGGERED
ALT-437A58EB4D0B,SQ-012410,ESCALATION_REQUIRED,HIGH,A safeguarding workflow escalation was triggered.,Team Leader must review the case and record the outcome.,Team Leader,OPEN,2025-05-23 00:05:00,ESCALATION_TRIGGERED
ALT-142CCFDFA2A9,SQ-009289,HIGH_PRIORITY_UNALLOCATED,CRITICAL,High-priority case is awaiting allocation to a social worker.,Immediate human review and allocation decision.,Team Leader,OPEN,2025-05-23 00:53:00,HIGH_PRIORITY_UNALLOCATED
ALT-5F770E626877,SQ-001740,HIGH_PRIORITY_UNALLOCATED,CRITICAL,High-priority case is awaiting allocation to a social worker.,Immediate human review and allocation decision.,Team Leader,OPEN,2025-05-23 21:55:00,HIGH_PRIORITY_UNALLOCATED
ALT-D2A8811383B0,SQ-001563,SAFETY_REVIEW_OVERDUE,HIGH,Required safeguarding review was not completed by the due time.,Review the case and record the safeguarding action taken.,Team Leader,OPEN,2025-05-24 00:00:00,SAFETY_REVIEW_OVERDUE
ALT-9FEAC8C42872,SQ-001664,SAFETY_REVIEW_OVERDUE,HIGH,Required safeguarding review was not completed by the due time.,Review the case and record the safeguarding action taken.,Team Leader,OPEN,2025-05-24 00:00:00,SAFETY_REVIEW_OVERDUE
ALT-6E850C138FB2,SQ-009395,SAFETY_REVIEW_OVERDUE,HIGH,Required safeguarding review was not completed by the due time.,Review the case and record the safeguarding action taken.,Team Leader,OPEN,2025-05-24 00:00:00,SAFETY_REVIEW_OVERDUE
ALT-2D236918D029,SQ-009424,SAFETY_REVIEW_OVERDUE,HIGH,Required safeguarding review was not completed by the due time.,Review the case and record the safeguarding action taken.,Team Leader,OPEN,2025-05-24 00:00:00,SAFETY_REVIEW_OVERDUE
ALT-22667D1860F4,SQ-001563,ESCALATION_REQUIRED,HIGH,A safeguarding workflow escalation was triggered.,Team Leader must review the case and record the outcome.,Team Leader,OPEN,2025-05-24 00:05:00,ESCALATION_TRIGGERED
ALT-3728EAD4E175,SQ-001664,ESCALATION_REQUIRED,HIGH,A safeguarding workflow escalation was triggered.,Team Leader must review the case and record the outcome.,Team Leader,OPEN,2025-05-24 00:05:00,ESCALATION_TRIGGERED
ALT-A19A4E767B7C,SQ-009395,ESCALATION_REQUIRED,HIGH,A safeguarding workflow escalation was triggered.,Team Leader must review the case and record the outcome.,Team Leader,OPEN,2025-05-24 00:05:00,ESCALATION_TRIGGERED
ALT-EBDD9B2BAFA6,SQ-009424,ESCALATION_REQUIRED,HIGH,A safeguarding workflow escalation was triggered.,Team Leader must review the case and record the outcome.,Team Leader,OPEN,2025-05-24 00:05:00,ESCALATION_TRIGGERED
ALT-568393C54D0F,SQ-001774,SAFETY_REVIEW_OVERDUE,HIGH,Required safeguarding review was not completed by the due time.,Review the case and record the safeguarding action taken.,Team Leader,OPEN,2025-05-25 00:00:00,SAFETY_REVIEW_OVERDUE
ALT-ECF8D31022F4,SQ-009545,SAFETY_REVIEW_OVERDUE,HIGH,Required safeguarding review was not completed by the due time.,Review the case and record the safeguarding action taken.,Team Leader,OPEN,2025-05-25 00:00:00,SAFETY_REVIEW_OVERDUE
ALT-95F3E4C245ED,SQ-001774,ESCALATION_REQUIRED,HIGH,A safeguarding workflow escalation was triggered.,Team Leader must review the case and record the outcome.,Team Leader,OPEN,2025-05-25 00:05:00,ESCALATION_TRIGGERED
ALT-0B000376F435,SQ-009545,ESCALATION_REQUIRED,HIGH,A safeguarding workflow escalation was triggered.,Team Leader must review the case and record the outcome.,Team Leader,OPEN,2025-05-25 00:05:00,ESCALATION_TRIGGERED
ALT-A44A725E4C91,SQ-009548,PRIORITY_CHANGE_REVIEW,LOW,Case priority was manually changed by an authorised user.,Retain for audit review; no action required unless challenged.,Auditor,OPEN,2025-05-25 16:41:00,PRIORITY_CHANGED
ALT-70496EE16CD7,SQ-005791,HIGH_PRIORITY_UNALLOCATED,CRITICAL,High-priority case is awaiting allocation to a social worker.,Immediate human review and allocation decision.,Team Leader,OPEN,2025-05-25 23:49:00,HIGH_PRIORITY_UNALLOCATED
ALT-0EFA68641DD6,SQ-001725,SAFETY_REVIEW_OVERDUE,HIGH,Required safeguarding review was not completed by the due time.,Review the case and record the safeguarding action taken.,Team Leader,OPEN,2025-05-26 00:00:00,SAFETY_REVIEW_OVERDUE
ALT-08B2860DB4EB,SQ-001785,SAFETY_REVIEW_OVERDUE,HIGH,Required safeguarding review was not completed by the due time.,Review the case and record the safeguarding action taken.,Team Leader,OPEN,2025-05-26 00:00:00,SAFETY_REVIEW_OVERDUE
ALT-B98E0B11545D,SQ-009452,SAFETY_REVIEW_OVERDUE,HIGH,Required safeguarding review was not completed by the due time.,Review the case and record the safeguarding action taken.,Team Leader,OPEN,2025-05-26 00:00:00,SAFETY_REVIEW_OVERDUE
ALT-CBB5C2FF19FE,SQ-001725,ESCALATION_REQUIRED,HIGH,A safeguarding workflow escalation was triggered.,Team Leader must review the case and record the outcome.,Team Leader,OPEN,2025-05-26 00:05:00,ESCALATION_TRIGGERED
ALT-BC2D621364EE,SQ-001785,ESCALATION_REQUIRED,HIGH,A safeguarding workflow escalation was triggered.,Team Leader must review the case and record the outcome.,Team Leader,OPEN,2025-05-26 00:05:00,ESCALATION_TRIGGERED
ALT-BA9EF7C397E0,SQ-009452,ESCALATION_REQUIRED,HIGH,A safeguarding workflow escalation was triggered.,Team Leader must review the case and record the outcome.,Team Leader,OPEN,2025-05-26 00:05:00,ESCALATION_TRIGGERED
ALT-E72795FAE3FC,SQ-001783,HIGH_PRIORITY_UNALLOCATED,CRITICAL,High-priority case is awaiting allocation to a social worker.,Immediate human review and allocation decision.,Team Leader,OPEN,2025-05-26 04:09:00,HIGH_PRIORITY_UNALLOCATED
ALT-139CB34B6E7F,SQ-001628,PRIORITY_CHANGE_REVIEW,LOW,Case priority was manually changed by an authorised user.,Retain for audit review; no action required unless challenged.,Auditor,OPEN,2025-05-26 10:00:00,PRIORITY_CHANGED
ALT-344CD7ECDC4B,SQ-009355,PRIORITY_CHANGE_REVIEW,LOW,Case priority was manually changed by an authorised user.,Retain for audit review; no action required unless challenged.,Auditor,OPEN,2025-05-26 15:20:00,PRIORITY_CHANGED
ALT-0C19D546B398,SQ-009292,HIGH_PRIORITY_UNALLOCATED,CRITICAL,High-priority case is awaiting allocation to a social worker.,Immediate human review and allocation decision.,Team Leader,OPEN,2025-05-26 21:33:00,HIGH_PRIORITY_UNALLOCATED
ALT-C3C1E6F19F10,SQ-009441,SAFETY_REVIEW_OVERDUE,HIGH,Required safeguarding review was not completed by the due time.,Review the case and record the safeguarding action taken.,Team Leader,OPEN,2025-05-27 00:00:00,SAFETY_REVIEW_OVERDUE
ALT-5902B2FBEC25,SQ-009441,ESCALATION_REQUIRED,HIGH,A safeguarding workflow escalation was triggered.,Team Leader must review the case and record the outcome.,Team Leader,OPEN,2025-05-27 00:05:00,ESCALATION_TRIGGERED
ALT-7DBBC80FC72F,SQ-001742,PRIORITY_CHANGE_REVIEW,LOW,Case priority was manually changed by an authorised user.,Retain for audit review; no action required unless challenged.,Auditor,OPEN,2025-05-27 13:17:00,PRIORITY_CHANGED
ALT-F4ED74AC0601,SQ-001541,SAFETY_REVIEW_OVERDUE,HIGH,Required safeguarding review was not completed by the due time.,Review the case and record the safeguarding action taken.,Team Leader,OPEN,2025-05-28 00:00:00,SAFETY_REVIEW_OVERDUE
ALT-29630D8AE118,SQ-005959,SAFETY_REVIEW_OVERDUE,HIGH,Required safeguarding review was not completed by the due time.,Review the case and record the safeguarding action taken.,Team Leader,OPEN,2025-05-28 00:00:00,SAFETY_REVIEW_OVERDUE
ALT-59D67B7D5FE0,SQ-012388,SAFETY_REVIEW_OVERDUE,HIGH,Required safeguarding review was not completed by the due time.,Review the case and record the safeguarding action taken.,Team Leader,OPEN,2025-05-28 00:00:00,SAFETY_REVIEW_OVERDUE
ALT-0E329D294EC2,SQ-012559,SAFETY_REVIEW_OVERDUE,HIGH,Required safeguarding review was not completed by the due time.,Review the case and record the safeguarding action taken.,Team Leader,OPEN,2025-05-28 00:00:00,SAFETY_REVIEW_OVERDUE
ALT-51798D2DD58A,SQ-001541,ESCALATION_REQUIRED,HIGH,A safeguarding workflow escalation was triggered.,Team Leader must review the case and record the outcome.,Team Leader,OPEN,2025-05-28 00:05:00,ESCALATION_TRIGGERED
ALT-94818BBF8089,SQ-005959,ESCALATION_REQUIRED,HIGH,A safeguarding workflow escalation was triggered.,Team Leader must review the case and record the outcome.,Team Leader,OPEN,2025-05-28 00:05:00,ESCALATION_TRIGGERED
ALT-DB49108BD623,SQ-012388,ESCALATION_REQUIRED,HIGH,A safeguarding workflow escalation was triggered.,Team Leader must review the case and record the outcome.,Team Leader,OPEN,2025-05-28 00:05:00,ESCALATION_TRIGGERED
ALT-A3D20F8212E5,SQ-012559,ESCALATION_REQUIRED,HIGH,A safeguarding workflow escalation was triggered.,Team Leader must review the case and record the outcome.,Team Leader,OPEN,2025-05-28 00:05:00,ESCALATION_TRIGGERED
ALT-21D7FF92E881,SQ-005916,HIGH_PRIORITY_UNALLOCATED,CRITICAL,High-priority case is awaiting allocation to a social worker.,Immediate human review and allocation decision.,Team Leader,OPEN,2025-05-28 16:13:00,HIGH_PRIORITY_UNALLOCATED
ALT-13F30F76BFA5,SQ-005809,SAFETY_REVIEW_OVERDUE,HIGH,Required safeguarding review was not completed by the due time.,Review the case and record the safeguarding action taken.,Team Leader,OPEN,2025-05-29 00:00:00,SAFETY_REVIEW_OVERDUE
ALT-0A171091C4BC,SQ-009475,SAFETY_REVIEW_OVERDUE,HIGH,Required safeguarding review was not completed by the due time.,Review the case and record the safeguarding action taken.,Team Leader,OPEN,2025-05-29 00:00:00,SAFETY_REVIEW_OVERDUE
ALT-8AAF3E45022E,SQ-005809,ESCALATION_REQUIRED,HIGH,A safeguarding workflow escalation was triggered.,Team Leader must review the case and record the outcome.,Team Leader,OPEN,2025-05-29 00:05:00,ESCALATION_TRIGGERED
ALT-71445978A2DB,SQ-009475,ESCALATION_REQUIRED,HIGH,A safeguarding workflow escalation was triggered.,Team Leader must review the case and record the outcome.,Team Leader,OPEN,2025-05-29 00:05:00,ESCALATION_TRIGGERED
ALT-5678DF9E7371,SQ-001559,SAFETY_REVIEW_OVERDUE,HIGH,Required safeguarding review was not completed by the due time.,Review the case and record the safeguarding action taken.,Team Leader,OPEN,2025-05-30 00:00:00,SAFETY_REVIEW_OVERDUE
ALT-94ED3A5A528F,SQ-001559,ESCALATION_REQUIRED,HIGH,A safeguarding workflow escalation was triggered.,Team Leader must review the case and record the outcome.,Team Leader,OPEN,2025-05-30 00:05:00,ESCALATION_TRIGGERED
ALT-76A183CDE408,SQ-005741,HIGH_PRIORITY_UNALLOCATED,CRITICAL,High-priority case is awaiting allocation to a social worker.,Immediate human review and allocation decision.,Team Leader,OPEN,2025-05-30 04:46:00,HIGH_PRIORITY_UNALLOCATED
ALT-B35820F4DF0C,SQ-005687,SAFETY_REVIEW_OVERDUE,HIGH,Required safeguarding review was not completed by the due time.,Review the case and record the safeguarding action taken.,Team Leader,OPEN,2025-05-31 00:00:00,SAFETY_REVIEW_OVERDUE
ALT-A1A75911FC19,SQ-005687,ESCALATION_REQUIRED,HIGH,A safeguarding workflow escalation was triggered.,Team Leader must review the case and record the outcome.,Team Leader,OPEN,2025-05-31 00:05:00,ESCALATION_TRIGGERED
ALT-920175DC45B5,SQ-001547,HIGH_PRIORITY_UNALLOCATED,CRITICAL,High-priority case is awaiting allocation to a social worker.,Immediate human review and allocation decision.,Team Leader,OPEN,2025-05-31 11:56:00,HIGH_PRIORITY_UNALLOCATED
ALT-59FDF2E7EF02,SQ-001457,HIGH_PRIORITY_UNALLOCATED,CRITICAL,High-priority case is awaiting allocation to a social worker.,Immediate human review and allocation decision.,Team Leader,OPEN,2025-06-01 00:26:00,HIGH_PRIORITY_UNALLOCATED
ALT-70C5D54824EC,SQ-001642,HIGH_PRIORITY_UNALLOCATED,CRITICAL,High-priority case is awaiting allocation to a social worker.,Immediate human review and allocation decision.,Team Leader,OPEN,2025-06-01 05:38:00,HIGH_PRIORITY_UNALLOCATED
ALT-4C54FBB427B0,SQ-002077,HIGH_PRIORITY_UNALLOCATED,CRITICAL,High-priority case is awaiting allocation to a social worker.,Immediate human review and allocation decision.,Team Leader,OPEN,2025-06-01 19:30:00,HIGH_PRIORITY_UNALLOCATED
ALT-425DF221A4B4,SQ-006325,HIGH_PRIORITY_UNALLOCATED,CRITICAL,High-priority case is awaiting allocation to a social worker.,Immediate human review and allocation decision.,Team Leader,OPEN,2025-06-01 20:58:00,HIGH_PRIORITY_UNALLOCATED
ALT-E7E4E694D123,SQ-001619,PRIORITY_CHANGE_REVIEW,LOW,Case priority was manually changed by an authorised user.,Retain for audit review; no action required unless challenged.,Auditor,OPEN,2025-06-03 13:31:00,PRIORITY_CHANGED
ALT-271E7B780441,SQ-002077,SAFETY_REVIEW_OVERDUE,HIGH,Required safeguarding review was not completed by the due time.,Review the case and record the safeguarding action taken.,Team Leader,OPEN,2025-06-04 00:00:00,SAFETY_REVIEW_OVERDUE
ALT-A928773B83EB,SQ-002077,ESCALATION_REQUIRED,HIGH,A safeguarding workflow escalation was triggered.,Team Leader must review the case and record the outcome.,Team Leader,OPEN,2025-06-04 00:05:00,ESCALATION_TRIGGERED
ALT-23D7D3CE4C47,SQ-009757,HIGH_PRIORITY_UNALLOCATED,CRITICAL,High-priority case is awaiting allocation to a social worker.,Immediate human review and allocation decision.,Team Leader,OPEN,2025-06-04 04:29:00,HIGH_PRIORITY_UNALLOCATED
ALT-31D2932A0A3F,SQ-009630,HIGH_PRIORITY_UNALLOCATED,CRITICAL,High-priority case is awaiting allocation to a social worker.,Immediate human review and allocation decision.,Team Leader,OPEN,2025-06-04 11:25:00,HIGH_PRIORITY_UNALLOCATED
ALT-3FE067AFB432,SQ-006325,SAFETY_REVIEW_OVERDUE,HIGH,Required safeguarding review was not completed by the due time.,Review the case and record the safeguarding action taken.,Team Leader,OPEN,2025-06-05 00:00:00,SAFETY_REVIEW_OVERDUE
ALT-D393D3EF3E9C,SQ-009611,SAFETY_REVIEW_OVERDUE,HIGH,Required safeguarding review was not completed by the due time.,Review the case and record the safeguarding action taken.,Team Leader,OPEN,2025-06-05 00:00:00,SAFETY_REVIEW_OVERDUE
ALT-6AD5A9DAD3FA,SQ-006325,ESCALATION_REQUIRED,HIGH,A safeguarding workflow escalation was triggered.,Team Leader must review the case and record the outcome.,Team Leader,OPEN,2025-06-05 00:05:00,ESCALATION_TRIGGERED
ALT-0A9FB5BC6B6F,SQ-009611,ESCALATION_REQUIRED,HIGH,A safeguarding workflow escalation was triggered.,Team Leader must review the case and record the outcome.,Team Leader,OPEN,2025-06-05 00:05:00,ESCALATION_TRIGGERED
ALT-EAA856AD5D2F,SQ-002137,HIGH_PRIORITY_UNALLOCATED,CRITICAL,High-priority case is awaiting allocation to a social worker.,Immediate human review and allocation decision.,Team Leader,OPEN,2025-06-05 05:29:00,HIGH_PRIORITY_UNALLOCATED
ALT-5346D4FCBF12,SQ-002088,PRIORITY_CHANGE_REVIEW,LOW,Case priority was manually changed by an authorised user.,Retain for audit review; no action required unless challenged.,Auditor,OPEN,2025-06-05 17:31:00,PRIORITY_CHANGED
ALT-4151E5608195,SQ-002038,HIGH_PRIORITY_UNALLOCATED,CRITICAL,High-priority case is awaiting allocation to a social worker.,Immediate human review and allocation decision.,Team Leader,OPEN,2025-06-05 23:21:00,HIGH_PRIORITY_UNALLOCATED
ALT-E3627F37AA75,SQ-001842,HIGH_PRIORITY_UNALLOCATED,CRITICAL,High-priority case is awaiting allocation to a social worker.,Immediate human review and allocation decision.,Team Leader,OPEN,2025-06-06 06:40:00,HIGH_PRIORITY_UNALLOCATED
ALT-551A2A81DCC7,SQ-009538,PRIORITY_CHANGE_REVIEW,LOW,Case priority was manually changed by an authorised user.,Retain for audit review; no action required unless challenged.,Auditor,OPEN,2025-06-06 13:21:00,PRIORITY_CHANGED
ALT-7AC72A8CFF84,SQ-006080,HIGH_PRIORITY_UNALLOCATED,CRITICAL,High-priority case is awaiting allocation to a social worker.,Immediate human review and allocation decision.,Team Leader,OPEN,2025-06-06 19:28:00,HIGH_PRIORITY_UNALLOCATED
ALT-A2F9322F3DEB,SQ-009816,SAFETY_REVIEW_OVERDUE,HIGH,Required safeguarding review was not completed by the due time.,Review the case and record the safeguarding action taken.,Team Leader,OPEN,2025-06-07 00:00:00,SAFETY_REVIEW_OVERDUE
ALT-F58B72E2853D,SQ-012771,SAFETY_REVIEW_OVERDUE,HIGH,Required safeguarding review was not completed by the due time.,Review the case and record the safeguarding action taken.,Team Leader,OPEN,2025-06-07 00:00:00,SAFETY_REVIEW_OVERDUE
ALT-FC619305D26D,SQ-009816,ESCALATION_REQUIRED,HIGH,A safeguarding workflow escalation was triggered.,Team Leader must review the case and record the outcome.,Team Leader,OPEN,2025-06-07 00:05:00,ESCALATION_TRIGGERED
ALT-9F178CD97024,SQ-012771,ESCALATION_REQUIRED,HIGH,A safeguarding workflow escalation was triggered.,Team Leader must review the case and record the outcome.,Team Leader,OPEN,2025-06-07 00:05:00,ESCALATION_TRIGGERED
ALT-0DF7E9602D5D,SQ-006259,HIGH_PRIORITY_UNALLOCATED,CRITICAL,High-priority case is awaiting allocation to a social worker.,Immediate human review and allocation decision.,Team Leader,OPEN,2025-06-07 09:03:00,HIGH_PRIORITY_UNALLOCATED
ALT-7F111D0D11BC,SQ-009589,SAFETY_REVIEW_OVERDUE,HIGH,Required safeguarding review was not completed by the due time.,Review the case and record the safeguarding action taken.,Team Leader,OPEN,2025-06-08 00:00:00,SAFETY_REVIEW_OVERDUE
ALT-CC09B47F55EB,SQ-009599,SAFETY_REVIEW_OVERDUE,HIGH,Required safeguarding review was not completed by the due time.,Review the case and record the safeguarding action taken.,Team Leader,OPEN,2025-06-08 00:00:00,SAFETY_REVIEW_OVERDUE
ALT-82B9F2002597,SQ-009589,ESCALATION_REQUIRED,HIGH,A safeguarding workflow escalation was triggered.,Team Leader must review the case and record the outcome.,Team Leader,OPEN,2025-06-08 00:05:00,ESCALATION_TRIGGERED
ALT-33DE9BA63214,SQ-009599,ESCALATION_REQUIRED,HIGH,A safeguarding workflow escalation was triggered.,Team Leader must review the case and record the outcome.,Team Leader,OPEN,2025-06-08 00:05:00,ESCALATION_TRIGGERED
ALT-B851CC7A31D4,SQ-001988,HIGH_PRIORITY_UNALLOCATED,CRITICAL,High-priority case is awaiting allocation to a social worker.,Immediate human review and allocation decision.,Team Leader,OPEN,2025-06-08 09:42:00,HIGH_PRIORITY_UNALLOCATED
ALT-D14C3A9E051A,SQ-009695,PRIORITY_CHANGE_REVIEW,LOW,Case priority was manually changed by an authorised user.,Retain for audit review; no action required unless challenged.,Auditor,OPEN,2025-06-08 10:29:00,PRIORITY_CHANGED
ALT-4D62A73BDDA5,SQ-001912,SAFETY_REVIEW_OVERDUE,HIGH,Required safeguarding review was not completed by the due time.,Review the case and record the safeguarding action taken.,Team Leader,OPEN,2025-06-09 00:00:00,SAFETY_REVIEW_OVERDUE
ALT-C9B7794AD0C5,SQ-006143,SAFETY_REVIEW_OVERDUE,HIGH,Required safeguarding review was not completed by the due time.,Review the case and record the safeguarding action taken.,Team Leader,OPEN,2025-06-09 00:00:00,SAFETY_REVIEW_OVERDUE
ALT-2BD37E056E97,SQ-009755,SAFETY_REVIEW_OVERDUE,HIGH,Required safeguarding review was not completed by the due time.,Review the case and record the safeguarding action taken.,Team Leader,OPEN,2025-06-09 00:00:00,SAFETY_REVIEW_OVERDUE
ALT-E105DD390295,SQ-001912,ESCALATION_REQUIRED,HIGH,A safeguarding workflow escalation was triggered.,Team Leader must review the case and record the outcome.,Team Leader,OPEN,2025-06-09 00:05:00,ESCALATION_TRIGGERED
ALT-D8D488A0DCED,SQ-006143,ESCALATION_REQUIRED,HIGH,A safeguarding workflow escalation was triggered.,Team Leader must review the case and record the outcome.,Team Leader,OPEN,2025-06-09 00:05:00,ESCALATION_TRIGGERED
ALT-4597867BD9E6,SQ-009755,ESCALATION_REQUIRED,HIGH,A safeguarding workflow escalation was triggered.,Team Leader must review the case and record the outcome.,Team Leader,OPEN,2025-06-09 00:05:00,ESCALATION_TRIGGERED
ALT-AA123BAAB7BB,SQ-006236,PRIORITY_CHANGE_REVIEW,LOW,Case priority was manually changed by an authorised user.,Retain for audit review; no action required unless challenged.,Auditor,OPEN,2025-06-09 17:44:00,PRIORITY_CHANGED
ALT-8B2A0B9A605D,SQ-001816,HIGH_PRIORITY_UNALLOCATED,CRITICAL,High-priority case is awaiting allocation to a social worker.,Immediate human review and allocation decision.,Team Leader,OPEN,2025-06-09 23:48:00,HIGH_PRIORITY_UNALLOCATED
ALT-4167FCF75E0B,SQ-001988,SAFETY_REVIEW_OVERDUE,HIGH,Required safeguarding review was not completed by the due time.,Review the case and record the safeguarding action taken.,Team Leader,OPEN,2025-06-10 00:00:00,SAFETY_REVIEW_OVERDUE
ALT-2903CD5BE2E0,SQ-001988,ESCALATION_REQUIRED,HIGH,A safeguarding workflow escalation was triggered.,Team Leader must review the case and record the outcome.,Team Leader,OPEN,2025-06-10 00:05:00,ESCALATION_TRIGGERED
ALT-F093CF7DBEC3,SQ-009787,HIGH_PRIORITY_UNALLOCATED,CRITICAL,High-priority case is awaiting allocation to a social worker.,Immediate human review and allocation decision.,Team Leader,OPEN,2025-06-10 10:24:00,HIGH_PRIORITY_UNALLOCATED
ALT-526DE649880B,SQ-002102,SAFETY_REVIEW_OVERDUE,HIGH,Required safeguarding review was not completed by the due time.,Review the case and record the safeguarding action taken.,Team Leader,OPEN,2025-06-11 00:00:00,SAFETY_REVIEW_OVERDUE
ALT-4B17F9881533,SQ-002102,ESCALATION_REQUIRED,HIGH,A safeguarding workflow escalation was triggered.,Team Leader must review the case and record the outcome.,Team Leader,OPEN,2025-06-11 00:05:00,ESCALATION_TRIGGERED
ALT-F89ED86453BC,SQ-009636,HIGH_PRIORITY_UNALLOCATED,CRITICAL,High-priority case is awaiting allocation to a social worker.,Immediate human review and allocation decision.,Team Leader,OPEN,2025-06-11 03:28:00,HIGH_PRIORITY_UNALLOCATED
ALT-ED3D1B7A1D63,SQ-002100,PRIORITY_CHANGE_REVIEW,LOW,Case priority was manually changed by an authorised user.,Retain for audit review; no action required unless challenged.,Auditor,OPEN,2025-06-11 09:52:00,PRIORITY_CHANGED
ALT-1AE85A41ACFE,SQ-012715,HIGH_PRIORITY_UNALLOCATED,CRITICAL,High-priority case is awaiting allocation to a social worker.,Immediate human review and allocation decision.,Team Leader,OPEN,2025-06-11 13:34:00,HIGH_PRIORITY_UNALLOCATED
ALT-90EDD5D80257,SQ-001980,SAFETY_REVIEW_OVERDUE,HIGH,Required safeguarding review was not completed by the due time.,Review the case and record the safeguarding action taken.,Team Leader,OPEN,2025-06-12 00:00:00,SAFETY_REVIEW_OVERDUE
ALT-2A17AE203B39,SQ-009604,SAFETY_REVIEW_OVERDUE,HIGH,Required safeguarding review was not completed by the due time.,Review the case and record the safeguarding action taken.,Team Leader,OPEN,2025-06-12 00:00:00,SAFETY_REVIEW_OVERDUE
ALT-201DB6B19AC1,SQ-001980,ESCALATION_REQUIRED,HIGH,A safeguarding workflow escalation was triggered.,Team Leader must review the case and record the outcome.,Team Leader,OPEN,2025-06-12 00:05:00,ESCALATION_TRIGGERED
ALT-9DFDB83323CE,SQ-009604,ESCALATION_REQUIRED,HIGH,A safeguarding workflow escalation was triggered.,Team Leader must review the case and record the outcome.,Team Leader,OPEN,2025-06-12 00:05:00,ESCALATION_TRIGGERED
ALT-913E6002F139,SQ-001861,PRIORITY_CHANGE_REVIEW,LOW,Case priority was manually changed by an authorised user.,Retain for audit review; no action required unless challenged.,Auditor,OPEN,2025-06-12 15:07:00,PRIORITY_CHANGED
ALT-879466BEE906,SQ-001931,SAFETY_REVIEW_OVERDUE,HIGH,Required safeguarding review was not completed by the due time.,Review the case and record the safeguarding action taken.,Team Leader,OPEN,2025-06-13 00:00:00,SAFETY_REVIEW_OVERDUE
ALT-DE7514DC4DEE,SQ-001940,SAFETY_REVIEW_OVERDUE,HIGH,Required safeguarding review was not completed by the due time.,Review the case and record the safeguarding action taken.,Team Leader,OPEN,2025-06-13 00:00:00,SAFETY_REVIEW_OVERDUE
ALT-F9D0F9557C9D,SQ-002090,SAFETY_REVIEW_OVERDUE,HIGH,Required safeguarding review was not completed by the due time.,Review the case and record the safeguarding action taken.,Team Leader,OPEN,2025-06-13 00:00:00,SAFETY_REVIEW_OVERDUE
ALT-32FC910FB829,SQ-006080,SAFETY_REVIEW_OVERDUE,HIGH,Required safeguarding review was not completed by the due time.,Review the case and record the safeguarding action taken.,Team Leader,OPEN,2025-06-13 00:00:00,SAFETY_REVIEW_OVERDUE
ALT-28C0BC1CE758,SQ-006160,SAFETY_REVIEW_OVERDUE,HIGH,Required safeguarding review was not completed by the due time.,Review the case and record the safeguarding action taken.,Team Leader,OPEN,2025-06-13 00:00:00,SAFETY_REVIEW_OVERDUE
ALT-E3E1C20019E1,SQ-009636,SAFETY_REVIEW_OVERDUE,HIGH,Required safeguarding review was not completed by the due time.,Review the case and record the safeguarding action taken.,Team Leader,OPEN,2025-06-13 00:00:00,SAFETY_REVIEW_OVERDUE
ALT-F90632794F61,SQ-012680,SAFETY_REVIEW_OVERDUE,HIGH,Required safeguarding review was not completed by the due time.,Review the case and record the safeguarding action taken.,Team Leader,OPEN,2025-06-13 00:00:00,SAFETY_REVIEW_OVERDUE
ALT-9BC70A2CD868,SQ-001931,ESCALATION_REQUIRED,HIGH,A safeguarding workflow escalation was triggered.,Team Leader must review the case and record the outcome.,Team Leader,OPEN,2025-06-13 00:05:00,ESCALATION_TRIGGERED
ALT-740AFBA3DCB6,SQ-001940,ESCALATION_REQUIRED,HIGH,A safeguarding workflow escalation was triggered.,Team Leader must review the case and record the outcome.,Team Leader,OPEN,2025-06-13 00:05:00,ESCALATION_TRIGGERED
ALT-371D0D22F146,SQ-002090,ESCALATION_REQUIRED,HIGH,A safeguarding workflow escalation was triggered.,Team Leader must review the case and record the outcome.,Team Leader,OPEN,2025-06-13 00:05:00,ESCALATION_TRIGGERED
ALT-DEA05291BB96,SQ-006080,ESCALATION_REQUIRED,HIGH,A safeguarding workflow escalation was triggered.,Team Leader must review the case and record the outcome.,Team Leader,OPEN,2025-06-13 00:05:00,ESCALATION_TRIGGERED
ALT-44E230E16552,SQ-006160,ESCALATION_REQUIRED,HIGH,A safeguarding workflow escalation was triggered.,Team Leader must review the case and record the outcome.,Team Leader,OPEN,2025-06-13 00:05:00,ESCALATION_TRIGGERED
ALT-B02DDF44B2FD,SQ-009636,ESCALATION_REQUIRED,HIGH,A safeguarding workflow escalation was triggered.,Team Leader must review the case and record the outcome.,Team Leader,OPEN,2025-06-13 00:05:00,ESCALATION_TRIGGERED
ALT-B3A20A43411D,SQ-012680,ESCALATION_REQUIRED,HIGH,A safeguarding workflow escalation was triggered.,Team Leader must review the case and record the outcome.,Team Leader,OPEN,2025-06-13 00:05:00,ESCALATION_TRIGGERED
ALT-5D3B332E61FC,SQ-006146,HIGH_PRIORITY_UNALLOCATED,CRITICAL,High-priority case is awaiting allocation to a social worker.,Immediate human review and allocation decision.,Team Leader,OPEN,2025-06-13 04:12:00,HIGH_PRIORITY_UNALLOCATED
ALT-44BC2D03649D,SQ-009813,HIGH_PRIORITY_UNALLOCATED,CRITICAL,High-priority case is awaiting allocation to a social worker.,Immediate human review and allocation decision.,Team Leader,OPEN,2025-06-13 19:56:00,HIGH_PRIORITY_UNALLOCATED
ALT-6D1C34F30C34,SQ-001861,SAFETY_REVIEW_OVERDUE,HIGH,Required safeguarding review was not completed by the due time.,Review the case and record the safeguarding action taken.,Team Leader,OPEN,2025-06-14 00:00:00,SAFETY_REVIEW_OVERDUE
ALT-176D93328279,SQ-006167,SAFETY_REVIEW_OVERDUE,HIGH,Required safeguarding review was not completed by the due time.,Review the case and record the safeguarding action taken.,Team Leader,OPEN,2025-06-14 00:00:00,SAFETY_REVIEW_OVERDUE
ALT-4F81B23C4C18,SQ-009694,SAFETY_REVIEW_OVERDUE,HIGH,Required safeguarding review was not completed by the due time.,Review the case and record the safeguarding action taken.,Team Leader,OPEN,2025-06-14 00:00:00,SAFETY_REVIEW_OVERDUE
ALT-D08898BB9865,SQ-009739,SAFETY_REVIEW_OVERDUE,HIGH,Required safeguarding review was not completed by the due time.,Review the case and record the safeguarding action taken.,Team Leader,OPEN,2025-06-14 00:00:00,SAFETY_REVIEW_OVERDUE
ALT-AB597CCADBC7,SQ-009773,SAFETY_REVIEW_OVERDUE,HIGH,Required safeguarding review was not completed by the due time.,Review the case and record the safeguarding action taken.,Team Leader,OPEN,2025-06-14 00:00:00,SAFETY_REVIEW_OVERDUE
ALT-E78087751DAE,SQ-009811,SAFETY_REVIEW_OVERDUE,HIGH,Required safeguarding review was not completed by the due time.,Review the case and record the safeguarding action taken.,Team Leader,OPEN,2025-06-14 00:00:00,SAFETY_REVIEW_OVERDUE
ALT-CA5C7D0A5472,SQ-012715,SAFETY_REVIEW_OVERDUE,HIGH,Required safeguarding review was not completed by the due time.,Review the case and record the safeguarding action taken.,Team Leader,OPEN,2025-06-14 00:00:00,SAFETY_REVIEW_OVERDUE
ALT-F8724C30C424,SQ-001861,ESCALATION_REQUIRED,HIGH,A safeguarding workflow escalation was triggered.,Team Leader must review the case and record the outcome.,Team Leader,OPEN,2025-06-14 00:05:00,ESCALATION_TRIGGERED
ALT-253B09B5098B,SQ-006167,ESCALATION_REQUIRED,HIGH,A safeguarding workflow escalation was triggered.,Team Leader must review the case and record the outcome.,Team Leader,OPEN,2025-06-14 00:05:00,ESCALATION_TRIGGERED
ALT-BDBA11A01972,SQ-009694,ESCALATION_REQUIRED,HIGH,A safeguarding workflow escalation was triggered.,Team Leader must review the case and record the outcome.,Team Leader,OPEN,2025-06-14 00:05:00,ESCALATION_TRIGGERED
ALT-D24C7D4B492D,SQ-009739,ESCALATION_REQUIRED,HIGH,A safeguarding workflow escalation was triggered.,Team Leader must review the case and record the outcome.,Team Leader,OPEN,2025-06-14 00:05:00,ESCALATION_TRIGGERED
ALT-8C8EF0293081,SQ-009773,ESCALATION_REQUIRED,HIGH,A safeguarding workflow escalation was triggered.,Team Leader must review the case and record the outcome.,Team Leader,OPEN,2025-06-14 00:05:00,ESCALATION_TRIGGERED
ALT-591B7075B8BA,SQ-009811,ESCALATION_REQUIRED,HIGH,A safeguarding workflow escalation was triggered.,Team Leader must review the case and record the outcome.,Team Leader,OPEN,2025-06-14 00:05:00,ESCALATION_TRIGGERED
ALT-29164CC69793,SQ-012715,ESCALATION_REQUIRED,HIGH,A safeguarding workflow escalation was triggered.,Team Leader must review the case and record the outcome.,Team Leader,OPEN,2025-06-14 00:05:00,ESCALATION_TRIGGERED
ALT-20F9AC0E4240,SQ-006195,HIGH_PRIORITY_UNALLOCATED,CRITICAL,High-priority case is awaiting allocation to a social worker.,Immediate human review and allocation decision.,Team Leader,OPEN,2025-06-14 04:59:00,HIGH_PRIORITY_UNALLOCATED
ALT-F179EF3FBA12,SQ-009795,PRIORITY_CHANGE_REVIEW,LOW,Case priority was manually changed by an authorised user.,Retain for audit review; no action required unless challenged.,Auditor,OPEN,2025-06-14 12:30:00,PRIORITY_CHANGED
ALT-874E136B026E,SQ-001857,HIGH_PRIORITY_UNALLOCATED,CRITICAL,High-priority case is awaiting allocation to a social worker.,Immediate human review and allocation decision.,Team Leader,OPEN,2025-06-14 15:03:00,HIGH_PRIORITY_UNALLOCATED
ALT-E641BA1EF9FC,SQ-009652,PRIORITY_CHANGE_REVIEW,LOW,Case priority was manually changed by an authorised user.,Retain for audit review; no action required unless challenged.,Auditor,OPEN,2025-06-14 17:57:00,PRIORITY_CHANGED
ALT-4B256AAD137B,SQ-001838,SAFETY_REVIEW_OVERDUE,HIGH,Required safeguarding review was not completed by the due time.,Review the case and record the safeguarding action taken.,Team Leader,OPEN,2025-06-15 00:00:00,SAFETY_REVIEW_OVERDUE
ALT-4138582D402B,SQ-001873,SAFETY_REVIEW_OVERDUE,HIGH,Required safeguarding review was not completed by the due time.,Review the case and record the safeguarding action taken.,Team Leader,OPEN,2025-06-15 00:00:00,SAFETY_REVIEW_OVERDUE
ALT-5DF1C2D1CAD4,SQ-002031,SAFETY_REVIEW_OVERDUE,HIGH,Required safeguarding review was not completed by the due time.,Review the case and record the safeguarding action taken.,Team Leader,OPEN,2025-06-15 00:00:00,SAFETY_REVIEW_OVERDUE
ALT-3ACCAA55E61D,SQ-002095,SAFETY_REVIEW_OVERDUE,HIGH,Required safeguarding review was not completed by the due time.,Review the case and record the safeguarding action taken.,Team Leader,OPEN,2025-06-15 00:00:00,SAFETY_REVIEW_OVERDUE
ALT-FF1833D9378D,SQ-012718,SAFETY_REVIEW_OVERDUE,HIGH,Required safeguarding review was not completed by the due time.,Review the case and record the safeguarding action taken.,Team Leader,OPEN,2025-06-15 00:00:00,SAFETY_REVIEW_OVERDUE
ALT-9E581EE1CEF2,SQ-012746,SAFETY_REVIEW_OVERDUE,HIGH,Required safeguarding review was not completed by the due time.,Review the case and record the safeguarding action taken.,Team Leader,OPEN,2025-06-15 00:00:00,SAFETY_REVIEW_OVERDUE
ALT-C17838AE6962,SQ-001838,ESCALATION_REQUIRED,HIGH,A safeguarding workflow escalation was triggered.,Team Leader must review the case and record the outcome.,Team Leader,OPEN,2025-06-15 00:05:00,ESCALATION_TRIGGERED
ALT-832FFFA85C7A,SQ-001873,ESCALATION_REQUIRED,HIGH,A safeguarding workflow escalation was triggered.,Team Leader must review the case and record the outcome.,Team Leader,OPEN,2025-06-15 00:05:00,ESCALATION_TRIGGERED
ALT-C36C00116F53,SQ-002031,ESCALATION_REQUIRED,HIGH,A safeguarding workflow escalation was triggered.,Team Leader must review the case and record the outcome.,Team Leader,OPEN,2025-06-15 00:05:00,ESCALATION_TRIGGERED
ALT-CBDAD7E10E10,SQ-002095,ESCALATION_REQUIRED,HIGH,A safeguarding workflow escalation was triggered.,Team Leader must review the case and record the outcome.,Team Leader,OPEN,2025-06-15 00:05:00,ESCALATION_TRIGGERED
ALT-D07A42A8D765,SQ-012718,ESCALATION_REQUIRED,HIGH,A safeguarding workflow escalation was triggered.,Team Leader must review the case and record the outcome.,Team Leader,OPEN,2025-06-15 00:05:00,ESCALATION_TRIGGERED
ALT-45A60573920E,SQ-012746,ESCALATION_REQUIRED,HIGH,A safeguarding workflow escalation was triggered.,Team Leader must review the case and record the outcome.,Team Leader,OPEN,2025-06-15 00:05:00,ESCALATION_TRIGGERED
ALT-BE2247C62A30,SQ-006281,PRIORITY_CHANGE_REVIEW,LOW,Case priority was manually changed by an authorised user.,Retain for audit review; no action required unless challenged.,Auditor,OPEN,2025-06-15 15:51:00,PRIORITY_CHANGED
ALT-3B8C35D24968,SQ-009790,SAFETY_REVIEW_OVERDUE,HIGH,Required safeguarding review was not completed by the due time.,Review the case and record the safeguarding action taken.,Team Leader,OPEN,2025-06-16 00:00:00,SAFETY_REVIEW_OVERDUE
ALT-6987A2125F8A,SQ-009813,SAFETY_REVIEW_OVERDUE,HIGH,Required safeguarding review was not completed by the due time.,Review the case and record the safeguarding action taken.,Team Leader,OPEN,2025-06-16 00:00:00,SAFETY_REVIEW_OVERDUE
ALT-B23D4F7D02FF,SQ-009790,ESCALATION_REQUIRED,HIGH,A safeguarding workflow escalation was triggered.,Team Leader must review the case and record the outcome.,Team Leader,OPEN,2025-06-16 00:05:00,ESCALATION_TRIGGERED
ALT-6295EC09B616,SQ-009813,ESCALATION_REQUIRED,HIGH,A safeguarding workflow escalation was triggered.,Team Leader must review the case and record the outcome.,Team Leader,OPEN,2025-06-16 00:05:00,ESCALATION_TRIGGERED
ALT-CE6CFD0558EA,SQ-009635,HIGH_PRIORITY_UNALLOCATED,CRITICAL,High-priority case is awaiting allocation to a social worker.,Immediate human review and allocation decision.,Team Leader,OPEN,2025-06-16 06:14:00,HIGH_PRIORITY_UNALLOCATED
ALT-56BBEAB944AA,SQ-009707,HIGH_PRIORITY_UNALLOCATED,CRITICAL,High-priority case is awaiting allocation to a social worker.,Immediate human review and allocation decision.,Team Leader,OPEN,2025-06-16 09:56:00,HIGH_PRIORITY_UNALLOCATED
ALT-2830EEF95968,SQ-012670,PRIORITY_CHANGE_REVIEW,LOW,Case priority was manually changed by an authorised user.,Retain for audit review; no action required unless challenged.,Auditor,OPEN,2025-06-16 10:42:00,PRIORITY_CHANGED
ALT-1BE2CCD82435,SQ-009750,PRIORITY_CHANGE_REVIEW,LOW,Case priority was manually changed by an authorised user.,Retain for audit review; no action required unless challenged.,Auditor,OPEN,2025-06-16 17:26:00,PRIORITY_CHANGED
ALT-0BF4FA7AD5C7,SQ-001999,SAFETY_REVIEW_OVERDUE,HIGH,Required safeguarding review was not completed by the due time.,Review the case and record the safeguarding action taken.,Team Leader,OPEN,2025-06-17 00:00:00,SAFETY_REVIEW_OVERDUE
ALT-43202478196E,SQ-001999,ESCALATION_REQUIRED,HIGH,A safeguarding workflow escalation was triggered.,Team Leader must review the case and record the outcome.,Team Leader,OPEN,2025-06-17 00:05:00,ESCALATION_TRIGGERED
ALT-F05363C705C8,SQ-009588,HIGH_PRIORITY_UNALLOCATED,CRITICAL,High-priority case is awaiting allocation to a social worker.,Immediate human review and allocation decision.,Team Leader,OPEN,2025-06-17 11:24:00,HIGH_PRIORITY_UNALLOCATED
ALT-991F972E03CB,SQ-006272,PRIORITY_CHANGE_REVIEW,LOW,Case priority was manually changed by an authorised user.,Retain for audit review; no action required unless challenged.,Auditor,OPEN,2025-06-17 13:24:00,PRIORITY_CHANGED
ALT-83889EC14434,SQ-001869,SAFETY_REVIEW_OVERDUE,HIGH,Required safeguarding review was not completed by the due time.,Review the case and record the safeguarding action taken.,Team Leader,OPEN,2025-06-18 00:00:00,SAFETY_REVIEW_OVERDUE
ALT-DDFEEA93949A,SQ-009558,SAFETY_REVIEW_OVERDUE,HIGH,Required safeguarding review was not completed by the due time.,Review the case and record the safeguarding action taken.,Team Leader,OPEN,2025-06-18 00:00:00,SAFETY_REVIEW_OVERDUE
ALT-489384E3D991,SQ-012697,SAFETY_REVIEW_OVERDUE,HIGH,Required safeguarding review was not completed by the due time.,Review the case and record the safeguarding action taken.,Team Leader,OPEN,2025-06-18 00:00:00,SAFETY_REVIEW_OVERDUE
ALT-F7672A389E1B,SQ-001869,ESCALATION_REQUIRED,HIGH,A safeguarding workflow escalation was triggered.,Team Leader must review the case and record the outcome.,Team Leader,OPEN,2025-06-18 00:05:00,ESCALATION_TRIGGERED
ALT-5CD2923B9BE7,SQ-009558,ESCALATION_REQUIRED,HIGH,A safeguarding workflow escalation was triggered.,Team Leader must review the case and record the outcome.,Team Leader,OPEN,2025-06-18 00:05:00,ESCALATION_TRIGGERED
ALT-C3659FC39203,SQ-012697,ESCALATION_REQUIRED,HIGH,A safeguarding workflow escalation was triggered.,Team Leader must review the case and record the outcome.,Team Leader,OPEN,2025-06-18 00:05:00,ESCALATION_TRIGGERED
ALT-DFCDC459F71B,SQ-001957,HIGH_PRIORITY_UNALLOCATED,CRITICAL,High-priority case is awaiting allocation to a social worker.,Immediate human review and allocation decision.,Team Leader,OPEN,2025-06-18 06:51:00,HIGH_PRIORITY_UNALLOCATED
ALT-683AE8B1ACA2,SQ-002084,SAFETY_REVIEW_OVERDUE,HIGH,Required safeguarding review was not completed by the due time.,Review the case and record the safeguarding action taken.,Team Leader,OPEN,2025-06-19 00:00:00,SAFETY_REVIEW_OVERDUE
ALT-6D62E52D06FF,SQ-006177,SAFETY_REVIEW_OVERDUE,HIGH,Required safeguarding review was not completed by the due time.,Review the case and record the safeguarding action taken.,Team Leader,OPEN,2025-06-19 00:00:00,SAFETY_REVIEW_OVERDUE
ALT-1A80ADF38A8E,SQ-002084,ESCALATION_REQUIRED,HIGH,A safeguarding workflow escalation was triggered.,Team Leader must review the case and record the outcome.,Team Leader,OPEN,2025-06-19 00:05:00,ESCALATION_TRIGGERED
ALT-7CC373812A26,SQ-006177,ESCALATION_REQUIRED,HIGH,A safeguarding workflow escalation was triggered.,Team Leader must review the case and record the outcome.,Team Leader,OPEN,2025-06-19 00:05:00,ESCALATION_TRIGGERED
ALT-38409F9723C4,SQ-001957,SAFETY_REVIEW_OVERDUE,HIGH,Required safeguarding review was not completed by the due time.,Review the case and record the safeguarding action taken.,Team Leader,OPEN,2025-06-20 00:00:00,SAFETY_REVIEW_OVERDUE
ALT-D7B5301AEBE1,SQ-002104,SAFETY_REVIEW_OVERDUE,HIGH,Required safeguarding review was not completed by the due time.,Review the case and record the safeguarding action taken.,Team Leader,OPEN,2025-06-20 00:00:00,SAFETY_REVIEW_OVERDUE
ALT-53628FAFC30A,SQ-006083,SAFETY_REVIEW_OVERDUE,HIGH,Required safeguarding review was not completed by the due time.,Review the case and record the safeguarding action taken.,Team Leader,OPEN,2025-06-20 00:00:00,SAFETY_REVIEW_OVERDUE
ALT-FAA0881830E7,SQ-009643,SAFETY_REVIEW_OVERDUE,HIGH,Required safeguarding review was not completed by the due time.,Review the case and record the safeguarding action taken.,Team Leader,OPEN,2025-06-20 00:00:00,SAFETY_REVIEW_OVERDUE
ALT-3144EEA30851,SQ-001957,ESCALATION_REQUIRED,HIGH,A safeguarding workflow escalation was triggered.,Team Leader must review the case and record the outcome.,Team Leader,OPEN,2025-06-20 00:05:00,ESCALATION_TRIGGERED
ALT-D7DFF2A2C823,SQ-002104,ESCALATION_REQUIRED,HIGH,A safeguarding workflow escalation was triggered.,Team Leader must review the case and record the outcome.,Team Leader,OPEN,2025-06-20 00:05:00,ESCALATION_TRIGGERED
ALT-D57AF499D47F,SQ-006083,ESCALATION_REQUIRED,HIGH,A safeguarding workflow escalation was triggered.,Team Leader must review the case and record the outcome.,Team Leader,OPEN,2025-06-20 00:05:00,ESCALATION_TRIGGERED
ALT-29C4D5D19AFB,SQ-009643,ESCALATION_REQUIRED,HIGH,A safeguarding workflow escalation was triggered.,Team Leader must review the case and record the outcome.,Team Leader,OPEN,2025-06-20 00:05:00,ESCALATION_TRIGGERED
ALT-A07B296153CD,SQ-009734,HIGH_PRIORITY_UNALLOCATED,CRITICAL,High-priority case is awaiting allocation to a social worker.,Immediate human review and allocation decision.,Team Leader,OPEN,2025-06-20 05:58:00,HIGH_PRIORITY_UNALLOCATED
ALT-CDF126C69EF9,SQ-012686,PRIORITY_CHANGE_REVIEW,LOW,Case priority was manually changed by an authorised user.,Retain for audit review; no action required unless challenged.,Auditor,OPEN,2025-06-20 11:00:00,PRIORITY_CHANGED
ALT-4C44BBF1FD54,SQ-002042,HIGH_PRIORITY_UNALLOCATED,CRITICAL,High-priority case is awaiting allocation to a social worker.,Immediate human review and allocation decision.,Team Leader,OPEN,2025-06-20 11:54:00,HIGH_PRIORITY_UNALLOCATED
ALT-A0C56AA695C3,SQ-009705,SAFETY_REVIEW_OVERDUE,HIGH,Required safeguarding review was not completed by the due time.,Review the case and record the safeguarding action taken.,Team Leader,OPEN,2025-06-21 00:00:00,SAFETY_REVIEW_OVERDUE
ALT-179151EAAC8D,SQ-009707,SAFETY_REVIEW_OVERDUE,HIGH,Required safeguarding review was not completed by the due time.,Review the case and record the safeguarding action taken.,Team Leader,OPEN,2025-06-21 00:00:00,SAFETY_REVIEW_OVERDUE
ALT-B24BFAF96A08,SQ-009705,ESCALATION_REQUIRED,HIGH,A safeguarding workflow escalation was triggered.,Team Leader must review the case and record the outcome.,Team Leader,OPEN,2025-06-21 00:05:00,ESCALATION_TRIGGERED
ALT-482FF8BD1101,SQ-009707,ESCALATION_REQUIRED,HIGH,A safeguarding workflow escalation was triggered.,Team Leader must review the case and record the outcome.,Team Leader,OPEN,2025-06-21 00:05:00,ESCALATION_TRIGGERED
ALT-31F1C39198EC,SQ-001990,HIGH_PRIORITY_UNALLOCATED,CRITICAL,High-priority case is awaiting allocation to a social worker.,Immediate human review and allocation decision.,Team Leader,OPEN,2025-06-21 06:13:00,HIGH_PRIORITY_UNALLOCATED
ALT-BE5E473CCE0F,SQ-001875,HIGH_PRIORITY_UNALLOCATED,CRITICAL,High-priority case is awaiting allocation to a social worker.,Immediate human review and allocation decision.,Team Leader,OPEN,2025-06-21 16:06:00,HIGH_PRIORITY_UNALLOCATED
ALT-2F00645F84FE,SQ-006269,HIGH_PRIORITY_UNALLOCATED,CRITICAL,High-priority case is awaiting allocation to a social worker.,Immediate human review and allocation decision.,Team Leader,OPEN,2025-06-21 20:46:00,HIGH_PRIORITY_UNALLOCATED
ALT-C34A50A1D6E1,SQ-012638,SAFETY_REVIEW_OVERDUE,HIGH,Required safeguarding review was not completed by the due time.,Review the case and record the safeguarding action taken.,Team Leader,OPEN,2025-06-22 00:00:00,SAFETY_REVIEW_OVERDUE
ALT-4C02756E9E7F,SQ-012638,ESCALATION_REQUIRED,HIGH,A safeguarding workflow escalation was triggered.,Team Leader must review the case and record the outcome.,Team Leader,OPEN,2025-06-22 00:05:00,ESCALATION_TRIGGERED
ALT-9B2A24001C35,SQ-006303,HIGH_PRIORITY_UNALLOCATED,CRITICAL,High-priority case is awaiting allocation to a social worker.,Immediate human review and allocation decision.,Team Leader,OPEN,2025-06-22 01:41:00,HIGH_PRIORITY_UNALLOCATED
ALT-F6F80E2CBEBF,SQ-001944,HIGH_PRIORITY_UNALLOCATED,CRITICAL,High-priority case is awaiting allocation to a social worker.,Immediate human review and allocation decision.,Team Leader,OPEN,2025-06-22 03:06:00,HIGH_PRIORITY_UNALLOCATED
ALT-D1E8766B81E8,SQ-002113,HIGH_PRIORITY_UNALLOCATED,CRITICAL,High-priority case is awaiting allocation to a social worker.,Immediate human review and allocation decision.,Team Leader,OPEN,2025-06-22 05:51:00,HIGH_PRIORITY_UNALLOCATED
ALT-676244ED1870,SQ-012781,HIGH_PRIORITY_UNALLOCATED,CRITICAL,High-priority case is awaiting allocation to a social worker.,Immediate human review and allocation decision.,Team Leader,OPEN,2025-06-22 12:23:00,HIGH_PRIORITY_UNALLOCATED
ALT-9C76A969C3ED,SQ-012663,HIGH_PRIORITY_UNALLOCATED,CRITICAL,High-priority case is awaiting allocation to a social worker.,Immediate human review and allocation decision.,Team Leader,OPEN,2025-06-22 22:07:00,HIGH_PRIORITY_UNALLOCATED
ALT-37AD95F177C7,SQ-001822,SAFETY_REVIEW_OVERDUE,HIGH,Required safeguarding review was not completed by the due time.,Review the case and record the safeguarding action taken.,Team Leader,OPEN,2025-06-23 00:00:00,SAFETY_REVIEW_OVERDUE
ALT-F82644DDC208,SQ-009573,SAFETY_REVIEW_OVERDUE,HIGH,Required safeguarding review was not completed by the due time.,Review the case and record the safeguarding action taken.,Team Leader,OPEN,2025-06-23 00:00:00,SAFETY_REVIEW_OVERDUE
ALT-D940811E7586,SQ-009635,SAFETY_REVIEW_OVERDUE,HIGH,Required safeguarding review was not completed by the due time.,Review the case and record the safeguarding action taken.,Team Leader,OPEN,2025-06-23 00:00:00,SAFETY_REVIEW_OVERDUE
ALT-F8D48F0B2082,SQ-001822,ESCALATION_REQUIRED,HIGH,A safeguarding workflow escalation was triggered.,Team Leader must review the case and record the outcome.,Team Leader,OPEN,2025-06-23 00:05:00,ESCALATION_TRIGGERED
ALT-83689E6078C9,SQ-009573,ESCALATION_REQUIRED,HIGH,A safeguarding workflow escalation was triggered.,Team Leader must review the case and record the outcome.,Team Leader,OPEN,2025-06-23 00:05:00,ESCALATION_TRIGGERED
ALT-255D6E67CA10,SQ-009635,ESCALATION_REQUIRED,HIGH,A safeguarding workflow escalation was triggered.,Team Leader must review the case and record the outcome.,Team Leader,OPEN,2025-06-23 00:05:00,ESCALATION_TRIGGERED
ALT-088A1EA803C7,SQ-006235,HIGH_PRIORITY_UNALLOCATED,CRITICAL,High-priority case is awaiting allocation to a social worker.,Immediate human review and allocation decision.,Team Leader,OPEN,2025-06-23 02:58:00,HIGH_PRIORITY_UNALLOCATED
ALT-93E01A2DB2F2,SQ-006151,PRIORITY_CHANGE_REVIEW,LOW,Case priority was manually changed by an authorised user.,Retain for audit review; no action required unless challenged.,Auditor,OPEN,2025-06-23 14:17:00,PRIORITY_CHANGED
ALT-C3761E96FEA4,SQ-001825,SAFETY_REVIEW_OVERDUE,HIGH,Required safeguarding review was not completed by the due time.,Review the case and record the safeguarding action taken.,Team Leader,OPEN,2025-06-24 00:00:00,SAFETY_REVIEW_OVERDUE
ALT-9FA30590F764,SQ-001848,SAFETY_REVIEW_OVERDUE,HIGH,Required safeguarding review was not completed by the due time.,Review the case and record the safeguarding action taken.,Team Leader,OPEN,2025-06-24 00:00:00,SAFETY_REVIEW_OVERDUE
ALT-CF60FCCD5771,SQ-001902,SAFETY_REVIEW_OVERDUE,HIGH,Required safeguarding review was not completed by the due time.,Review the case and record the safeguarding action taken.,Team Leader,OPEN,2025-06-24 00:00:00,SAFETY_REVIEW_OVERDUE
ALT-8C77CD0B562F,SQ-006032,SAFETY_REVIEW_OVERDUE,HIGH,Required safeguarding review was not completed by the due time.,Review the case and record the safeguarding action taken.,Team Leader,OPEN,2025-06-24 00:00:00,SAFETY_REVIEW_OVERDUE
ALT-0E2E4C97D916,SQ-006089,SAFETY_REVIEW_OVERDUE,HIGH,Required safeguarding review was not completed by the due time.,Review the case and record the safeguarding action taken.,Team Leader,OPEN,2025-06-24 00:00:00,SAFETY_REVIEW_OVERDUE
ALT-7F2CC9F473AD,SQ-012641,SAFETY_REVIEW_OVERDUE,HIGH,Required safeguarding review was not completed by the due time.,Review the case and record the safeguarding action taken.,Team Leader,OPEN,2025-06-24 00:00:00,SAFETY_REVIEW_OVERDUE
ALT-A8D64A8C060E,SQ-001825,ESCALATION_REQUIRED,HIGH,A safeguarding workflow escalation was triggered.,Team Leader must review the case and record the outcome.,Team Leader,OPEN,2025-06-24 00:05:00,ESCALATION_TRIGGERED
ALT-1646A2BDC1B1,SQ-001848,ESCALATION_REQUIRED,HIGH,A safeguarding workflow escalation was triggered.,Team Leader must review the case and record the outcome.,Team Leader,OPEN,2025-06-24 00:05:00,ESCALATION_TRIGGERED
ALT-209A3E123629,SQ-001902,ESCALATION_REQUIRED,HIGH,A safeguarding workflow escalation was triggered.,Team Leader must review the case and record the outcome.,Team Leader,OPEN,2025-06-24 00:05:00,ESCALATION_TRIGGERED
ALT-1D6E8952A547,SQ-006032,ESCALATION_REQUIRED,HIGH,A safeguarding workflow escalation was triggered.,Team Leader must review the case and record the outcome.,Team Leader,OPEN,2025-06-24 00:05:00,ESCALATION_TRIGGERED
ALT-84A9F47C396B,SQ-006089,ESCALATION_REQUIRED,HIGH,A safeguarding workflow escalation was triggered.,Team Leader must review the case and record the outcome.,Team Leader,OPEN,2025-06-24 00:05:00,ESCALATION_TRIGGERED
ALT-5CF591814A78,SQ-012641,ESCALATION_REQUIRED,HIGH,A safeguarding workflow escalation was triggered.,Team Leader must review the case and record the outcome.,Team Leader,OPEN,2025-06-24 00:05:00,ESCALATION_TRIGGERED
ALT-EF251CFD8CDF,SQ-001935,HIGH_PRIORITY_UNALLOCATED,CRITICAL,High-priority case is awaiting allocation to a social worker.,Immediate human review and allocation decision.,Team Leader,OPEN,2025-06-24 21:48:00,HIGH_PRIORITY_UNALLOCATED
ALT-82AABB06D5D0,SQ-006189,SAFETY_REVIEW_OVERDUE,HIGH,Required safeguarding review was not completed by the due time.,Review the case and record the safeguarding action taken.,Team Leader,OPEN,2025-06-25 00:00:00,SAFETY_REVIEW_OVERDUE
ALT-DEDBE2C5EC99,SQ-012625,SAFETY_REVIEW_OVERDUE,HIGH,Required safeguarding review was not completed by the due time.,Review the case and record the safeguarding action taken.,Team Leader,OPEN,2025-06-25 00:00:00,SAFETY_REVIEW_OVERDUE
ALT-A38C76850ED3,SQ-006189,ESCALATION_REQUIRED,HIGH,A safeguarding workflow escalation was triggered.,Team Leader must review the case and record the outcome.,Team Leader,OPEN,2025-06-25 00:05:00,ESCALATION_TRIGGERED
ALT-86F5089FBC61,SQ-012625,ESCALATION_REQUIRED,HIGH,A safeguarding workflow escalation was triggered.,Team Leader must review the case and record the outcome.,Team Leader,OPEN,2025-06-25 00:05:00,ESCALATION_TRIGGERED
ALT-2BD0317431F8,SQ-012747,SAFETY_REVIEW_OVERDUE,HIGH,Required safeguarding review was not completed by the due time.,Review the case and record the safeguarding action taken.,Team Leader,OPEN,2025-06-26 00:00:00,SAFETY_REVIEW_OVERDUE
ALT-12926FC9CD7C,SQ-012747,ESCALATION_REQUIRED,HIGH,A safeguarding workflow escalation was triggered.,Team Leader must review the case and record the outcome.,Team Leader,OPEN,2025-06-26 00:05:00,ESCALATION_TRIGGERED
ALT-4969DF85C08C,SQ-001932,SAFETY_REVIEW_OVERDUE,HIGH,Required safeguarding review was not completed by the due time.,Review the case and record the safeguarding action taken.,Team Leader,OPEN,2025-06-27 00:00:00,SAFETY_REVIEW_OVERDUE
ALT-49BB832488AB,SQ-006042,SAFETY_REVIEW_OVERDUE,HIGH,Required safeguarding review was not completed by the due time.,Review the case and record the safeguarding action taken.,Team Leader,OPEN,2025-06-27 00:00:00,SAFETY_REVIEW_OVERDUE
ALT-6D004DBF012F,SQ-001932,ESCALATION_REQUIRED,HIGH,A safeguarding workflow escalation was triggered.,Team Leader must review the case and record the outcome.,Team Leader,OPEN,2025-06-27 00:05:00,ESCALATION_TRIGGERED
ALT-7F8D20E9DA6A,SQ-006042,ESCALATION_REQUIRED,HIGH,A safeguarding workflow escalation was triggered.,Team Leader must review the case and record the outcome.,Team Leader,OPEN,2025-06-27 00:05:00,ESCALATION_TRIGGERED
ALT-AF547B2E7FFC,SQ-001890,HIGH_PRIORITY_UNALLOCATED,CRITICAL,High-priority case is awaiting allocation to a social worker.,Immediate human review and allocation decision.,Team Leader,OPEN,2025-06-27 01:17:00,HIGH_PRIORITY_UNALLOCATED
ALT-45CEF07912E0,SQ-009684,PRIORITY_CHANGE_REVIEW,LOW,Case priority was manually changed by an authorised user.,Retain for audit review; no action required unless challenged.,Auditor,OPEN,2025-06-27 08:46:00,PRIORITY_CHANGED
ALT-3575D71849D4,SQ-009838,PRIORITY_CHANGE_REVIEW,LOW,Case priority was manually changed by an authorised user.,Retain for audit review; no action required unless challenged.,Auditor,OPEN,2025-06-27 09:43:00,PRIORITY_CHANGED
ALT-34CB3CCBB15F,SQ-006168,SAFETY_REVIEW_OVERDUE,HIGH,Required safeguarding review was not completed by the due time.,Review the case and record the safeguarding action taken.,Team Leader,OPEN,2025-06-28 00:00:00,SAFETY_REVIEW_OVERDUE
ALT-51F188FF8B62,SQ-006168,ESCALATION_REQUIRED,HIGH,A safeguarding workflow escalation was triggered.,Team Leader must review the case and record the outcome.,Team Leader,OPEN,2025-06-28 00:05:00,ESCALATION_TRIGGERED
ALT-790984E641ED,SQ-001920,HIGH_PRIORITY_UNALLOCATED,CRITICAL,High-priority case is awaiting allocation to a social worker.,Immediate human review and allocation decision.,Team Leader,OPEN,2025-06-28 09:17:00,HIGH_PRIORITY_UNALLOCATED
ALT-CEE8652BFDF1,SQ-009606,PRIORITY_CHANGE_REVIEW,LOW,Case priority was manually changed by an authorised user.,Retain for audit review; no action required unless challenged.,Auditor,OPEN,2025-06-28 11:52:00,PRIORITY_CHANGED
ALT-400037259347,SQ-012777,HIGH_PRIORITY_UNALLOCATED,CRITICAL,High-priority case is awaiting allocation to a social worker.,Immediate human review and allocation decision.,Team Leader,OPEN,2025-06-28 18:02:00,HIGH_PRIORITY_UNALLOCATED
ALT-36B7B8147ED2,SQ-001804,HIGH_PRIORITY_UNALLOCATED,CRITICAL,High-priority case is awaiting allocation to a social worker.,Immediate human review and allocation decision.,Team Leader,OPEN,2025-06-28 20:21:00,HIGH_PRIORITY_UNALLOCATED
ALT-B251B9A10C8D,SQ-002113,SAFETY_REVIEW_OVERDUE,HIGH,Required safeguarding review was not completed by the due time.,Review the case and record the safeguarding action taken.,Team Leader,OPEN,2025-06-29 00:00:00,SAFETY_REVIEW_OVERDUE
ALT-CBEE50020FE0,SQ-006179,SAFETY_REVIEW_OVERDUE,HIGH,Required safeguarding review was not completed by the due time.,Review the case and record the safeguarding action taken.,Team Leader,OPEN,2025-06-29 00:00:00,SAFETY_REVIEW_OVERDUE
ALT-A7C5428FAAFB,SQ-006235,SAFETY_REVIEW_OVERDUE,HIGH,Required safeguarding review was not completed by the due time.,Review the case and record the safeguarding action taken.,Team Leader,OPEN,2025-06-29 00:00:00,SAFETY_REVIEW_OVERDUE
ALT-A046402C2837,SQ-006269,SAFETY_REVIEW_OVERDUE,HIGH,Required safeguarding review was not completed by the due time.,Review the case and record the safeguarding action taken.,Team Leader,OPEN,2025-06-29 00:00:00,SAFETY_REVIEW_OVERDUE
ALT-CF196905D208,SQ-012667,SAFETY_REVIEW_OVERDUE,HIGH,Required safeguarding review was not completed by the due time.,Review the case and record the safeguarding action taken.,Team Leader,OPEN,2025-06-29 00:00:00,SAFETY_REVIEW_OVERDUE
ALT-CB5A8B385F82,SQ-012781,SAFETY_REVIEW_OVERDUE,HIGH,Required safeguarding review was not completed by the due time.,Review the case and record the safeguarding action taken.,Team Leader,OPEN,2025-06-29 00:00:00,SAFETY_REVIEW_OVERDUE
ALT-0AE4247B2D66,SQ-002113,ESCALATION_REQUIRED,HIGH,A safeguarding workflow escalation was triggered.,Team Leader must review the case and record the outcome.,Team Leader,OPEN,2025-06-29 00:05:00,ESCALATION_TRIGGERED
ALT-94F7418A8E97,SQ-006179,ESCALATION_REQUIRED,HIGH,A safeguarding workflow escalation was triggered.,Team Leader must review the case and record the outcome.,Team Leader,OPEN,2025-06-29 00:05:00,ESCALATION_TRIGGERED
ALT-CA2595290C35,SQ-006235,ESCALATION_REQUIRED,HIGH,A safeguarding workflow escalation was triggered.,Team Leader must review the case and record the outcome.,Team Leader,OPEN,2025-06-29 00:05:00,ESCALATION_TRIGGERED
ALT-833673CB3976,SQ-006269,ESCALATION_REQUIRED,HIGH,A safeguarding workflow escalation was triggered.,Team Leader must review the case and record the outcome.,Team Leader,OPEN,2025-06-29 00:05:00,ESCALATION_TRIGGERED
ALT-EEB40DCB0EBC,SQ-012667,ESCALATION_REQUIRED,HIGH,A safeguarding workflow escalation was triggered.,Team Leader must review the case and record the outcome.,Team Leader,OPEN,2025-06-29 00:05:00,ESCALATION_TRIGGERED
ALT-85190DBC355E,SQ-012781,ESCALATION_REQUIRED,HIGH,A safeguarding workflow escalation was triggered.,Team Leader must review the case and record the outcome.,Team Leader,OPEN,2025-06-29 00:05:00,ESCALATION_TRIGGERED
ALT-13BDAEA82804,SQ-002050,HIGH_PRIORITY_UNALLOCATED,CRITICAL,High-priority case is awaiting allocation to a social worker.,Immediate human review and allocation decision.,Team Leader,OPEN,2025-06-29 15:29:00,HIGH_PRIORITY_UNALLOCATED
ALT-6889016A4ED4,SQ-006127,SAFETY_REVIEW_OVERDUE,HIGH,Required safeguarding review was not completed by the due time.,Review the case and record the safeguarding action taken.,Team Leader,OPEN,2025-06-30 00:00:00,SAFETY_REVIEW_OVERDUE
ALT-E445FC3B30DC,SQ-009812,SAFETY_REVIEW_OVERDUE,HIGH,Required safeguarding review was not completed by the due time.,Review the case and record the safeguarding action taken.,Team Leader,OPEN,2025-06-30 00:00:00,SAFETY_REVIEW_OVERDUE
ALT-147CE8C74459,SQ-006127,ESCALATION_REQUIRED,HIGH,A safeguarding workflow escalation was triggered.,Team Leader must review the case and record the outcome.,Team Leader,OPEN,2025-06-30 00:05:00,ESCALATION_TRIGGERED
ALT-FF462895A5B6,SQ-009812,ESCALATION_REQUIRED,HIGH,A safeguarding workflow escalation was triggered.,Team Leader must review the case and record the outcome.,Team Leader,OPEN,2025-06-30 00:05:00,ESCALATION_TRIGGERED
ALT-F477BE5FC6F0,SQ-006155,PRIORITY_CHANGE_REVIEW,LOW,Case priority was manually changed by an authorised user.,Retain for audit review; no action required unless challenged.,Auditor,OPEN,2025-06-30 17:27:00,PRIORITY_CHANGED
ALT-CB5E1671E0B3,SQ-012647,HIGH_PRIORITY_UNALLOCATED,CRITICAL,High-priority case is awaiting allocation to a social worker.,Immediate human review and allocation decision.,Team Leader,OPEN,2025-06-30 21:13:00,HIGH_PRIORITY_UNALLOCATED
ALT-43C42C23E9A8,SQ-002040,HIGH_PRIORITY_UNALLOCATED,CRITICAL,High-priority case is awaiting allocation to a social worker.,Immediate human review and allocation decision.,Team Leader,OPEN,2025-07-01 03:56:00,HIGH_PRIORITY_UNALLOCATED
ALT-BD85E7B16A91,SQ-009575,HIGH_PRIORITY_UNALLOCATED,CRITICAL,High-priority case is awaiting allocation to a social worker.,Immediate human review and allocation decision.,Team Leader,OPEN,2025-07-01 04:09:00,HIGH_PRIORITY_UNALLOCATED
ALT-C65DFA78521E,SQ-009628,PRIORITY_CHANGE_REVIEW,LOW,Case priority was manually changed by an authorised user.,Retain for audit review; no action required unless challenged.,Auditor,OPEN,2025-07-01 17:45:00,PRIORITY_CHANGED
ALT-58F84B7A7ED4,SQ-006628,HIGH_PRIORITY_UNALLOCATED,CRITICAL,High-priority case is awaiting allocation to a social worker.,Immediate human review and allocation decision.,Team Leader,OPEN,2025-07-02 08:22:00,HIGH_PRIORITY_UNALLOCATED
ALT-62BBE1077E7A,SQ-002041,PRIORITY_CHANGE_REVIEW,LOW,Case priority was manually changed by an authorised user.,Retain for audit review; no action required unless challenged.,Auditor,OPEN,2025-07-02 12:46:00,PRIORITY_CHANGED
ALT-F5A3E8516AF5,SQ-002317,HIGH_PRIORITY_UNALLOCATED,CRITICAL,High-priority case is awaiting allocation to a social worker.,Immediate human review and allocation decision.,Team Leader,OPEN,2025-07-02 21:52:00,HIGH_PRIORITY_UNALLOCATED
ALT-62E474C26917,SQ-006077,PRIORITY_CHANGE_REVIEW,LOW,Case priority was manually changed by an authorised user.,Retain for audit review; no action required unless challenged.,Auditor,OPEN,2025-07-03 14:20:00,PRIORITY_CHANGED
ALT-5B78766E8CB3,SQ-002468,HIGH_PRIORITY_UNALLOCATED,CRITICAL,High-priority case is awaiting allocation to a social worker.,Immediate human review and allocation decision.,Team Leader,OPEN,2025-07-04 04:30:00,HIGH_PRIORITY_UNALLOCATED
ALT-53BDC3D4DC8D,SQ-006562,HIGH_PRIORITY_UNALLOCATED,CRITICAL,High-priority case is awaiting allocation to a social worker.,Immediate human review and allocation decision.,Team Leader,OPEN,2025-07-04 09:09:00,HIGH_PRIORITY_UNALLOCATED
ALT-F18709E85A9F,SQ-002244,HIGH_PRIORITY_UNALLOCATED,CRITICAL,High-priority case is awaiting allocation to a social worker.,Immediate human review and allocation decision.,Team Leader,OPEN,2025-07-04 21:05:00,HIGH_PRIORITY_UNALLOCATED
ALT-12A87489F871,SQ-002466,HIGH_PRIORITY_UNALLOCATED,CRITICAL,High-priority case is awaiting allocation to a social worker.,Immediate human review and allocation decision.,Team Leader,OPEN,2025-07-05 03:44:00,HIGH_PRIORITY_UNALLOCATED
ALT-94CCD260DDBF,SQ-002325,HIGH_PRIORITY_UNALLOCATED,CRITICAL,High-priority case is awaiting allocation to a social worker.,Immediate human review and allocation decision.,Team Leader,OPEN,2025-07-06 22:13:00,HIGH_PRIORITY_UNALLOCATED
ALT-7918BDDFDD02,SQ-002382,SAFETY_REVIEW_OVERDUE,HIGH,Required safeguarding review was not completed by the due time.,Review the case and record the safeguarding action taken.,Team Leader,OPEN,2025-07-07 00:00:00,SAFETY_REVIEW_OVERDUE
ALT-6DCD542BFC4E,SQ-002382,ESCALATION_REQUIRED,HIGH,A safeguarding workflow escalation was triggered.,Team Leader must review the case and record the outcome.,Team Leader,OPEN,2025-07-07 00:05:00,ESCALATION_TRIGGERED
ALT-0914ADB1AA36,SQ-002299,HIGH_PRIORITY_UNALLOCATED,CRITICAL,High-priority case is awaiting allocation to a social worker.,Immediate human review and allocation decision.,Team Leader,OPEN,2025-07-07 05:24:00,HIGH_PRIORITY_UNALLOCATED
ALT-CD66ECEF74AC,SQ-006418,SAFETY_REVIEW_OVERDUE,HIGH,Required safeguarding review was not completed by the due time.,Review the case and record the safeguarding action taken.,Team Leader,OPEN,2025-07-08 00:00:00,SAFETY_REVIEW_OVERDUE
ALT-CA0AB85D107D,SQ-006418,ESCALATION_REQUIRED,HIGH,A safeguarding workflow escalation was triggered.,Team Leader must review the case and record the outcome.,Team Leader,OPEN,2025-07-08 00:05:00,ESCALATION_TRIGGERED
ALT-8EF374D34FAE,SQ-010110,HIGH_PRIORITY_UNALLOCATED,CRITICAL,High-priority case is awaiting allocation to a social worker.,Immediate human review and allocation decision.,Team Leader,OPEN,2025-07-08 09:54:00,HIGH_PRIORITY_UNALLOCATED
ALT-250994E3A9F6,SQ-010082,PRIORITY_CHANGE_REVIEW,LOW,Case priority was manually changed by an authorised user.,Retain for audit review; no action required unless challenged.,Auditor,OPEN,2025-07-08 10:05:00,PRIORITY_CHANGED
ALT-0FEC513A342C,SQ-002188,SAFETY_REVIEW_OVERDUE,HIGH,Required safeguarding review was not completed by the due time.,Review the case and record the safeguarding action taken.,Team Leader,OPEN,2025-07-09 00:00:00,SAFETY_REVIEW_OVERDUE
ALT-32410977B718,SQ-006441,SAFETY_REVIEW_OVERDUE,HIGH,Required safeguarding review was not completed by the due time.,Review the case and record the safeguarding action taken.,Team Leader,OPEN,2025-07-09 00:00:00,SAFETY_REVIEW_OVERDUE
ALT-B79322F1BABE,SQ-002188,ESCALATION_REQUIRED,HIGH,A safeguarding workflow escalation was triggered.,Team Leader must review the case and record the outcome.,Team Leader,OPEN,2025-07-09 00:05:00,ESCALATION_TRIGGERED
ALT-5EA730497992,SQ-006441,ESCALATION_REQUIRED,HIGH,A safeguarding workflow escalation was triggered.,Team Leader must review the case and record the outcome.,Team Leader,OPEN,2025-07-09 00:05:00,ESCALATION_TRIGGERED
ALT-19EB6CCAC4A8,SQ-006560,PRIORITY_CHANGE_REVIEW,LOW,Case priority was manually changed by an authorised user.,Retain for audit review; no action required unless challenged.,Auditor,OPEN,2025-07-09 14:54:00,PRIORITY_CHANGED
ALT-EE71B016E407,SQ-002310,PRIORITY_CHANGE_REVIEW,LOW,Case priority was manually changed by an authorised user.,Retain for audit review; no action required unless challenged.,Auditor,OPEN,2025-07-09 15:15:00,PRIORITY_CHANGED
ALT-C12EC081ECC8,SQ-006372,SAFETY_REVIEW_OVERDUE,HIGH,Required safeguarding review was not completed by the due time.,Review the case and record the safeguarding action taken.,Team Leader,OPEN,2025-07-10 00:00:00,SAFETY_REVIEW_OVERDUE
ALT-17DD5913660A,SQ-006456,SAFETY_REVIEW_OVERDUE,HIGH,Required safeguarding review was not completed by the due time.,Review the case and record the safeguarding action taken.,Team Leader,OPEN,2025-07-10 00:00:00,SAFETY_REVIEW_OVERDUE
ALT-7D82BB307AD8,SQ-009954,SAFETY_REVIEW_OVERDUE,HIGH,Required safeguarding review was not completed by the due time.,Review the case and record the safeguarding action taken.,Team Leader,OPEN,2025-07-10 00:00:00,SAFETY_REVIEW_OVERDUE
ALT-7734AA9E5E2A,SQ-012956,SAFETY_REVIEW_OVERDUE,HIGH,Required safeguarding review was not completed by the due time.,Review the case and record the safeguarding action taken.,Team Leader,OPEN,2025-07-10 00:00:00,SAFETY_REVIEW_OVERDUE
ALT-892014B5B189,SQ-006372,ESCALATION_REQUIRED,HIGH,A safeguarding workflow escalation was triggered.,Team Leader must review the case and record the outcome.,Team Leader,OPEN,2025-07-10 00:05:00,ESCALATION_TRIGGERED
ALT-23FE9690482F,SQ-006456,ESCALATION_REQUIRED,HIGH,A safeguarding workflow escalation was triggered.,Team Leader must review the case and record the outcome.,Team Leader,OPEN,2025-07-10 00:05:00,ESCALATION_TRIGGERED
ALT-D7685773E7A1,SQ-009954,ESCALATION_REQUIRED,HIGH,A safeguarding workflow escalation was triggered.,Team Leader must review the case and record the outcome.,Team Leader,OPEN,2025-07-10 00:05:00,ESCALATION_TRIGGERED
ALT-E84413289EFA,SQ-012956,ESCALATION_REQUIRED,HIGH,A safeguarding workflow escalation was triggered.,Team Leader must review the case and record the outcome.,Team Leader,OPEN,2025-07-10 00:05:00,ESCALATION_TRIGGERED
ALT-9E0E34679DE1,SQ-009865,HIGH_PRIORITY_UNALLOCATED,CRITICAL,High-priority case is awaiting allocation to a social worker.,Immediate human review and allocation decision.,Team Leader,OPEN,2025-07-10 20:02:00,HIGH_PRIORITY_UNALLOCATED
ALT-27A02C6153CF,SQ-006347,SAFETY_REVIEW_OVERDUE,HIGH,Required safeguarding review was not completed by the due time.,Review the case and record the safeguarding action taken.,Team Leader,OPEN,2025-07-11 00:00:00,SAFETY_REVIEW_OVERDUE
ALT-688ACD798AD1,SQ-009945,SAFETY_REVIEW_OVERDUE,HIGH,Required safeguarding review was not completed by the due time.,Review the case and record the safeguarding action taken.,Team Leader,OPEN,2025-07-11 00:00:00,SAFETY_REVIEW_OVERDUE
ALT-53DDE7C60D8D,SQ-010122,SAFETY_REVIEW_OVERDUE,HIGH,Required safeguarding review was not completed by the due time.,Review the case and record the safeguarding action taken.,Team Leader,OPEN,2025-07-11 00:00:00,SAFETY_REVIEW_OVERDUE
ALT-83B1B1D5D7C3,SQ-006347,ESCALATION_REQUIRED,HIGH,A safeguarding workflow escalation was triggered.,Team Leader must review the case and record the outcome.,Team Leader,OPEN,2025-07-11 00:05:00,ESCALATION_TRIGGERED
ALT-EC1E8AD53A39,SQ-009945,ESCALATION_REQUIRED,HIGH,A safeguarding workflow escalation was triggered.,Team Leader must review the case and record the outcome.,Team Leader,OPEN,2025-07-11 00:05:00,ESCALATION_TRIGGERED
ALT-4C59AA8C965E,SQ-010122,ESCALATION_REQUIRED,HIGH,A safeguarding workflow escalation was triggered.,Team Leader must review the case and record the outcome.,Team Leader,OPEN,2025-07-11 00:05:00,ESCALATION_TRIGGERED
ALT-DBAB86B37164,SQ-009919,HIGH_PRIORITY_UNALLOCATED,CRITICAL,High-priority case is awaiting allocation to a social worker.,Immediate human review and allocation decision.,Team Leader,OPEN,2025-07-11 08:22:00,HIGH_PRIORITY_UNALLOCATED
ALT-750D36C5284D,SQ-006525,PRIORITY_CHANGE_REVIEW,LOW,Case priority was manually changed by an authorised user.,Retain for audit review; no action required unless challenged.,Auditor,OPEN,2025-07-11 12:30:00,PRIORITY_CHANGED
ALT-8DC1B7E683A4,SQ-010049,SAFETY_REVIEW_OVERDUE,HIGH,Required safeguarding review was not completed by the due time.,Review the case and record the safeguarding action taken.,Team Leader,OPEN,2025-07-12 00:00:00,SAFETY_REVIEW_OVERDUE
ALT-11DF0C189E68,SQ-012885,SAFETY_REVIEW_OVERDUE,HIGH,Required safeguarding review was not completed by the due time.,Review the case and record the safeguarding action taken.,Team Leader,OPEN,2025-07-12 00:00:00,SAFETY_REVIEW_OVERDUE
ALT-F255C8C997BA,SQ-010049,ESCALATION_REQUIRED,HIGH,A safeguarding workflow escalation was triggered.,Team Leader must review the case and record the outcome.,Team Leader,OPEN,2025-07-12 00:05:00,ESCALATION_TRIGGERED
ALT-C11F551DA1F3,SQ-012885,ESCALATION_REQUIRED,HIGH,A safeguarding workflow escalation was triggered.,Team Leader must review the case and record the outcome.,Team Leader,OPEN,2025-07-12 00:05:00,ESCALATION_TRIGGERED
ALT-169565ABD114,SQ-002182,HIGH_PRIORITY_UNALLOCATED,CRITICAL,High-priority case is awaiting allocation to a social worker.,Immediate human review and allocation decision.,Team Leader,OPEN,2025-07-12 06:26:00,HIGH_PRIORITY_UNALLOCATED
ALT-AE26946F8CFC,SQ-002172,SAFETY_REVIEW_OVERDUE,HIGH,Required safeguarding review was not completed by the due time.,Review the case and record the safeguarding action taken.,Team Leader,OPEN,2025-07-13 00:00:00,SAFETY_REVIEW_OVERDUE
ALT-DCBB72F76098,SQ-002479,SAFETY_REVIEW_OVERDUE,HIGH,Required safeguarding review was not completed by the due time.,Review the case and record the safeguarding action taken.,Team Leader,OPEN,2025-07-13 00:00:00,SAFETY_REVIEW_OVERDUE
ALT-71AEB1EAA363,SQ-002172,ESCALATION_REQUIRED,HIGH,A safeguarding workflow escalation was triggered.,Team Leader must review the case and record the outcome.,Team Leader,OPEN,2025-07-13 00:05:00,ESCALATION_TRIGGERED
ALT-EA50C0758680,SQ-002479,ESCALATION_REQUIRED,HIGH,A safeguarding workflow escalation was triggered.,Team Leader must review the case and record the outcome.,Team Leader,OPEN,2025-07-13 00:05:00,ESCALATION_TRIGGERED
ALT-146F85B2B836,SQ-009899,HIGH_PRIORITY_UNALLOCATED,CRITICAL,High-priority case is awaiting allocation to a social worker.,Immediate human review and allocation decision.,Team Leader,OPEN,2025-07-13 02:20:00,HIGH_PRIORITY_UNALLOCATED
ALT-1AC5D905574D,SQ-006467,PRIORITY_CHANGE_REVIEW,LOW,Case priority was manually changed by an authorised user.,Retain for audit review; no action required unless challenged.,Auditor,OPEN,2025-07-13 14:39:00,PRIORITY_CHANGED
ALT-6A37A7009913,SQ-002362,PRIORITY_CHANGE_REVIEW,LOW,Case priority was manually changed by an authorised user.,Retain for audit review; no action required unless challenged.,Auditor,OPEN,2025-07-13 16:32:00,PRIORITY_CHANGED
ALT-1897E803AE09,SQ-006436,SAFETY_REVIEW_OVERDUE,HIGH,Required safeguarding review was not completed by the due time.,Review the case and record the safeguarding action taken.,Team Leader,OPEN,2025-07-14 00:00:00,SAFETY_REVIEW_OVERDUE
ALT-F199FFCBC223,SQ-009919,SAFETY_REVIEW_OVERDUE,HIGH,Required safeguarding review was not completed by the due time.,Review the case and record the safeguarding action taken.,Team Leader,OPEN,2025-07-14 00:00:00,SAFETY_REVIEW_OVERDUE
ALT-8B8DBF6F613F,SQ-010035,SAFETY_REVIEW_OVERDUE,HIGH,Required safeguarding review was not completed by the due time.,Review the case and record the safeguarding action taken.,Team Leader,OPEN,2025-07-14 00:00:00,SAFETY_REVIEW_OVERDUE
ALT-9BB576C990D5,SQ-012806,SAFETY_REVIEW_OVERDUE,HIGH,Required safeguarding review was not completed by the due time.,Review the case and record the safeguarding action taken.,Team Leader,OPEN,2025-07-14 00:00:00,SAFETY_REVIEW_OVERDUE
ALT-B5E645BE340E,SQ-012921,SAFETY_REVIEW_OVERDUE,HIGH,Required safeguarding review was not completed by the due time.,Review the case and record the safeguarding action taken.,Team Leader,OPEN,2025-07-14 00:00:00,SAFETY_REVIEW_OVERDUE
ALT-76C4A1FCEE75,SQ-012944,SAFETY_REVIEW_OVERDUE,HIGH,Required safeguarding review was not completed by the due time.,Review the case and record the safeguarding action taken.,Team Leader,OPEN,2025-07-14 00:00:00,SAFETY_REVIEW_OVERDUE
ALT-74E990CBD1CD,SQ-006436,ESCALATION_REQUIRED,HIGH,A safeguarding workflow escalation was triggered.,Team Leader must review the case and record the outcome.,Team Leader,OPEN,2025-07-14 00:05:00,ESCALATION_TRIGGERED
ALT-AFB05A6FB750,SQ-009919,ESCALATION_REQUIRED,HIGH,A safeguarding workflow escalation was triggered.,Team Leader must review the case and record the outcome.,Team Leader,OPEN,2025-07-14 00:05:00,ESCALATION_TRIGGERED
ALT-44A7FD7AF0CC,SQ-010035,ESCALATION_REQUIRED,HIGH,A safeguarding workflow escalation was triggered.,Team Leader must review the case and record the outcome.,Team Leader,OPEN,2025-07-14 00:05:00,ESCALATION_TRIGGERED
ALT-54B52CDF7620,SQ-012806,ESCALATION_REQUIRED,HIGH,A safeguarding workflow escalation was triggered.,Team Leader must review the case and record the outcome.,Team Leader,OPEN,2025-07-14 00:05:00,ESCALATION_TRIGGERED
ALT-61AED5450852,SQ-012921,ESCALATION_REQUIRED,HIGH,A safeguarding workflow escalation was triggered.,Team Leader must review the case and record the outcome.,Team Leader,OPEN,2025-07-14 00:05:00,ESCALATION_TRIGGERED
ALT-27D8C8691BD7,SQ-012944,ESCALATION_REQUIRED,HIGH,A safeguarding workflow escalation was triggered.,Team Leader must review the case and record the outcome.,Team Leader,OPEN,2025-07-14 00:05:00,ESCALATION_TRIGGERED
ALT-948C97CB49F9,SQ-006400,PRIORITY_CHANGE_REVIEW,LOW,Case priority was manually changed by an authorised user.,Retain for audit review; no action required unless challenged.,Auditor,OPEN,2025-07-14 10:08:00,PRIORITY_CHANGED
ALT-CA53AF059040,SQ-006463,SAFETY_REVIEW_OVERDUE,HIGH,Required safeguarding review was not completed by the due time.,Review the case and record the safeguarding action taken.,Team Leader,OPEN,2025-07-15 00:00:00,SAFETY_REVIEW_OVERDUE
ALT-8239E7C4497E,SQ-010008,SAFETY_REVIEW_OVERDUE,HIGH,Required safeguarding review was not completed by the due time.,Review the case and record the safeguarding action taken.,Team Leader,OPEN,2025-07-15 00:00:00,SAFETY_REVIEW_OVERDUE
ALT-101354717146,SQ-006463,ESCALATION_REQUIRED,HIGH,A safeguarding workflow escalation was triggered.,Team Leader must review the case and record the outcome.,Team Leader,OPEN,2025-07-15 00:05:00,ESCALATION_TRIGGERED
ALT-A3FA34D2A974,SQ-010008,ESCALATION_REQUIRED,HIGH,A safeguarding workflow escalation was triggered.,Team Leader must review the case and record the outcome.,Team Leader,OPEN,2025-07-15 00:05:00,ESCALATION_TRIGGERED
ALT-A0DD49447D30,SQ-006620,HIGH_PRIORITY_UNALLOCATED,CRITICAL,High-priority case is awaiting allocation to a social worker.,Immediate human review and allocation decision.,Team Leader,OPEN,2025-07-15 09:18:00,HIGH_PRIORITY_UNALLOCATED
ALT-2A1BF89158C1,SQ-006409,SAFETY_REVIEW_OVERDUE,HIGH,Required safeguarding review was not completed by the due time.,Review the case and record the safeguarding action taken.,Team Leader,OPEN,2025-07-16 00:00:00,SAFETY_REVIEW_OVERDUE
ALT-D09BA3692181,SQ-006409,ESCALATION_REQUIRED,HIGH,A safeguarding workflow escalation was triggered.,Team Leader must review the case and record the outcome.,Team Leader,OPEN,2025-07-16 00:05:00,ESCALATION_TRIGGERED
ALT-3AFA1251222B,SQ-010111,HIGH_PRIORITY_UNALLOCATED,CRITICAL,High-priority case is awaiting allocation to a social worker.,Immediate human review and allocation decision.,Team Leader,OPEN,2025-07-17 01:43:00,HIGH_PRIORITY_UNALLOCATED
ALT-13F95FEA7771,SQ-006576,PRIORITY_CHANGE_REVIEW,LOW,Case priority was manually changed by an authorised user.,Retain for audit review; no action required unless challenged.,Auditor,OPEN,2025-07-17 10:40:00,PRIORITY_CHANGED
ALT-9EA5DC5F6A62,SQ-002363,PRIORITY_CHANGE_REVIEW,LOW,Case priority was manually changed by an authorised user.,Retain for audit review; no action required unless challenged.,Auditor,OPEN,2025-07-17 13:03:00,PRIORITY_CHANGED
ALT-6507FDC7581B,SQ-009858,PRIORITY_CHANGE_REVIEW,LOW,Case priority was manually changed by an authorised user.,Retain for audit review; no action required unless challenged.,Auditor,OPEN,2025-07-17 13:08:00,PRIORITY_CHANGED
ALT-F9ED363762F1,SQ-006354,PRIORITY_CHANGE_REVIEW,LOW,Case priority was manually changed by an authorised user.,Retain for audit review; no action required unless challenged.,Auditor,OPEN,2025-07-17 14:03:00,PRIORITY_CHANGED
ALT-63BF2603B2A6,SQ-012911,SAFETY_REVIEW_OVERDUE,HIGH,Required safeguarding review was not completed by the due time.,Review the case and record the safeguarding action taken.,Team Leader,OPEN,2025-07-18 00:00:00,SAFETY_REVIEW_OVERDUE
ALT-011C1893B137,SQ-012911,ESCALATION_REQUIRED,HIGH,A safeguarding workflow escalation was triggered.,Team Leader must review the case and record the outcome.,Team Leader,OPEN,2025-07-18 00:05:00,ESCALATION_TRIGGERED
ALT-7E317D6EABDD,SQ-002451,HIGH_PRIORITY_UNALLOCATED,CRITICAL,High-priority case is awaiting allocation to a social worker.,Immediate human review and allocation decision.,Team Leader,OPEN,2025-07-18 01:28:00,HIGH_PRIORITY_UNALLOCATED
ALT-82C9ED7D987C,SQ-002345,SAFETY_REVIEW_OVERDUE,HIGH,Required safeguarding review was not completed by the due time.,Review the case and record the safeguarding action taken.,Team Leader,OPEN,2025-07-19 00:00:00,SAFETY_REVIEW_OVERDUE
ALT-618E85F2A979,SQ-012854,SAFETY_REVIEW_OVERDUE,HIGH,Required safeguarding review was not completed by the due time.,Review the case and record the safeguarding action taken.,Team Leader,OPEN,2025-07-19 00:00:00,SAFETY_REVIEW_OVERDUE
ALT-1A8C594D211D,SQ-012960,SAFETY_REVIEW_OVERDUE,HIGH,Required safeguarding review was not completed by the due time.,Review the case and record the safeguarding action taken.,Team Leader,OPEN,2025-07-19 00:00:00,SAFETY_REVIEW_OVERDUE
ALT-2D6EFBF4F669,SQ-002345,ESCALATION_REQUIRED,HIGH,A safeguarding workflow escalation was triggered.,Team Leader must review the case and record the outcome.,Team Leader,OPEN,2025-07-19 00:05:00,ESCALATION_TRIGGERED
ALT-CAB7BD470F5E,SQ-012854,ESCALATION_REQUIRED,HIGH,A safeguarding workflow escalation was triggered.,Team Leader must review the case and record the outcome.,Team Leader,OPEN,2025-07-19 00:05:00,ESCALATION_TRIGGERED
ALT-F265CE9FB87C,SQ-012960,ESCALATION_REQUIRED,HIGH,A safeguarding workflow escalation was triggered.,Team Leader must review the case and record the outcome.,Team Leader,OPEN,2025-07-19 00:05:00,ESCALATION_TRIGGERED
ALT-2E10D5299434,SQ-002232,HIGH_PRIORITY_UNALLOCATED,CRITICAL,High-priority case is awaiting allocation to a social worker.,Immediate human review and allocation decision.,Team Leader,OPEN,2025-07-19 15:25:00,HIGH_PRIORITY_UNALLOCATED
ALT-96001107B01F,SQ-009908,SAFETY_REVIEW_OVERDUE,HIGH,Required safeguarding review was not completed by the due time.,Review the case and record the safeguarding action taken.,Team Leader,OPEN,2025-07-20 00:00:00,SAFETY_REVIEW_OVERDUE
ALT-E91193FA4A8B,SQ-012871,SAFETY_REVIEW_OVERDUE,HIGH,Required safeguarding review was not completed by the due time.,Review the case and record the safeguarding action taken.,Team Leader,OPEN,2025-07-20 00:00:00,SAFETY_REVIEW_OVERDUE
ALT-931A9AA5F115,SQ-009908,ESCALATION_REQUIRED,HIGH,A safeguarding workflow escalation was triggered.,Team Leader must review the case and record the outcome.,Team Leader,OPEN,2025-07-20 00:05:00,ESCALATION_TRIGGERED
ALT-46AF07D01E96,SQ-012871,ESCALATION_REQUIRED,HIGH,A safeguarding workflow escalation was triggered.,Team Leader must review the case and record the outcome.,Team Leader,OPEN,2025-07-20 00:05:00,ESCALATION_TRIGGERED
ALT-48CB1427EA4E,SQ-010050,HIGH_PRIORITY_UNALLOCATED,CRITICAL,High-priority case is awaiting allocation to a social worker.,Immediate human review and allocation decision.,Team Leader,OPEN,2025-07-20 01:55:00,HIGH_PRIORITY_UNALLOCATED
ALT-0F63A449BCA4,SQ-002450,SAFETY_REVIEW_OVERDUE,HIGH,Required safeguarding review was not completed by the due time.,Review the case and record the safeguarding action taken.,Team Leader,OPEN,2025-07-21 00:00:00,SAFETY_REVIEW_OVERDUE
ALT-FC218C0D5E53,SQ-006425,SAFETY_REVIEW_OVERDUE,HIGH,Required safeguarding review was not completed by the due time.,Review the case and record the safeguarding action taken.,Team Leader,OPEN,2025-07-21 00:00:00,SAFETY_REVIEW_OVERDUE
ALT-01DC2A1DAE6A,SQ-006460,SAFETY_REVIEW_OVERDUE,HIGH,Required safeguarding review was not completed by the due time.,Review the case and record the safeguarding action taken.,Team Leader,OPEN,2025-07-21 00:00:00,SAFETY_REVIEW_OVERDUE
ALT-A7812C6D1E56,SQ-009851,SAFETY_REVIEW_OVERDUE,HIGH,Required safeguarding review was not completed by the due time.,Review the case and record the safeguarding action taken.,Team Leader,OPEN,2025-07-21 00:00:00,SAFETY_REVIEW_OVERDUE
ALT-E64F2E484499,SQ-010026,SAFETY_REVIEW_OVERDUE,HIGH,Required safeguarding review was not completed by the due time.,Review the case and record the safeguarding action taken.,Team Leader,OPEN,2025-07-21 00:00:00,SAFETY_REVIEW_OVERDUE
ALT-22474C913B51,SQ-002450,ESCALATION_REQUIRED,HIGH,A safeguarding workflow escalation was triggered.,Team Leader must review the case and record the outcome.,Team Leader,OPEN,2025-07-21 00:05:00,ESCALATION_TRIGGERED
ALT-74042BA813EB,SQ-006425,ESCALATION_REQUIRED,HIGH,A safeguarding workflow escalation was triggered.,Team Leader must review the case and record the outcome.,Team Leader,OPEN,2025-07-21 00:05:00,ESCALATION_TRIGGERED
ALT-D43964648758,SQ-006460,ESCALATION_REQUIRED,HIGH,A safeguarding workflow escalation was triggered.,Team Leader must review the case and record the outcome.,Team Leader,OPEN,2025-07-21 00:05:00,ESCALATION_TRIGGERED
ALT-E57B6531FE72,SQ-009851,ESCALATION_REQUIRED,HIGH,A safeguarding workflow escalation was triggered.,Team Leader must review the case and record the outcome.,Team Leader,OPEN,2025-07-21 00:05:00,ESCALATION_TRIGGERED
ALT-FFF3852E4F43,SQ-010026,ESCALATION_REQUIRED,HIGH,A safeguarding workflow escalation was triggered.,Team Leader must review the case and record the outcome.,Team Leader,OPEN,2025-07-21 00:05:00,ESCALATION_TRIGGERED
ALT-47645AD1FDA0,SQ-006559,PRIORITY_CHANGE_REVIEW,LOW,Case priority was manually changed by an authorised user.,Retain for audit review; no action required unless challenged.,Auditor,OPEN,2025-07-21 09:31:00,PRIORITY_CHANGED
ALT-908DAF6E5C5F,SQ-010011,SAFETY_REVIEW_OVERDUE,HIGH,Required safeguarding review was not completed by the due time.,Review the case and record the safeguarding action taken.,Team Leader,OPEN,2025-07-22 00:00:00,SAFETY_REVIEW_OVERDUE
ALT-D6FBD2B53540,SQ-010031,SAFETY_REVIEW_OVERDUE,HIGH,Required safeguarding review was not completed by the due time.,Review the case and record the safeguarding action taken.,Team Leader,OPEN,2025-07-22 00:00:00,SAFETY_REVIEW_OVERDUE
ALT-2659EBE90C86,SQ-010011,ESCALATION_REQUIRED,HIGH,A safeguarding workflow escalation was triggered.,Team Leader must review the case and record the outcome.,Team Leader,OPEN,2025-07-22 00:05:00,ESCALATION_TRIGGERED
ALT-00B82938C39F,SQ-010031,ESCALATION_REQUIRED,HIGH,A safeguarding workflow escalation was triggered.,Team Leader must review the case and record the outcome.,Team Leader,OPEN,2025-07-22 00:05:00,ESCALATION_TRIGGERED
ALT-19DFCE8F5E9B,SQ-002157,HIGH_PRIORITY_UNALLOCATED,CRITICAL,High-priority case is awaiting allocation to a social worker.,Immediate human review and allocation decision.,Team Leader,OPEN,2025-07-22 10:39:00,HIGH_PRIORITY_UNALLOCATED
ALT-3C9864829358,SQ-009946,HIGH_PRIORITY_UNALLOCATED,CRITICAL,High-priority case is awaiting allocation to a social worker.,Immediate human review and allocation decision.,Team Leader,OPEN,2025-07-22 21:12:00,HIGH_PRIORITY_UNALLOCATED
ALT-EA22410062A7,SQ-006565,SAFETY_REVIEW_OVERDUE,HIGH,Required safeguarding review was not completed by the due time.,Review the case and record the safeguarding action taken.,Team Leader,OPEN,2025-07-23 00:00:00,SAFETY_REVIEW_OVERDUE
ALT-650A849179C7,SQ-006565,ESCALATION_REQUIRED,HIGH,A safeguarding workflow escalation was triggered.,Team Leader must review the case and record the outcome.,Team Leader,OPEN,2025-07-23 00:05:00,ESCALATION_TRIGGERED
ALT-1BEB1450ABFE,SQ-006539,PRIORITY_CHANGE_REVIEW,LOW,Case priority was manually changed by an authorised user.,Retain for audit review; no action required unless challenged.,Auditor,OPEN,2025-07-23 10:08:00,PRIORITY_CHANGED
ALT-40650A3226DD,SQ-009884,HIGH_PRIORITY_UNALLOCATED,CRITICAL,High-priority case is awaiting allocation to a social worker.,Immediate human review and allocation decision.,Team Leader,OPEN,2025-07-23 14:35:00,HIGH_PRIORITY_UNALLOCATED
ALT-B2EC618EBF7F,SQ-002203,HIGH_PRIORITY_UNALLOCATED,CRITICAL,High-priority case is awaiting allocation to a social worker.,Immediate human review and allocation decision.,Team Leader,OPEN,2025-07-23 21:24:00,HIGH_PRIORITY_UNALLOCATED
ALT-601936D4EC8F,SQ-002253,HIGH_PRIORITY_UNALLOCATED,CRITICAL,High-priority case is awaiting allocation to a social worker.,Immediate human review and allocation decision.,Team Leader,OPEN,2025-07-23 22:20:00,HIGH_PRIORITY_UNALLOCATED
ALT-B9F11A9FF6FA,SQ-002348,SAFETY_REVIEW_OVERDUE,HIGH,Required safeguarding review was not completed by the due time.,Review the case and record the safeguarding action taken.,Team Leader,OPEN,2025-07-24 00:00:00,SAFETY_REVIEW_OVERDUE
ALT-8A37EF564F7A,SQ-006423,SAFETY_REVIEW_OVERDUE,HIGH,Required safeguarding review was not completed by the due time.,Review the case and record the safeguarding action taken.,Team Leader,OPEN,2025-07-24 00:00:00,SAFETY_REVIEW_OVERDUE
ALT-31D7117F5372,SQ-006502,SAFETY_REVIEW_OVERDUE,HIGH,Required safeguarding review was not completed by the due time.,Review the case and record the safeguarding action taken.,Team Leader,OPEN,2025-07-24 00:00:00,SAFETY_REVIEW_OVERDUE
ALT-0EDB5AD33E1F,SQ-009914,SAFETY_REVIEW_OVERDUE,HIGH,Required safeguarding review was not completed by the due time.,Review the case and record the safeguarding action taken.,Team Leader,OPEN,2025-07-24 00:00:00,SAFETY_REVIEW_OVERDUE
ALT-B77FCD910B79,SQ-009989,SAFETY_REVIEW_OVERDUE,HIGH,Required safeguarding review was not completed by the due time.,Review the case and record the safeguarding action taken.,Team Leader,OPEN,2025-07-24 00:00:00,SAFETY_REVIEW_OVERDUE
ALT-C0C1389ACF2C,SQ-002348,ESCALATION_REQUIRED,HIGH,A safeguarding workflow escalation was triggered.,Team Leader must review the case and record the outcome.,Team Leader,OPEN,2025-07-24 00:05:00,ESCALATION_TRIGGERED
ALT-48D249DCDA13,SQ-006423,ESCALATION_REQUIRED,HIGH,A safeguarding workflow escalation was triggered.,Team Leader must review the case and record the outcome.,Team Leader,OPEN,2025-07-24 00:05:00,ESCALATION_TRIGGERED
ALT-40B4AD2ACB4A,SQ-006502,ESCALATION_REQUIRED,HIGH,A safeguarding workflow escalation was triggered.,Team Leader must review the case and record the outcome.,Team Leader,OPEN,2025-07-24 00:05:00,ESCALATION_TRIGGERED
ALT-D6CA674A2A72,SQ-009914,ESCALATION_REQUIRED,HIGH,A safeguarding workflow escalation was triggered.,Team Leader must review the case and record the outcome.,Team Leader,OPEN,2025-07-24 00:05:00,ESCALATION_TRIGGERED
ALT-B0AD313C1009,SQ-009989,ESCALATION_REQUIRED,HIGH,A safeguarding workflow escalation was triggered.,Team Leader must review the case and record the outcome.,Team Leader,OPEN,2025-07-24 00:05:00,ESCALATION_TRIGGERED
ALT-4685D87557BC,SQ-009934,HIGH_PRIORITY_UNALLOCATED,CRITICAL,High-priority case is awaiting allocation to a social worker.,Immediate human review and allocation decision.,Team Leader,OPEN,2025-07-24 04:08:00,HIGH_PRIORITY_UNALLOCATED
ALT-03252F32C357,SQ-002157,SAFETY_REVIEW_OVERDUE,HIGH,Required safeguarding review was not completed by the due time.,Review the case and record the safeguarding action taken.,Team Leader,OPEN,2025-07-25 00:00:00,SAFETY_REVIEW_OVERDUE
ALT-DCBD8D52CEF6,SQ-002157,ESCALATION_REQUIRED,HIGH,A safeguarding workflow escalation was triggered.,Team Leader must review the case and record the outcome.,Team Leader,OPEN,2025-07-25 00:05:00,ESCALATION_TRIGGERED
ALT-B1B5E1B270A9,SQ-006383,PRIORITY_CHANGE_REVIEW,LOW,Case priority was manually changed by an authorised user.,Retain for audit review; no action required unless challenged.,Auditor,OPEN,2025-07-25 17:39:00,PRIORITY_CHANGED
ALT-05DA535541B6,SQ-002263,SAFETY_REVIEW_OVERDUE,HIGH,Required safeguarding review was not completed by the due time.,Review the case and record the safeguarding action taken.,Team Leader,OPEN,2025-07-26 00:00:00,SAFETY_REVIEW_OVERDUE
ALT-92C49E1FF725,SQ-006504,SAFETY_REVIEW_OVERDUE,HIGH,Required safeguarding review was not completed by the due time.,Review the case and record the safeguarding action taken.,Team Leader,OPEN,2025-07-26 00:00:00,SAFETY_REVIEW_OVERDUE
ALT-74424252FAA2,SQ-012785,SAFETY_REVIEW_OVERDUE,HIGH,Required safeguarding review was not completed by the due time.,Review the case and record the safeguarding action taken.,Team Leader,OPEN,2025-07-26 00:00:00,SAFETY_REVIEW_OVERDUE
ALT-49B3B8470775,SQ-002263,ESCALATION_REQUIRED,HIGH,A safeguarding workflow escalation was triggered.,Team Leader must review the case and record the outcome.,Team Leader,OPEN,2025-07-26 00:05:00,ESCALATION_TRIGGERED
ALT-94E56E1CF2F3,SQ-006504,ESCALATION_REQUIRED,HIGH,A safeguarding workflow escalation was triggered.,Team Leader must review the case and record the outcome.,Team Leader,OPEN,2025-07-26 00:05:00,ESCALATION_TRIGGERED
ALT-E0D3220FC0BE,SQ-012785,ESCALATION_REQUIRED,HIGH,A safeguarding workflow escalation was triggered.,Team Leader must review the case and record the outcome.,Team Leader,OPEN,2025-07-26 00:05:00,ESCALATION_TRIGGERED
ALT-FDA7BEB8F7E8,SQ-010050,PRIORITY_CHANGE_REVIEW,LOW,Case priority was manually changed by an authorised user.,Retain for audit review; no action required unless challenged.,Auditor,OPEN,2025-07-26 08:26:00,PRIORITY_CHANGED
ALT-F52E359035BB,SQ-009903,PRIORITY_CHANGE_REVIEW,LOW,Case priority was manually changed by an authorised user.,Retain for audit review; no action required unless challenged.,Auditor,OPEN,2025-07-26 15:19:00,PRIORITY_CHANGED
ALT-B7536E00BBE0,SQ-012869,SAFETY_REVIEW_OVERDUE,HIGH,Required safeguarding review was not completed by the due time.,Review the case and record the safeguarding action taken.,Team Leader,OPEN,2025-07-27 00:00:00,SAFETY_REVIEW_OVERDUE
ALT-D96C8E4AF09C,SQ-012869,ESCALATION_REQUIRED,HIGH,A safeguarding workflow escalation was triggered.,Team Leader must review the case and record the outcome.,Team Leader,OPEN,2025-07-27 00:05:00,ESCALATION_TRIGGERED
ALT-54ADF429D71F,SQ-006403,HIGH_PRIORITY_UNALLOCATED,CRITICAL,High-priority case is awaiting allocation to a social worker.,Immediate human review and allocation decision.,Team Leader,OPEN,2025-07-27 03:01:00,HIGH_PRIORITY_UNALLOCATED
ALT-DD8EEA256B61,SQ-002482,PRIORITY_CHANGE_REVIEW,LOW,Case priority was manually changed by an authorised user.,Retain for audit review; no action required unless challenged.,Auditor,OPEN,2025-07-27 11:59:00,PRIORITY_CHANGED
ALT-575606FCC62C,SQ-006534,SAFETY_REVIEW_OVERDUE,HIGH,Required safeguarding review was not completed by the due time.,Review the case and record the safeguarding action taken.,Team Leader,OPEN,2025-07-28 00:00:00,SAFETY_REVIEW_OVERDUE
ALT-3144A286C8BF,SQ-006534,ESCALATION_REQUIRED,HIGH,A safeguarding workflow escalation was triggered.,Team Leader must review the case and record the outcome.,Team Leader,OPEN,2025-07-28 00:05:00,ESCALATION_TRIGGERED
ALT-68F4D0E0B2DF,SQ-002183,HIGH_PRIORITY_UNALLOCATED,CRITICAL,High-priority case is awaiting allocation to a social worker.,Immediate human review and allocation decision.,Team Leader,OPEN,2025-07-28 04:13:00,HIGH_PRIORITY_UNALLOCATED
ALT-4A7F1E4261F0,SQ-006468,HIGH_PRIORITY_UNALLOCATED,CRITICAL,High-priority case is awaiting allocation to a social worker.,Immediate human review and allocation decision.,Team Leader,OPEN,2025-07-28 12:02:00,HIGH_PRIORITY_UNALLOCATED
ALT-FF6DD1888F6E,SQ-002236,PRIORITY_CHANGE_REVIEW,LOW,Case priority was manually changed by an authorised user.,Retain for audit review; no action required unless challenged.,Auditor,OPEN,2025-07-28 15:23:00,PRIORITY_CHANGED
ALT-5083474588EB,SQ-002408,SAFETY_REVIEW_OVERDUE,HIGH,Required safeguarding review was not completed by the due time.,Review the case and record the safeguarding action taken.,Team Leader,OPEN,2025-07-29 00:00:00,SAFETY_REVIEW_OVERDUE
ALT-7696CEE68FB6,SQ-006399,SAFETY_REVIEW_OVERDUE,HIGH,Required safeguarding review was not completed by the due time.,Review the case and record the safeguarding action taken.,Team Leader,OPEN,2025-07-29 00:00:00,SAFETY_REVIEW_OVERDUE
ALT-683DD56B9844,SQ-009902,SAFETY_REVIEW_OVERDUE,HIGH,Required safeguarding review was not completed by the due time.,Review the case and record the safeguarding action taken.,Team Leader,OPEN,2025-07-29 00:00:00,SAFETY_REVIEW_OVERDUE
ALT-FEC969D3672B,SQ-009934,SAFETY_REVIEW_OVERDUE,HIGH,Required safeguarding review was not completed by the due time.,Review the case and record the safeguarding action taken.,Team Leader,OPEN,2025-07-29 00:00:00,SAFETY_REVIEW_OVERDUE
ALT-16DB67D7E2FA,SQ-002408,ESCALATION_REQUIRED,HIGH,A safeguarding workflow escalation was triggered.,Team Leader must review the case and record the outcome.,Team Leader,OPEN,2025-07-29 00:05:00,ESCALATION_TRIGGERED
ALT-EBDDB9C38DFB,SQ-006399,ESCALATION_REQUIRED,HIGH,A safeguarding workflow escalation was triggered.,Team Leader must review the case and record the outcome.,Team Leader,OPEN,2025-07-29 00:05:00,ESCALATION_TRIGGERED
ALT-B019F13A8260,SQ-009902,ESCALATION_REQUIRED,HIGH,A safeguarding workflow escalation was triggered.,Team Leader must review the case and record the outcome.,Team Leader,OPEN,2025-07-29 00:05:00,ESCALATION_TRIGGERED
ALT-72EC0427080D,SQ-009934,ESCALATION_REQUIRED,HIGH,A safeguarding workflow escalation was triggered.,Team Leader must review the case and record the outcome.,Team Leader,OPEN,2025-07-29 00:05:00,ESCALATION_TRIGGERED
ALT-1F9DAE80D167,SQ-010068,PRIORITY_CHANGE_REVIEW,LOW,Case priority was manually changed by an authorised user.,Retain for audit review; no action required unless challenged.,Auditor,OPEN,2025-07-29 09:27:00,PRIORITY_CHANGED
ALT-E07E9D81F542,SQ-006534,PRIORITY_CHANGE_REVIEW,LOW,Case priority was manually changed by an authorised user.,Retain for audit review; no action required unless challenged.,Auditor,OPEN,2025-07-29 10:43:00,PRIORITY_CHANGED
ALT-5934B63E32DF,SQ-002228,HIGH_PRIORITY_UNALLOCATED,CRITICAL,High-priority case is awaiting allocation to a social worker.,Immediate human review and allocation decision.,Team Leader,OPEN,2025-07-29 13:59:00,HIGH_PRIORITY_UNALLOCATED
ALT-C442DDB32743,SQ-002300,PRIORITY_CHANGE_REVIEW,LOW,Case priority was manually changed by an authorised user.,Retain for audit review; no action required unless challenged.,Auditor,OPEN,2025-07-29 14:40:00,PRIORITY_CHANGED
ALT-2A84E996B553,SQ-002264,SAFETY_REVIEW_OVERDUE,HIGH,Required safeguarding review was not completed by the due time.,Review the case and record the safeguarding action taken.,Team Leader,OPEN,2025-07-30 00:00:00,SAFETY_REVIEW_OVERDUE
ALT-128F8342F09C,SQ-006608,SAFETY_REVIEW_OVERDUE,HIGH,Required safeguarding review was not completed by the due time.,Review the case and record the safeguarding action taken.,Team Leader,OPEN,2025-07-30 00:00:00,SAFETY_REVIEW_OVERDUE
ALT-76202202FCFB,SQ-012924,SAFETY_REVIEW_OVERDUE,HIGH,Required safeguarding review was not completed by the due time.,Review the case and record the safeguarding action taken.,Team Leader,OPEN,2025-07-30 00:00:00,SAFETY_REVIEW_OVERDUE
ALT-841054CF5AA0,SQ-002264,ESCALATION_REQUIRED,HIGH,A safeguarding workflow escalation was triggered.,Team Leader must review the case and record the outcome.,Team Leader,OPEN,2025-07-30 00:05:00,ESCALATION_TRIGGERED
ALT-3BB27981C571,SQ-006608,ESCALATION_REQUIRED,HIGH,A safeguarding workflow escalation was triggered.,Team Leader must review the case and record the outcome.,Team Leader,OPEN,2025-07-30 00:05:00,ESCALATION_TRIGGERED
ALT-C5A23E275DCD,SQ-012924,ESCALATION_REQUIRED,HIGH,A safeguarding workflow escalation was triggered.,Team Leader must review the case and record the outcome.,Team Leader,OPEN,2025-07-30 00:05:00,ESCALATION_TRIGGERED
ALT-9CA7AED44F03,SQ-006629,PRIORITY_CHANGE_REVIEW,LOW,Case priority was manually changed by an authorised user.,Retain for audit review; no action required unless challenged.,Auditor,OPEN,2025-07-30 08:21:00,PRIORITY_CHANGED
ALT-9D64E7C5EDEA,SQ-002228,SAFETY_REVIEW_OVERDUE,HIGH,Required safeguarding review was not completed by the due time.,Review the case and record the safeguarding action taken.,Team Leader,OPEN,2025-07-31 00:00:00,SAFETY_REVIEW_OVERDUE
ALT-E94EF820BC96,SQ-002516,SAFETY_REVIEW_OVERDUE,HIGH,Required safeguarding review was not completed by the due time.,Review the case and record the safeguarding action taken.,Team Leader,OPEN,2025-07-31 00:00:00,SAFETY_REVIEW_OVERDUE
ALT-AFD141A67BC8,SQ-006480,SAFETY_REVIEW_OVERDUE,HIGH,Required safeguarding review was not completed by the due time.,Review the case and record the safeguarding action taken.,Team Leader,OPEN,2025-07-31 00:00:00,SAFETY_REVIEW_OVERDUE
ALT-DDCC922A6B8F,SQ-002228,ESCALATION_REQUIRED,HIGH,A safeguarding workflow escalation was triggered.,Team Leader must review the case and record the outcome.,Team Leader,OPEN,2025-07-31 00:05:00,ESCALATION_TRIGGERED
ALT-A704F7B61007,SQ-002516,ESCALATION_REQUIRED,HIGH,A safeguarding workflow escalation was triggered.,Team Leader must review the case and record the outcome.,Team Leader,OPEN,2025-07-31 00:05:00,ESCALATION_TRIGGERED
ALT-2F15D3267A86,SQ-006480,ESCALATION_REQUIRED,HIGH,A safeguarding workflow escalation was triggered.,Team Leader must review the case and record the outcome.,Team Leader,OPEN,2025-07-31 00:05:00,ESCALATION_TRIGGERED
ALT-69C57FE90AA7,SQ-002446,HIGH_PRIORITY_UNALLOCATED,CRITICAL,High-priority case is awaiting allocation to a social worker.,Immediate human review and allocation decision.,Team Leader,OPEN,2025-07-31 14:10:00,HIGH_PRIORITY_UNALLOCATED
ALT-9F157CE1F5F3,SQ-009910,PRIORITY_CHANGE_REVIEW,LOW,Case priority was manually changed by an authorised user.,Retain for audit review; no action required unless challenged.,Auditor,OPEN,2025-07-31 15:46:00,PRIORITY_CHANGED
ALT-373F8D1C6A00,SQ-002367,HIGH_PRIORITY_UNALLOCATED,CRITICAL,High-priority case is awaiting allocation to a social worker.,Immediate human review and allocation decision.,Team Leader,OPEN,2025-07-31 17:41:00,HIGH_PRIORITY_UNALLOCATED
ALT-D1AA0C52D714,SQ-002356,HIGH_PRIORITY_UNALLOCATED,CRITICAL,High-priority case is awaiting allocation to a social worker.,Immediate human review and allocation decision.,Team Leader,OPEN,2025-07-31 20:18:00,HIGH_PRIORITY_UNALLOCATED
ALT-B46D8280C212,SQ-006495,HIGH_PRIORITY_UNALLOCATED,CRITICAL,High-priority case is awaiting allocation to a social worker.,Immediate human review and allocation decision.,Team Leader,OPEN,2025-08-01 03:40:00,HIGH_PRIORITY_UNALLOCATED
ALT-571993499AB7,SQ-010004,PRIORITY_CHANGE_REVIEW,LOW,Case priority was manually changed by an authorised user.,Retain for audit review; no action required unless challenged.,Auditor,OPEN,2025-08-01 10:24:00,PRIORITY_CHANGED
ALT-FBAA1BE639B9,SQ-006588,PRIORITY_CHANGE_REVIEW,LOW,Case priority was manually changed by an authorised user.,Retain for audit review; no action required unless challenged.,Auditor,OPEN,2025-08-01 15:35:00,PRIORITY_CHANGED
ALT-826888A0E144,SQ-002670,PRIORITY_CHANGE_REVIEW,LOW,Case priority was manually changed by an authorised user.,Retain for audit review; no action required unless challenged.,Auditor,OPEN,2025-08-02 14:15:00,PRIORITY_CHANGED
ALT-D23DFB97C7EC,SQ-002326,PRIORITY_CHANGE_REVIEW,LOW,Case priority was manually changed by an authorised user.,Retain for audit review; no action required unless challenged.,Auditor,OPEN,2025-08-02 17:51:00,PRIORITY_CHANGED
ALT-EB1F41C9B349,SQ-009849,PRIORITY_CHANGE_REVIEW,LOW,Case priority was manually changed by an authorised user.,Retain for audit review; no action required unless challenged.,Auditor,OPEN,2025-08-03 16:11:00,PRIORITY_CHANGED
ALT-CEF43359E60A,SQ-013027,SAFETY_REVIEW_OVERDUE,HIGH,Required safeguarding review was not completed by the due time.,Review the case and record the safeguarding action taken.,Team Leader,OPEN,2025-08-04 00:00:00,SAFETY_REVIEW_OVERDUE
ALT-166C34319360,SQ-013027,ESCALATION_REQUIRED,HIGH,A safeguarding workflow escalation was triggered.,Team Leader must review the case and record the outcome.,Team Leader,OPEN,2025-08-04 00:05:00,ESCALATION_TRIGGERED
ALT-6E085C3B2131,SQ-010348,SAFETY_REVIEW_OVERDUE,HIGH,Required safeguarding review was not completed by the due time.,Review the case and record the safeguarding action taken.,Team Leader,OPEN,2025-08-05 00:00:00,SAFETY_REVIEW_OVERDUE
ALT-870FE5012885,SQ-010348,ESCALATION_REQUIRED,HIGH,A safeguarding workflow escalation was triggered.,Team Leader must review the case and record the outcome.,Team Leader,OPEN,2025-08-05 00:05:00,ESCALATION_TRIGGERED
ALT-5C11B390A8A0,SQ-006760,HIGH_PRIORITY_UNALLOCATED,CRITICAL,High-priority case is awaiting allocation to a social worker.,Immediate human review and allocation decision.,Team Leader,OPEN,2025-08-05 12:27:00,HIGH_PRIORITY_UNALLOCATED
ALT-2F27B12D654C,SQ-002543,HIGH_PRIORITY_UNALLOCATED,CRITICAL,High-priority case is awaiting allocation to a social worker.,Immediate human review and allocation decision.,Team Leader,OPEN,2025-08-05 22:13:00,HIGH_PRIORITY_UNALLOCATED
ALT-DF1CAE8833EF,SQ-002858,HIGH_PRIORITY_UNALLOCATED,CRITICAL,High-priority case is awaiting allocation to a social worker.,Immediate human review and allocation decision.,Team Leader,OPEN,2025-08-06 07:48:00,HIGH_PRIORITY_UNALLOCATED
ALT-8C7EBB82980B,SQ-010341,PRIORITY_CHANGE_REVIEW,LOW,Case priority was manually changed by an authorised user.,Retain for audit review; no action required unless challenged.,Auditor,OPEN,2025-08-06 08:06:00,PRIORITY_CHANGED
ALT-D5C5FD64B073,SQ-010373,HIGH_PRIORITY_UNALLOCATED,CRITICAL,High-priority case is awaiting allocation to a social worker.,Immediate human review and allocation decision.,Team Leader,OPEN,2025-08-06 15:02:00,HIGH_PRIORITY_UNALLOCATED
ALT-A92CD2DCFD28,SQ-002656,SAFETY_REVIEW_OVERDUE,HIGH,Required safeguarding review was not completed by the due time.,Review the case and record the safeguarding action taken.,Team Leader,OPEN,2025-08-07 00:00:00,SAFETY_REVIEW_OVERDUE
ALT-D137BB96DAFB,SQ-006904,SAFETY_REVIEW_OVERDUE,HIGH,Required safeguarding review was not completed by the due time.,Review the case and record the safeguarding action taken.,Team Leader,OPEN,2025-08-07 00:00:00,SAFETY_REVIEW_OVERDUE
ALT-2B7C0B7E2EC4,SQ-010225,SAFETY_REVIEW_OVERDUE,HIGH,Required safeguarding review was not completed by the due time.,Review the case and record the safeguarding action taken.,Team Leader,OPEN,2025-08-07 00:00:00,SAFETY_REVIEW_OVERDUE
ALT-51F0222182D5,SQ-002656,ESCALATION_REQUIRED,HIGH,A safeguarding workflow escalation was triggered.,Team Leader must review the case and record the outcome.,Team Leader,OPEN,2025-08-07 00:05:00,ESCALATION_TRIGGERED
ALT-5DB1456BA2B5,SQ-006904,ESCALATION_REQUIRED,HIGH,A safeguarding workflow escalation was triggered.,Team Leader must review the case and record the outcome.,Team Leader,OPEN,2025-08-07 00:05:00,ESCALATION_TRIGGERED
ALT-C94CD61D5EB9,SQ-010225,ESCALATION_REQUIRED,HIGH,A safeguarding workflow escalation was triggered.,Team Leader must review the case and record the outcome.,Team Leader,OPEN,2025-08-07 00:05:00,ESCALATION_TRIGGERED
ALT-74C601C268C8,SQ-006808,PRIORITY_CHANGE_REVIEW,LOW,Case priority was manually changed by an authorised user.,Retain for audit review; no action required unless challenged.,Auditor,OPEN,2025-08-07 11:36:00,PRIORITY_CHANGED
ALT-B819839FA204,SQ-010217,PRIORITY_CHANGE_REVIEW,LOW,Case priority was manually changed by an authorised user.,Retain for audit review; no action required unless challenged.,Auditor,OPEN,2025-08-07 16:11:00,PRIORITY_CHANGED
ALT-B46E4967551F,SQ-006704,SAFETY_REVIEW_OVERDUE,HIGH,Required safeguarding review was not completed by the due time.,Review the case and record the safeguarding action taken.,Team Leader,OPEN,2025-08-08 00:00:00,SAFETY_REVIEW_OVERDUE
ALT-EDBE2D87D1BB,SQ-010184,SAFETY_REVIEW_OVERDUE,HIGH,Required safeguarding review was not completed by the due time.,Review the case and record the safeguarding action taken.,Team Leader,OPEN,2025-08-08 00:00:00,SAFETY_REVIEW_OVERDUE
ALT-E5D743C1E3AF,SQ-010283,SAFETY_REVIEW_OVERDUE,HIGH,Required safeguarding review was not completed by the due time.,Review the case and record the safeguarding action taken.,Team Leader,OPEN,2025-08-08 00:00:00,SAFETY_REVIEW_OVERDUE
ALT-1D38C07A4D74,SQ-006704,ESCALATION_REQUIRED,HIGH,A safeguarding workflow escalation was triggered.,Team Leader must review the case and record the outcome.,Team Leader,OPEN,2025-08-08 00:05:00,ESCALATION_TRIGGERED
ALT-1014AE203B9B,SQ-010184,ESCALATION_REQUIRED,HIGH,A safeguarding workflow escalation was triggered.,Team Leader must review the case and record the outcome.,Team Leader,OPEN,2025-08-08 00:05:00,ESCALATION_TRIGGERED
ALT-D6371CE6FC6A,SQ-010283,ESCALATION_REQUIRED,HIGH,A safeguarding workflow escalation was triggered.,Team Leader must review the case and record the outcome.,Team Leader,OPEN,2025-08-08 00:05:00,ESCALATION_TRIGGERED
ALT-CC8BC7F7F712,SQ-002740,SAFETY_REVIEW_OVERDUE,HIGH,Required safeguarding review was not completed by the due time.,Review the case and record the safeguarding action taken.,Team Leader,OPEN,2025-08-09 00:00:00,SAFETY_REVIEW_OVERDUE
ALT-B2B444B92C0D,SQ-002858,SAFETY_REVIEW_OVERDUE,HIGH,Required safeguarding review was not completed by the due time.,Review the case and record the safeguarding action taken.,Team Leader,OPEN,2025-08-09 00:00:00,SAFETY_REVIEW_OVERDUE
ALT-26E12F61DD25,SQ-006718,SAFETY_REVIEW_OVERDUE,HIGH,Required safeguarding review was not completed by the due time.,Review the case and record the safeguarding action taken.,Team Leader,OPEN,2025-08-09 00:00:00,SAFETY_REVIEW_OVERDUE
ALT-6F012856F963,SQ-010170,SAFETY_REVIEW_OVERDUE,HIGH,Required safeguarding review was not completed by the due time.,Review the case and record the safeguarding action taken.,Team Leader,OPEN,2025-08-09 00:00:00,SAFETY_REVIEW_OVERDUE
ALT-5CEEF29E1D7C,SQ-002740,ESCALATION_REQUIRED,HIGH,A safeguarding workflow escalation was triggered.,Team Leader must review the case and record the outcome.,Team Leader,OPEN,2025-08-09 00:05:00,ESCALATION_TRIGGERED
ALT-3EFD0628253C,SQ-002858,ESCALATION_REQUIRED,HIGH,A safeguarding workflow escalation was triggered.,Team Leader must review the case and record the outcome.,Team Leader,OPEN,2025-08-09 00:05:00,ESCALATION_TRIGGERED
ALT-C368ADE8AB78,SQ-006718,ESCALATION_REQUIRED,HIGH,A safeguarding workflow escalation was triggered.,Team Leader must review the case and record the outcome.,Team Leader,OPEN,2025-08-09 00:05:00,ESCALATION_TRIGGERED
ALT-96BE9DF02A5C,SQ-010170,ESCALATION_REQUIRED,HIGH,A safeguarding workflow escalation was triggered.,Team Leader must review the case and record the outcome.,Team Leader,OPEN,2025-08-09 00:05:00,ESCALATION_TRIGGERED
ALT-DF4626739C36,SQ-002650,SAFETY_REVIEW_OVERDUE,HIGH,Required safeguarding review was not completed by the due time.,Review the case and record the safeguarding action taken.,Team Leader,OPEN,2025-08-10 00:00:00,SAFETY_REVIEW_OVERDUE
ALT-869DBAA8E165,SQ-002855,SAFETY_REVIEW_OVERDUE,HIGH,Required safeguarding review was not completed by the due time.,Review the case and record the safeguarding action taken.,Team Leader,OPEN,2025-08-10 00:00:00,SAFETY_REVIEW_OVERDUE
ALT-F2A42329A7E9,SQ-002650,ESCALATION_REQUIRED,HIGH,A safeguarding workflow escalation was triggered.,Team Leader must review the case and record the outcome.,Team Leader,OPEN,2025-08-10 00:05:00,ESCALATION_TRIGGERED
ALT-14062E8506CD,SQ-002855,ESCALATION_REQUIRED,HIGH,A safeguarding workflow escalation was triggered.,Team Leader must review the case and record the outcome.,Team Leader,OPEN,2025-08-10 00:05:00,ESCALATION_TRIGGERED
ALT-7D77F12AA0EB,SQ-002811,SAFETY_REVIEW_OVERDUE,HIGH,Required safeguarding review was not completed by the due time.,Review the case and record the safeguarding action taken.,Team Leader,OPEN,2025-08-11 00:00:00,SAFETY_REVIEW_OVERDUE
ALT-34A31823DF0D,SQ-002811,ESCALATION_REQUIRED,HIGH,A safeguarding workflow escalation was triggered.,Team Leader must review the case and record the outcome.,Team Leader,OPEN,2025-08-11 00:05:00,ESCALATION_TRIGGERED
ALT-28FEE9015E45,SQ-006753,HIGH_PRIORITY_UNALLOCATED,CRITICAL,High-priority case is awaiting allocation to a social worker.,Immediate human review and allocation decision.,Team Leader,OPEN,2025-08-11 00:48:00,HIGH_PRIORITY_UNALLOCATED
ALT-2F3ABE1CEB20,SQ-006889,PRIORITY_CHANGE_REVIEW,LOW,Case priority was manually changed by an authorised user.,Retain for audit review; no action required unless challenged.,Auditor,OPEN,2025-08-11 16:02:00,PRIORITY_CHANGED
ALT-4AF03BF587DD,SQ-002523,SAFETY_REVIEW_OVERDUE,HIGH,Required safeguarding review was not completed by the due time.,Review the case and record the safeguarding action taken.,Team Leader,OPEN,2025-08-13 00:00:00,SAFETY_REVIEW_OVERDUE
ALT-5D7E8B2E972B,SQ-010357,SAFETY_REVIEW_OVERDUE,HIGH,Required safeguarding review was not completed by the due time.,Review the case and record the safeguarding action taken.,Team Leader,OPEN,2025-08-13 00:00:00,SAFETY_REVIEW_OVERDUE
ALT-18C53E0F9776,SQ-013145,SAFETY_REVIEW_OVERDUE,HIGH,Required safeguarding review was not completed by the due time.,Review the case and record the safeguarding action taken.,Team Leader,OPEN,2025-08-13 00:00:00,SAFETY_REVIEW_OVERDUE
ALT-5466165E510D,SQ-002523,ESCALATION_REQUIRED,HIGH,A safeguarding workflow escalation was triggered.,Team Leader must review the case and record the outcome.,Team Leader,OPEN,2025-08-13 00:05:00,ESCALATION_TRIGGERED
ALT-C12B4F5C4845,SQ-010357,ESCALATION_REQUIRED,HIGH,A safeguarding workflow escalation was triggered.,Team Leader must review the case and record the outcome.,Team Leader,OPEN,2025-08-13 00:05:00,ESCALATION_TRIGGERED
ALT-F00A38E6E764,SQ-013145,ESCALATION_REQUIRED,HIGH,A safeguarding workflow escalation was triggered.,Team Leader must review the case and record the outcome.,Team Leader,OPEN,2025-08-13 00:05:00,ESCALATION_TRIGGERED
ALT-F0D2D91EF012,SQ-006736,HIGH_PRIORITY_UNALLOCATED,CRITICAL,High-priority case is awaiting allocation to a social worker.,Immediate human review and allocation decision.,Team Leader,OPEN,2025-08-13 00:57:00,HIGH_PRIORITY_UNALLOCATED
ALT-133113103BD7,SQ-006754,HIGH_PRIORITY_UNALLOCATED,CRITICAL,High-priority case is awaiting allocation to a social worker.,Immediate human review and allocation decision.,Team Leader,OPEN,2025-08-13 04:18:00,HIGH_PRIORITY_UNALLOCATED
ALT-BD86C06128A6,SQ-010404,HIGH_PRIORITY_UNALLOCATED,CRITICAL,High-priority case is awaiting allocation to a social worker.,Immediate human review and allocation decision.,Team Leader,OPEN,2025-08-13 21:24:00,HIGH_PRIORITY_UNALLOCATED
ALT-A97EA947EE78,SQ-006708,SAFETY_REVIEW_OVERDUE,HIGH,Required safeguarding review was not completed by the due time.,Review the case and record the safeguarding action taken.,Team Leader,OPEN,2025-08-14 00:00:00,SAFETY_REVIEW_OVERDUE
ALT-BC56922AED36,SQ-006833,SAFETY_REVIEW_OVERDUE,HIGH,Required safeguarding review was not completed by the due time.,Review the case and record the safeguarding action taken.,Team Leader,OPEN,2025-08-14 00:00:00,SAFETY_REVIEW_OVERDUE
ALT-8D1DEB9CD8C3,SQ-006708,ESCALATION_REQUIRED,HIGH,A safeguarding workflow escalation was triggered.,Team Leader must review the case and record the outcome.,Team Leader,OPEN,2025-08-14 00:05:00,ESCALATION_TRIGGERED
ALT-239EA0E075B1,SQ-006833,ESCALATION_REQUIRED,HIGH,A safeguarding workflow escalation was triggered.,Team Leader must review the case and record the outcome.,Team Leader,OPEN,2025-08-14 00:05:00,ESCALATION_TRIGGERED
ALT-2FD141CB633D,SQ-002535,SAFETY_REVIEW_OVERDUE,HIGH,Required safeguarding review was not completed by the due time.,Review the case and record the safeguarding action taken.,Team Leader,OPEN,2025-08-15 00:00:00,SAFETY_REVIEW_OVERDUE
ALT-1F2A581C1B78,SQ-002738,SAFETY_REVIEW_OVERDUE,HIGH,Required safeguarding review was not completed by the due time.,Review the case and record the safeguarding action taken.,Team Leader,OPEN,2025-08-15 00:00:00,SAFETY_REVIEW_OVERDUE
ALT-3C7A4E6886D1,SQ-006908,SAFETY_REVIEW_OVERDUE,HIGH,Required safeguarding review was not completed by the due time.,Review the case and record the safeguarding action taken.,Team Leader,OPEN,2025-08-15 00:00:00,SAFETY_REVIEW_OVERDUE
ALT-04B26E5A8BED,SQ-002535,ESCALATION_REQUIRED,HIGH,A safeguarding workflow escalation was triggered.,Team Leader must review the case and record the outcome.,Team Leader,OPEN,2025-08-15 00:05:00,ESCALATION_TRIGGERED
ALT-46F8B8929530,SQ-002738,ESCALATION_REQUIRED,HIGH,A safeguarding workflow escalation was triggered.,Team Leader must review the case and record the outcome.,Team Leader,OPEN,2025-08-15 00:05:00,ESCALATION_TRIGGERED
ALT-92A2D62AA8C5,SQ-006908,ESCALATION_REQUIRED,HIGH,A safeguarding workflow escalation was triggered.,Team Leader must review the case and record the outcome.,Team Leader,OPEN,2025-08-15 00:05:00,ESCALATION_TRIGGERED
ALT-7A2E2EFC4EB0,SQ-002563,HIGH_PRIORITY_UNALLOCATED,CRITICAL,High-priority case is awaiting allocation to a social worker.,Immediate human review and allocation decision.,Team Leader,OPEN,2025-08-15 01:12:00,HIGH_PRIORITY_UNALLOCATED
ALT-022200BAE6E8,SQ-002617,HIGH_PRIORITY_UNALLOCATED,CRITICAL,High-priority case is awaiting allocation to a social worker.,Immediate human review and allocation decision.,Team Leader,OPEN,2025-08-15 22:13:00,HIGH_PRIORITY_UNALLOCATED
ALT-395C73749E4A,SQ-002597,SAFETY_REVIEW_OVERDUE,HIGH,Required safeguarding review was not completed by the due time.,Review the case and record the safeguarding action taken.,Team Leader,OPEN,2025-08-16 00:00:00,SAFETY_REVIEW_OVERDUE
ALT-36229E5152D7,SQ-002780,SAFETY_REVIEW_OVERDUE,HIGH,Required safeguarding review was not completed by the due time.,Review the case and record the safeguarding action taken.,Team Leader,OPEN,2025-08-16 00:00:00,SAFETY_REVIEW_OVERDUE
ALT-3B9B6B177713,SQ-006892,SAFETY_REVIEW_OVERDUE,HIGH,Required safeguarding review was not completed by the due time.,Review the case and record the safeguarding action taken.,Team Leader,OPEN,2025-08-16 00:00:00,SAFETY_REVIEW_OVERDUE
ALT-78ADB3339C9B,SQ-002597,ESCALATION_REQUIRED,HIGH,A safeguarding workflow escalation was triggered.,Team Leader must review the case and record the outcome.,Team Leader,OPEN,2025-08-16 00:05:00,ESCALATION_TRIGGERED
ALT-7A8E912D3210,SQ-002780,ESCALATION_REQUIRED,HIGH,A safeguarding workflow escalation was triggered.,Team Leader must review the case and record the outcome.,Team Leader,OPEN,2025-08-16 00:05:00,ESCALATION_TRIGGERED
ALT-FD02AAEAF4C1,SQ-006892,ESCALATION_REQUIRED,HIGH,A safeguarding workflow escalation was triggered.,Team Leader must review the case and record the outcome.,Team Leader,OPEN,2025-08-16 00:05:00,ESCALATION_TRIGGERED
ALT-516F808B9D3D,SQ-002558,HIGH_PRIORITY_UNALLOCATED,CRITICAL,High-priority case is awaiting allocation to a social worker.,Immediate human review and allocation decision.,Team Leader,OPEN,2025-08-16 02:17:00,HIGH_PRIORITY_UNALLOCATED
ALT-02F95914BD6B,SQ-012990,HIGH_PRIORITY_UNALLOCATED,CRITICAL,High-priority case is awaiting allocation to a social worker.,Immediate human review and allocation decision.,Team Leader,OPEN,2025-08-16 12:56:00,HIGH_PRIORITY_UNALLOCATED
ALT-0470CC1F2E75,SQ-013149,PRIORITY_CHANGE_REVIEW,LOW,Case priority was manually changed by an authorised user.,Retain for audit review; no action required unless challenged.,Auditor,OPEN,2025-08-16 15:47:00,PRIORITY_CHANGED
ALT-C374B89CB647,SQ-006734,SAFETY_REVIEW_OVERDUE,HIGH,Required safeguarding review was not completed by the due time.,Review the case and record the safeguarding action taken.,Team Leader,OPEN,2025-08-17 00:00:00,SAFETY_REVIEW_OVERDUE
ALT-15A16EDB6256,SQ-006734,ESCALATION_REQUIRED,HIGH,A safeguarding workflow escalation was triggered.,Team Leader must review the case and record the outcome.,Team Leader,OPEN,2025-08-17 00:05:00,ESCALATION_TRIGGERED
ALT-8C42D21FC479,SQ-002644,PRIORITY_CHANGE_REVIEW,LOW,Case priority was manually changed by an authorised user.,Retain for audit review; no action required unless challenged.,Auditor,OPEN,2025-08-17 14:54:00,PRIORITY_CHANGED
ALT-70D8D19EBFAC,SQ-006902,HIGH_PRIORITY_UNALLOCATED,CRITICAL,High-priority case is awaiting allocation to a social worker.,Immediate human review and allocation decision.,Team Leader,OPEN,2025-08-17 23:10:00,HIGH_PRIORITY_UNALLOCATED
ALT-D1DFE32EB6FB,SQ-002548,SAFETY_REVIEW_OVERDUE,HIGH,Required safeguarding review was not completed by the due time.,Review the case and record the safeguarding action taken.,Team Leader,OPEN,2025-08-18 00:00:00,SAFETY_REVIEW_OVERDUE
ALT-EE3E5D2D9E08,SQ-002742,SAFETY_REVIEW_OVERDUE,HIGH,Required safeguarding review was not completed by the due time.,Review the case and record the safeguarding action taken.,Team Leader,OPEN,2025-08-18 00:00:00,SAFETY_REVIEW_OVERDUE
ALT-1CE1780669E0,SQ-002831,SAFETY_REVIEW_OVERDUE,HIGH,Required safeguarding review was not completed by the due time.,Review the case and record the safeguarding action taken.,Team Leader,OPEN,2025-08-18 00:00:00,SAFETY_REVIEW_OVERDUE
ALT-3534835C2BB9,SQ-006644,SAFETY_REVIEW_OVERDUE,HIGH,Required safeguarding review was not completed by the due time.,Review the case and record the safeguarding action taken.,Team Leader,OPEN,2025-08-18 00:00:00,SAFETY_REVIEW_OVERDUE
ALT-4149869DC69C,SQ-010228,SAFETY_REVIEW_OVERDUE,HIGH,Required safeguarding review was not completed by the due time.,Review the case and record the safeguarding action taken.,Team Leader,OPEN,2025-08-18 00:00:00,SAFETY_REVIEW_OVERDUE
ALT-ACF03BFBA24F,SQ-002548,ESCALATION_REQUIRED,HIGH,A safeguarding workflow escalation was triggered.,Team Leader must review the case and record the outcome.,Team Leader,OPEN,2025-08-18 00:05:00,ESCALATION_TRIGGERED
ALT-F5C26FABEF6C,SQ-002742,ESCALATION_REQUIRED,HIGH,A safeguarding workflow escalation was triggered.,Team Leader must review the case and record the outcome.,Team Leader,OPEN,2025-08-18 00:05:00,ESCALATION_TRIGGERED
ALT-9A0D93FE1D08,SQ-002831,ESCALATION_REQUIRED,HIGH,A safeguarding workflow escalation was triggered.,Team Leader must review the case and record the outcome.,Team Leader,OPEN,2025-08-18 00:05:00,ESCALATION_TRIGGERED
ALT-198CB7AA5180,SQ-006644,ESCALATION_REQUIRED,HIGH,A safeguarding workflow escalation was triggered.,Team Leader must review the case and record the outcome.,Team Leader,OPEN,2025-08-18 00:05:00,ESCALATION_TRIGGERED
ALT-D9858B2E891F,SQ-010228,ESCALATION_REQUIRED,HIGH,A safeguarding workflow escalation was triggered.,Team Leader must review the case and record the outcome.,Team Leader,OPEN,2025-08-18 00:05:00,ESCALATION_TRIGGERED
ALT-3FF7B4A6FE14,SQ-006804,HIGH_PRIORITY_UNALLOCATED,CRITICAL,High-priority case is awaiting allocation to a social worker.,Immediate human review and allocation decision.,Team Leader,OPEN,2025-08-18 18:23:00,HIGH_PRIORITY_UNALLOCATED
ALT-F9897A080F18,SQ-010200,SAFETY_REVIEW_OVERDUE,HIGH,Required safeguarding review was not completed by the due time.,Review the case and record the safeguarding action taken.,Team Leader,OPEN,2025-08-19 00:00:00,SAFETY_REVIEW_OVERDUE
ALT-C118F6CD318B,SQ-010408,SAFETY_REVIEW_OVERDUE,HIGH,Required safeguarding review was not completed by the due time.,Review the case and record the safeguarding action taken.,Team Leader,OPEN,2025-08-19 00:00:00,SAFETY_REVIEW_OVERDUE
ALT-35C0DB7CE071,SQ-010200,ESCALATION_REQUIRED,HIGH,A safeguarding workflow escalation was triggered.,Team Leader must review the case and record the outcome.,Team Leader,OPEN,2025-08-19 00:05:00,ESCALATION_TRIGGERED
ALT-CE88874BB8D9,SQ-010408,ESCALATION_REQUIRED,HIGH,A safeguarding workflow escalation was triggered.,Team Leader must review the case and record the outcome.,Team Leader,OPEN,2025-08-19 00:05:00,ESCALATION_TRIGGERED
ALT-712D671A8969,SQ-002584,HIGH_PRIORITY_UNALLOCATED,CRITICAL,High-priority case is awaiting allocation to a social worker.,Immediate human review and allocation decision.,Team Leader,OPEN,2025-08-19 16:44:00,HIGH_PRIORITY_UNALLOCATED
ALT-81432FDF34CF,SQ-006727,PRIORITY_CHANGE_REVIEW,LOW,Case priority was manually changed by an authorised user.,Retain for audit review; no action required unless challenged.,Auditor,OPEN,2025-08-19 17:16:00,PRIORITY_CHANGED
ALT-F06E7F1A44EC,SQ-002541,SAFETY_REVIEW_OVERDUE,HIGH,Required safeguarding review was not completed by the due time.,Review the case and record the safeguarding action taken.,Team Leader,OPEN,2025-08-20 00:00:00,SAFETY_REVIEW_OVERDUE
ALT-519942B08EF5,SQ-002731,SAFETY_REVIEW_OVERDUE,HIGH,Required safeguarding review was not completed by the due time.,Review the case and record the safeguarding action taken.,Team Leader,OPEN,2025-08-20 00:00:00,SAFETY_REVIEW_OVERDUE
ALT-5BE834A5F425,SQ-002792,SAFETY_REVIEW_OVERDUE,HIGH,Required safeguarding review was not completed by the due time.,Review the case and record the safeguarding action taken.,Team Leader,OPEN,2025-08-20 00:00:00,SAFETY_REVIEW_OVERDUE
ALT-1B9E0F21E5FD,SQ-006754,SAFETY_REVIEW_OVERDUE,HIGH,Required safeguarding review was not completed by the due time.,Review the case and record the safeguarding action taken.,Team Leader,OPEN,2025-08-20 00:00:00,SAFETY_REVIEW_OVERDUE
ALT-E44768214E87,SQ-006902,SAFETY_REVIEW_OVERDUE,HIGH,Required safeguarding review was not completed by the due time.,Review the case and record the safeguarding action taken.,Team Leader,OPEN,2025-08-20 00:00:00,SAFETY_REVIEW_OVERDUE
ALT-298C4B729616,SQ-010404,SAFETY_REVIEW_OVERDUE,HIGH,Required safeguarding review was not completed by the due time.,Review the case and record the safeguarding action taken.,Team Leader,OPEN,2025-08-20 00:00:00,SAFETY_REVIEW_OVERDUE
ALT-3B815D7640A7,SQ-002541,ESCALATION_REQUIRED,HIGH,A safeguarding workflow escalation was triggered.,Team Leader must review the case and record the outcome.,Team Leader,OPEN,2025-08-20 00:05:00,ESCALATION_TRIGGERED
ALT-9B5E0D087A6C,SQ-002731,ESCALATION_REQUIRED,HIGH,A safeguarding workflow escalation was triggered.,Team Leader must review the case and record the outcome.,Team Leader,OPEN,2025-08-20 00:05:00,ESCALATION_TRIGGERED
ALT-34F05D8FCB78,SQ-002792,ESCALATION_REQUIRED,HIGH,A safeguarding workflow escalation was triggered.,Team Leader must review the case and record the outcome.,Team Leader,OPEN,2025-08-20 00:05:00,ESCALATION_TRIGGERED
ALT-2AAC12E855B7,SQ-006754,ESCALATION_REQUIRED,HIGH,A safeguarding workflow escalation was triggered.,Team Leader must review the case and record the outcome.,Team Leader,OPEN,2025-08-20 00:05:00,ESCALATION_TRIGGERED
ALT-25A9521F5B61,SQ-006902,ESCALATION_REQUIRED,HIGH,A safeguarding workflow escalation was triggered.,Team Leader must review the case and record the outcome.,Team Leader,OPEN,2025-08-20 00:05:00,ESCALATION_TRIGGERED
ALT-4DAA7736421E,SQ-010404,ESCALATION_REQUIRED,HIGH,A safeguarding workflow escalation was triggered.,Team Leader must review the case and record the outcome.,Team Leader,OPEN,2025-08-20 00:05:00,ESCALATION_TRIGGERED
ALT-B38695112AB3,SQ-002525,HIGH_PRIORITY_UNALLOCATED,CRITICAL,High-priority case is awaiting allocation to a social worker.,Immediate human review and allocation decision.,Team Leader,OPEN,2025-08-20 00:23:00,HIGH_PRIORITY_UNALLOCATED
ALT-C02840759194,SQ-010412,HIGH_PRIORITY_UNALLOCATED,CRITICAL,High-priority case is awaiting allocation to a social worker.,Immediate human review and allocation decision.,Team Leader,OPEN,2025-08-20 10:05:00,HIGH_PRIORITY_UNALLOCATED
ALT-84A6D42B72B6,SQ-010404,PRIORITY_CHANGE_REVIEW,LOW,Case priority was manually changed by an authorised user.,Retain for audit review; no action required unless challenged.,Auditor,OPEN,2025-08-20 14:16:00,PRIORITY_CHANGED
ALT-29D71B7B0C71,SQ-002639,SAFETY_REVIEW_OVERDUE,HIGH,Required safeguarding review was not completed by the due time.,Review the case and record the safeguarding action taken.,Team Leader,OPEN,2025-08-21 00:00:00,SAFETY_REVIEW_OVERDUE
ALT-9C2DFB8D2474,SQ-006797,SAFETY_REVIEW_OVERDUE,HIGH,Required safeguarding review was not completed by the due time.,Review the case and record the safeguarding action taken.,Team Leader,OPEN,2025-08-21 00:00:00,SAFETY_REVIEW_OVERDUE
ALT-F267D2A73054,SQ-010219,SAFETY_REVIEW_OVERDUE,HIGH,Required safeguarding review was not completed by the due time.,Review the case and record the safeguarding action taken.,Team Leader,OPEN,2025-08-21 00:00:00,SAFETY_REVIEW_OVERDUE
ALT-9509CE1FF46B,SQ-012988,SAFETY_REVIEW_OVERDUE,HIGH,Required safeguarding review was not completed by the due time.,Review the case and record the safeguarding action taken.,Team Leader,OPEN,2025-08-21 00:00:00,SAFETY_REVIEW_OVERDUE
ALT-55984ECB0359,SQ-002639,ESCALATION_REQUIRED,HIGH,A safeguarding workflow escalation was triggered.,Team Leader must review the case and record the outcome.,Team Leader,OPEN,2025-08-21 00:05:00,ESCALATION_TRIGGERED
ALT-400EA5EF6A34,SQ-006797,ESCALATION_REQUIRED,HIGH,A safeguarding workflow escalation was triggered.,Team Leader must review the case and record the outcome.,Team Leader,OPEN,2025-08-21 00:05:00,ESCALATION_TRIGGERED
ALT-ECFD9CF21C26,SQ-010219,ESCALATION_REQUIRED,HIGH,A safeguarding workflow escalation was triggered.,Team Leader must review the case and record the outcome.,Team Leader,OPEN,2025-08-21 00:05:00,ESCALATION_TRIGGERED
ALT-4D458DC89F9B,SQ-012988,ESCALATION_REQUIRED,HIGH,A safeguarding workflow escalation was triggered.,Team Leader must review the case and record the outcome.,Team Leader,OPEN,2025-08-21 00:05:00,ESCALATION_TRIGGERED
ALT-1994B4647A46,SQ-002589,HIGH_PRIORITY_UNALLOCATED,CRITICAL,High-priority case is awaiting allocation to a social worker.,Immediate human review and allocation decision.,Team Leader,OPEN,2025-08-21 03:56:00,HIGH_PRIORITY_UNALLOCATED
ALT-A28AF4CAC996,SQ-002639,PRIORITY_CHANGE_REVIEW,LOW,Case priority was manually changed by an authorised user.,Retain for audit review; no action required unless challenged.,Auditor,OPEN,2025-08-21 14:08:00,PRIORITY_CHANGED
ALT-84C074ACC8F8,SQ-013113,SAFETY_REVIEW_OVERDUE,HIGH,Required safeguarding review was not completed by the due time.,Review the case and record the safeguarding action taken.,Team Leader,OPEN,2025-08-22 00:00:00,SAFETY_REVIEW_OVERDUE
ALT-F8321A64C6CA,SQ-013113,ESCALATION_REQUIRED,HIGH,A safeguarding workflow escalation was triggered.,Team Leader must review the case and record the outcome.,Team Leader,OPEN,2025-08-22 00:05:00,ESCALATION_TRIGGERED
ALT-B3D56F0077B9,SQ-010148,HIGH_PRIORITY_UNALLOCATED,CRITICAL,High-priority case is awaiting allocation to a social worker.,Immediate human review and allocation decision.,Team Leader,OPEN,2025-08-22 07:41:00,HIGH_PRIORITY_UNALLOCATED
ALT-97C0323132E5,SQ-013150,PRIORITY_CHANGE_REVIEW,LOW,Case priority was manually changed by an authorised user.,Retain for audit review; no action required unless challenged.,Auditor,OPEN,2025-08-22 12:31:00,PRIORITY_CHANGED
ALT-5054C769EA5A,SQ-002861,PRIORITY_CHANGE_REVIEW,LOW,Case priority was manually changed by an authorised user.,Retain for audit review; no action required unless challenged.,Auditor,OPEN,2025-08-22 17:59:00,PRIORITY_CHANGED
ALT-849CD35E40B1,SQ-002525,SAFETY_REVIEW_OVERDUE,HIGH,Required safeguarding review was not completed by the due time.,Review the case and record the safeguarding action taken.,Team Leader,OPEN,2025-08-23 00:00:00,SAFETY_REVIEW_OVERDUE
ALT-4EA42237780C,SQ-010392,SAFETY_REVIEW_OVERDUE,HIGH,Required safeguarding review was not completed by the due time.,Review the case and record the safeguarding action taken.,Team Leader,OPEN,2025-08-23 00:00:00,SAFETY_REVIEW_OVERDUE
ALT-CEB7F2FAEF51,SQ-013052,SAFETY_REVIEW_OVERDUE,HIGH,Required safeguarding review was not completed by the due time.,Review the case and record the safeguarding action taken.,Team Leader,OPEN,2025-08-23 00:00:00,SAFETY_REVIEW_OVERDUE
ALT-D47A3A55CCF5,SQ-002525,ESCALATION_REQUIRED,HIGH,A safeguarding workflow escalation was triggered.,Team Leader must review the case and record the outcome.,Team Leader,OPEN,2025-08-23 00:05:00,ESCALATION_TRIGGERED
ALT-44186DE4ACB9,SQ-010392,ESCALATION_REQUIRED,HIGH,A safeguarding workflow escalation was triggered.,Team Leader must review the case and record the outcome.,Team Leader,OPEN,2025-08-23 00:05:00,ESCALATION_TRIGGERED
ALT-BEB2A9192A8F,SQ-013052,ESCALATION_REQUIRED,HIGH,A safeguarding workflow escalation was triggered.,Team Leader must review the case and record the outcome.,Team Leader,OPEN,2025-08-23 00:05:00,ESCALATION_TRIGGERED
ALT-770E403DB77E,SQ-010211,PRIORITY_CHANGE_REVIEW,LOW,Case priority was manually changed by an authorised user.,Retain for audit review; no action required unless challenged.,Auditor,OPEN,2025-08-23 10:57:00,PRIORITY_CHANGED
ALT-E89A9CA2A01D,SQ-006913,PRIORITY_CHANGE_REVIEW,LOW,Case priority was manually changed by an authorised user.,Retain for audit review; no action required unless challenged.,Auditor,OPEN,2025-08-23 11:43:00,PRIORITY_CHANGED
ALT-AAC3AE7AF726,SQ-002725,HIGH_PRIORITY_UNALLOCATED,CRITICAL,High-priority case is awaiting allocation to a social worker.,Immediate human review and allocation decision.,Team Leader,OPEN,2025-08-23 21:50:00,HIGH_PRIORITY_UNALLOCATED
ALT-847C70BF3DD1,SQ-010312,SAFETY_REVIEW_OVERDUE,HIGH,Required safeguarding review was not completed by the due time.,Review the case and record the safeguarding action taken.,Team Leader,OPEN,2025-08-24 00:00:00,SAFETY_REVIEW_OVERDUE
ALT-7D631E547041,SQ-012990,SAFETY_REVIEW_OVERDUE,HIGH,Required safeguarding review was not completed by the due time.,Review the case and record the safeguarding action taken.,Team Leader,OPEN,2025-08-24 00:00:00,SAFETY_REVIEW_OVERDUE
ALT-7AAC2A90C170,SQ-010312,ESCALATION_REQUIRED,HIGH,A safeguarding workflow escalation was triggered.,Team Leader must review the case and record the outcome.,Team Leader,OPEN,2025-08-24 00:05:00,ESCALATION_TRIGGERED
ALT-D14E932E6277,SQ-012990,ESCALATION_REQUIRED,HIGH,A safeguarding workflow escalation was triggered.,Team Leader must review the case and record the outcome.,Team Leader,OPEN,2025-08-24 00:05:00,ESCALATION_TRIGGERED
ALT-21E150B4AF26,SQ-002571,HIGH_PRIORITY_UNALLOCATED,CRITICAL,High-priority case is awaiting allocation to a social worker.,Immediate human review and allocation decision.,Team Leader,OPEN,2025-08-25 05:13:00,HIGH_PRIORITY_UNALLOCATED
ALT-A57F4A004415,SQ-006901,PRIORITY_CHANGE_REVIEW,LOW,Case priority was manually changed by an authorised user.,Retain for audit review; no action required unless challenged.,Auditor,OPEN,2025-08-25 09:09:00,PRIORITY_CHANGED
ALT-48E481C0FA7B,SQ-010416,HIGH_PRIORITY_UNALLOCATED,CRITICAL,High-priority case is awaiting allocation to a social worker.,Immediate human review and allocation decision.,Team Leader,OPEN,2025-08-25 12:33:00,HIGH_PRIORITY_UNALLOCATED
ALT-9050D64A550F,SQ-010319,HIGH_PRIORITY_UNALLOCATED,CRITICAL,High-priority case is awaiting allocation to a social worker.,Immediate human review and allocation decision.,Team Leader,OPEN,2025-08-26 00:45:00,HIGH_PRIORITY_UNALLOCATED
ALT-8BE423AEBDBC,SQ-002526,HIGH_PRIORITY_UNALLOCATED,CRITICAL,High-priority case is awaiting allocation to a social worker.,Immediate human review and allocation decision.,Team Leader,OPEN,2025-08-26 07:53:00,HIGH_PRIORITY_UNALLOCATED
ALT-9BB2C8F94011,SQ-002591,PRIORITY_CHANGE_REVIEW,LOW,Case priority was manually changed by an authorised user.,Retain for audit review; no action required unless challenged.,Auditor,OPEN,2025-08-26 09:46:00,PRIORITY_CHANGED
ALT-B5E44B3531C7,SQ-006720,PRIORITY_CHANGE_REVIEW,LOW,Case priority was manually changed by an authorised user.,Retain for audit review; no action required unless challenged.,Auditor,OPEN,2025-08-26 12:56:00,PRIORITY_CHANGED
ALT-7EC9783F6EB6,SQ-002571,SAFETY_REVIEW_OVERDUE,HIGH,Required safeguarding review was not completed by the due time.,Review the case and record the safeguarding action taken.,Team Leader,OPEN,2025-08-28 00:00:00,SAFETY_REVIEW_OVERDUE
ALT-F2D7D4F90DFA,SQ-002589,SAFETY_REVIEW_OVERDUE,HIGH,Required safeguarding review was not completed by the due time.,Review the case and record the safeguarding action taken.,Team Leader,OPEN,2025-08-28 00:00:00,SAFETY_REVIEW_OVERDUE
ALT-CA144670E72F,SQ-006647,SAFETY_REVIEW_OVERDUE,HIGH,Required safeguarding review was not completed by the due time.,Review the case and record the safeguarding action taken.,Team Leader,OPEN,2025-08-28 00:00:00,SAFETY_REVIEW_OVERDUE
ALT-E1B8975B44FF,SQ-002571,ESCALATION_REQUIRED,HIGH,A safeguarding workflow escalation was triggered.,Team Leader must review the case and record the outcome.,Team Leader,OPEN,2025-08-28 00:05:00,ESCALATION_TRIGGERED
ALT-E240F2BC817C,SQ-002589,ESCALATION_REQUIRED,HIGH,A safeguarding workflow escalation was triggered.,Team Leader must review the case and record the outcome.,Team Leader,OPEN,2025-08-28 00:05:00,ESCALATION_TRIGGERED
ALT-253591145215,SQ-006647,ESCALATION_REQUIRED,HIGH,A safeguarding workflow escalation was triggered.,Team Leader must review the case and record the outcome.,Team Leader,OPEN,2025-08-28 00:05:00,ESCALATION_TRIGGERED
ALT-C46EFF3644A0,SQ-002564,PRIORITY_CHANGE_REVIEW,LOW,Case priority was manually changed by an authorised user.,Retain for audit review; no action required unless challenged.,Auditor,OPEN,2025-08-28 11:06:00,PRIORITY_CHANGED
ALT-5BC73DE23A8C,SQ-010416,PRIORITY_CHANGE_REVIEW,LOW,Case priority was manually changed by an authorised user.,Retain for audit review; no action required unless challenged.,Auditor,OPEN,2025-08-28 16:56:00,PRIORITY_CHANGED
ALT-7A807EE330D2,SQ-010375,HIGH_PRIORITY_UNALLOCATED,CRITICAL,High-priority case is awaiting allocation to a social worker.,Immediate human review and allocation decision.,Team Leader,OPEN,2025-08-28 20:12:00,HIGH_PRIORITY_UNALLOCATED
ALT-B1539F9C95B4,SQ-002674,SAFETY_REVIEW_OVERDUE,HIGH,Required safeguarding review was not completed by the due time.,Review the case and record the safeguarding action taken.,Team Leader,OPEN,2025-08-29 00:00:00,SAFETY_REVIEW_OVERDUE
ALT-A9B23C5D2DEB,SQ-002835,SAFETY_REVIEW_OVERDUE,HIGH,Required safeguarding review was not completed by the due time.,Review the case and record the safeguarding action taken.,Team Leader,OPEN,2025-08-29 00:00:00,SAFETY_REVIEW_OVERDUE
ALT-FBF5826A9ED6,SQ-010148,SAFETY_REVIEW_OVERDUE,HIGH,Required safeguarding review was not completed by the due time.,Review the case and record the safeguarding action taken.,Team Leader,OPEN,2025-08-29 00:00:00,SAFETY_REVIEW_OVERDUE
ALT-D38F75A8D883,SQ-013066,SAFETY_REVIEW_OVERDUE,HIGH,Required safeguarding review was not completed by the due time.,Review the case and record the safeguarding action taken.,Team Leader,OPEN,2025-08-29 00:00:00,SAFETY_REVIEW_OVERDUE
ALT-1EEF4A30F196,SQ-002674,ESCALATION_REQUIRED,HIGH,A safeguarding workflow escalation was triggered.,Team Leader must review the case and record the outcome.,Team Leader,OPEN,2025-08-29 00:05:00,ESCALATION_TRIGGERED
ALT-36C292E3C205,SQ-002835,ESCALATION_REQUIRED,HIGH,A safeguarding workflow escalation was triggered.,Team Leader must review the case and record the outcome.,Team Leader,OPEN,2025-08-29 00:05:00,ESCALATION_TRIGGERED
ALT-7361C983FF91,SQ-010148,ESCALATION_REQUIRED,HIGH,A safeguarding workflow escalation was triggered.,Team Leader must review the case and record the outcome.,Team Leader,OPEN,2025-08-29 00:05:00,ESCALATION_TRIGGERED
ALT-10FE2C56A404,SQ-013066,ESCALATION_REQUIRED,HIGH,A safeguarding workflow escalation was triggered.,Team Leader must review the case and record the outcome.,Team Leader,OPEN,2025-08-29 00:05:00,ESCALATION_TRIGGERED
ALT-231A652B4A6F,SQ-010322,HIGH_PRIORITY_UNALLOCATED,CRITICAL,High-priority case is awaiting allocation to a social worker.,Immediate human review and allocation decision.,Team Leader,OPEN,2025-08-29 06:54:00,HIGH_PRIORITY_UNALLOCATED
ALT-43B2F4DD26AA,SQ-002603,HIGH_PRIORITY_UNALLOCATED,CRITICAL,High-priority case is awaiting allocation to a social worker.,Immediate human review and allocation decision.,Team Leader,OPEN,2025-08-29 10:40:00,HIGH_PRIORITY_UNALLOCATED
ALT-ABE25C0FB3A7,SQ-002636,SAFETY_REVIEW_OVERDUE,HIGH,Required safeguarding review was not completed by the due time.,Review the case and record the safeguarding action taken.,Team Leader,OPEN,2025-08-30 00:00:00,SAFETY_REVIEW_OVERDUE
ALT-9D8CB2EAA99D,SQ-006775,SAFETY_REVIEW_OVERDUE,HIGH,Required safeguarding review was not completed by the due time.,Review the case and record the safeguarding action taken.,Team Leader,OPEN,2025-08-30 00:00:00,SAFETY_REVIEW_OVERDUE
ALT-666056C45757,SQ-010261,SAFETY_REVIEW_OVERDUE,HIGH,Required safeguarding review was not completed by the due time.,Review the case and record the safeguarding action taken.,Team Leader,OPEN,2025-08-30 00:00:00,SAFETY_REVIEW_OVERDUE
ALT-FD3B63C7404A,SQ-010319,SAFETY_REVIEW_OVERDUE,HIGH,Required safeguarding review was not completed by the due time.,Review the case and record the safeguarding action taken.,Team Leader,OPEN,2025-08-30 00:00:00,SAFETY_REVIEW_OVERDUE
ALT-5A5A60232325,SQ-002636,ESCALATION_REQUIRED,HIGH,A safeguarding workflow escalation was triggered.,Team Leader must review the case and record the outcome.,Team Leader,OPEN,2025-08-30 00:05:00,ESCALATION_TRIGGERED
ALT-800273DCFD08,SQ-006775,ESCALATION_REQUIRED,HIGH,A safeguarding workflow escalation was triggered.,Team Leader must review the case and record the outcome.,Team Leader,OPEN,2025-08-30 00:05:00,ESCALATION_TRIGGERED
ALT-71F0EDDDB9CD,SQ-010261,ESCALATION_REQUIRED,HIGH,A safeguarding workflow escalation was triggered.,Team Leader must review the case and record the outcome.,Team Leader,OPEN,2025-08-30 00:05:00,ESCALATION_TRIGGERED
ALT-291A0088E30B,SQ-010319,ESCALATION_REQUIRED,HIGH,A safeguarding workflow escalation was triggered.,Team Leader must review the case and record the outcome.,Team Leader,OPEN,2025-08-30 00:05:00,ESCALATION_TRIGGERED
ALT-3DED919A8624,SQ-002618,HIGH_PRIORITY_UNALLOCATED,CRITICAL,High-priority case is awaiting allocation to a social worker.,Immediate human review and allocation decision.,Team Leader,OPEN,2025-08-30 10:38:00,HIGH_PRIORITY_UNALLOCATED
ALT-DF46635C2F9F,SQ-010216,HIGH_PRIORITY_UNALLOCATED,CRITICAL,High-priority case is awaiting allocation to a social worker.,Immediate human review and allocation decision.,Team Leader,OPEN,2025-08-30 12:41:00,HIGH_PRIORITY_UNALLOCATED
ALT-BBD0C2236BF6,SQ-002560,SAFETY_REVIEW_OVERDUE,HIGH,Required safeguarding review was not completed by the due time.,Review the case and record the safeguarding action taken.,Team Leader,OPEN,2025-08-31 00:00:00,SAFETY_REVIEW_OVERDUE
ALT-A09B225D43DE,SQ-002635,SAFETY_REVIEW_OVERDUE,HIGH,Required safeguarding review was not completed by the due time.,Review the case and record the safeguarding action taken.,Team Leader,OPEN,2025-08-31 00:00:00,SAFETY_REVIEW_OVERDUE
ALT-0EDC0C3B7336,SQ-002662,SAFETY_REVIEW_OVERDUE,HIGH,Required safeguarding review was not completed by the due time.,Review the case and record the safeguarding action taken.,Team Leader,OPEN,2025-08-31 00:00:00,SAFETY_REVIEW_OVERDUE
ALT-62BEC4BBF556,SQ-002786,SAFETY_REVIEW_OVERDUE,HIGH,Required safeguarding review was not completed by the due time.,Review the case and record the safeguarding action taken.,Team Leader,OPEN,2025-08-31 00:00:00,SAFETY_REVIEW_OVERDUE
ALT-B6189A148D56,SQ-010146,SAFETY_REVIEW_OVERDUE,HIGH,Required safeguarding review was not completed by the due time.,Review the case and record the safeguarding action taken.,Team Leader,OPEN,2025-08-31 00:00:00,SAFETY_REVIEW_OVERDUE
ALT-D54185C19080,SQ-010172,SAFETY_REVIEW_OVERDUE,HIGH,Required safeguarding review was not completed by the due time.,Review the case and record the safeguarding action taken.,Team Leader,OPEN,2025-08-31 00:00:00,SAFETY_REVIEW_OVERDUE
ALT-8B4E9958AA50,SQ-013024,SAFETY_REVIEW_OVERDUE,HIGH,Required safeguarding review was not completed by the due time.,Review the case and record the safeguarding action taken.,Team Leader,OPEN,2025-08-31 00:00:00,SAFETY_REVIEW_OVERDUE
ALT-61CD47D4D78B,SQ-002560,ESCALATION_REQUIRED,HIGH,A safeguarding workflow escalation was triggered.,Team Leader must review the case and record the outcome.,Team Leader,OPEN,2025-08-31 00:05:00,ESCALATION_TRIGGERED
ALT-90935ABC0666,SQ-002635,ESCALATION_REQUIRED,HIGH,A safeguarding workflow escalation was triggered.,Team Leader must review the case and record the outcome.,Team Leader,OPEN,2025-08-31 00:05:00,ESCALATION_TRIGGERED
ALT-8F85FCEB3655,SQ-002662,ESCALATION_REQUIRED,HIGH,A safeguarding workflow escalation was triggered.,Team Leader must review the case and record the outcome.,Team Leader,OPEN,2025-08-31 00:05:00,ESCALATION_TRIGGERED
ALT-0B8B09FC5DEA,SQ-002786,ESCALATION_REQUIRED,HIGH,A safeguarding workflow escalation was triggered.,Team Leader must review the case and record the outcome.,Team Leader,OPEN,2025-08-31 00:05:00,ESCALATION_TRIGGERED
ALT-52C3E36DFDED,SQ-010146,ESCALATION_REQUIRED,HIGH,A safeguarding workflow escalation was triggered.,Team Leader must review the case and record the outcome.,Team Leader,OPEN,2025-08-31 00:05:00,ESCALATION_TRIGGERED
ALT-E363D47B80B3,SQ-010172,ESCALATION_REQUIRED,HIGH,A safeguarding workflow escalation was triggered.,Team Leader must review the case and record the outcome.,Team Leader,OPEN,2025-08-31 00:05:00,ESCALATION_TRIGGERED
ALT-CA922B123BD5,SQ-013024,ESCALATION_REQUIRED,HIGH,A safeguarding workflow escalation was triggered.,Team Leader must review the case and record the outcome.,Team Leader,OPEN,2025-08-31 00:05:00,ESCALATION_TRIGGERED
ALT-89617F5A52DF,SQ-002680,HIGH_PRIORITY_UNALLOCATED,CRITICAL,High-priority case is awaiting allocation to a social worker.,Immediate human review and allocation decision.,Team Leader,OPEN,2025-08-31 04:28:00,HIGH_PRIORITY_UNALLOCATED
ALT-8BC93DE0C7FD,SQ-002681,HIGH_PRIORITY_UNALLOCATED,CRITICAL,High-priority case is awaiting allocation to a social worker.,Immediate human review and allocation decision.,Team Leader,OPEN,2025-08-31 05:16:00,HIGH_PRIORITY_UNALLOCATED
ALT-A6E074A14BD7,SQ-013159,HIGH_PRIORITY_UNALLOCATED,CRITICAL,High-priority case is awaiting allocation to a social worker.,Immediate human review and allocation decision.,Team Leader,OPEN,2025-08-31 08:18:00,HIGH_PRIORITY_UNALLOCATED
ALT-3F12DD5506A6,SQ-010136,PRIORITY_CHANGE_REVIEW,LOW,Case priority was manually changed by an authorised user.,Retain for audit review; no action required unless challenged.,Auditor,OPEN,2025-08-31 12:26:00,PRIORITY_CHANGED
ALT-B9F4C83B4EAC,SQ-010176,HIGH_PRIORITY_UNALLOCATED,CRITICAL,High-priority case is awaiting allocation to a social worker.,Immediate human review and allocation decision.,Team Leader,OPEN,2025-09-01 05:09:00,HIGH_PRIORITY_UNALLOCATED
ALT-D5AF40525D7E,SQ-013055,HIGH_PRIORITY_UNALLOCATED,CRITICAL,High-priority case is awaiting allocation to a social worker.,Immediate human review and allocation decision.,Team Leader,OPEN,2025-09-01 09:50:00,HIGH_PRIORITY_UNALLOCATED
ALT-1AEC8F01E6AB,SQ-013378,HIGH_PRIORITY_UNALLOCATED,CRITICAL,High-priority case is awaiting allocation to a social worker.,Immediate human review and allocation decision.,Team Leader,OPEN,2025-09-01 19:03:00,HIGH_PRIORITY_UNALLOCATED
ALT-EBBA0C7ED7A3,SQ-003211,HIGH_PRIORITY_UNALLOCATED,CRITICAL,High-priority case is awaiting allocation to a social worker.,Immediate human review and allocation decision.,Team Leader,OPEN,2025-09-02 07:20:00,HIGH_PRIORITY_UNALLOCATED
ALT-8DA34C5946B7,SQ-010582,HIGH_PRIORITY_UNALLOCATED,CRITICAL,High-priority case is awaiting allocation to a social worker.,Immediate human review and allocation decision.,Team Leader,OPEN,2025-09-03 10:19:00,HIGH_PRIORITY_UNALLOCATED
ALT-FB6AD22E3E4E,SQ-010603,HIGH_PRIORITY_UNALLOCATED,CRITICAL,High-priority case is awaiting allocation to a social worker.,Immediate human review and allocation decision.,Team Leader,OPEN,2025-09-04 05:58:00,HIGH_PRIORITY_UNALLOCATED
ALT-31E9664E00B1,SQ-010429,PRIORITY_CHANGE_REVIEW,LOW,Case priority was manually changed by an authorised user.,Retain for audit review; no action required unless challenged.,Auditor,OPEN,2025-09-04 14:25:00,PRIORITY_CHANGED
ALT-342AC17DEFFD,SQ-002945,SAFETY_REVIEW_OVERDUE,HIGH,Required safeguarding review was not completed by the due time.,Review the case and record the safeguarding action taken.,Team Leader,OPEN,2025-09-06 00:00:00,SAFETY_REVIEW_OVERDUE
ALT-149DC7F4B635,SQ-010676,SAFETY_REVIEW_OVERDUE,HIGH,Required safeguarding review was not completed by the due time.,Review the case and record the safeguarding action taken.,Team Leader,OPEN,2025-09-06 00:00:00,SAFETY_REVIEW_OVERDUE
ALT-6E97B100BB40,SQ-013378,SAFETY_REVIEW_OVERDUE,HIGH,Required safeguarding review was not completed by the due time.,Review the case and record the safeguarding action taken.,Team Leader,OPEN,2025-09-06 00:00:00,SAFETY_REVIEW_OVERDUE
ALT-F7E23C9E3C13,SQ-002945,ESCALATION_REQUIRED,HIGH,A safeguarding workflow escalation was triggered.,Team Leader must review the case and record the outcome.,Team Leader,OPEN,2025-09-06 00:05:00,ESCALATION_TRIGGERED
ALT-3DFA670EEC24,SQ-010676,ESCALATION_REQUIRED,HIGH,A safeguarding workflow escalation was triggered.,Team Leader must review the case and record the outcome.,Team Leader,OPEN,2025-09-06 00:05:00,ESCALATION_TRIGGERED
ALT-CE8C55CDD1CA,SQ-013378,ESCALATION_REQUIRED,HIGH,A safeguarding workflow escalation was triggered.,Team Leader must review the case and record the outcome.,Team Leader,OPEN,2025-09-06 00:05:00,ESCALATION_TRIGGERED
ALT-334E11A6CEB3,SQ-013347,HIGH_PRIORITY_UNALLOCATED,CRITICAL,High-priority case is awaiting allocation to a social worker.,Immediate human review and allocation decision.,Team Leader,OPEN,2025-09-06 09:38:00,HIGH_PRIORITY_UNALLOCATED
ALT-DB60B029F469,SQ-013288,PRIORITY_CHANGE_REVIEW,LOW,Case priority was manually changed by an authorised user.,Retain for audit review; no action required unless challenged.,Auditor,OPEN,2025-09-06 14:35:00,PRIORITY_CHANGED
ALT-FE4498CAACCB,SQ-002536,PRIORITY_CHANGE_REVIEW,LOW,Case priority was manually changed by an authorised user.,Retain for audit review; no action required unless challenged.,Auditor,OPEN,2025-09-06 15:50:00,PRIORITY_CHANGED
ALT-C704D36E2665,SQ-003007,HIGH_PRIORITY_UNALLOCATED,CRITICAL,High-priority case is awaiting allocation to a social worker.,Immediate human review and allocation decision.,Team Leader,OPEN,2025-09-06 20:31:00,HIGH_PRIORITY_UNALLOCATED
ALT-4C805CAF45DC,SQ-013362,SAFETY_REVIEW_OVERDUE,HIGH,Required safeguarding review was not completed by the due time.,Review the case and record the safeguarding action taken.,Team Leader,OPEN,2025-09-07 00:00:00,SAFETY_REVIEW_OVERDUE
ALT-FC8BD8DC9156,SQ-013362,ESCALATION_REQUIRED,HIGH,A safeguarding workflow escalation was triggered.,Team Leader must review the case and record the outcome.,Team Leader,OPEN,2025-09-07 00:05:00,ESCALATION_TRIGGERED
ALT-B5863343ECBC,SQ-003231,HIGH_PRIORITY_UNALLOCATED,CRITICAL,High-priority case is awaiting allocation to a social worker.,Immediate human review and allocation decision.,Team Leader,OPEN,2025-09-07 03:00:00,HIGH_PRIORITY_UNALLOCATED
ALT-266DAF24D873,SQ-003061,PRIORITY_CHANGE_REVIEW,LOW,Case priority was manually changed by an authorised user.,Retain for audit review; no action required unless challenged.,Auditor,OPEN,2025-09-07 08:47:00,PRIORITY_CHANGED
ALT-A45158A9CD03,SQ-003221,HIGH_PRIORITY_UNALLOCATED,CRITICAL,High-priority case is awaiting allocation to a social worker.,Immediate human review and allocation decision.,Team Leader,OPEN,2025-09-07 12:55:00,HIGH_PRIORITY_UNALLOCATED
ALT-B20B58028D28,SQ-013264,PRIORITY_CHANGE_REVIEW,LOW,Case priority was manually changed by an authorised user.,Retain for audit review; no action required unless challenged.,Auditor,OPEN,2025-09-07 14:18:00,PRIORITY_CHANGED
ALT-CEB0063A09F8,SQ-002908,PRIORITY_CHANGE_REVIEW,LOW,Case priority was manually changed by an authorised user.,Retain for audit review; no action required unless challenged.,Auditor,OPEN,2025-09-07 17:41:00,PRIORITY_CHANGED
ALT-DCA322C40ABE,SQ-003211,SAFETY_REVIEW_OVERDUE,HIGH,Required safeguarding review was not completed by the due time.,Review the case and record the safeguarding action taken.,Team Leader,OPEN,2025-09-08 00:00:00,SAFETY_REVIEW_OVERDUE
ALT-3F7CC2DF84A0,SQ-010473,SAFETY_REVIEW_OVERDUE,HIGH,Required safeguarding review was not completed by the due time.,Review the case and record the safeguarding action taken.,Team Leader,OPEN,2025-09-08 00:00:00,SAFETY_REVIEW_OVERDUE
ALT-1641B53083C2,SQ-010573,SAFETY_REVIEW_OVERDUE,HIGH,Required safeguarding review was not completed by the due time.,Review the case and record the safeguarding action taken.,Team Leader,OPEN,2025-09-08 00:00:00,SAFETY_REVIEW_OVERDUE
ALT-9F92CED712A8,SQ-003211,ESCALATION_REQUIRED,HIGH,A safeguarding workflow escalation was triggered.,Team Leader must review the case and record the outcome.,Team Leader,OPEN,2025-09-08 00:05:00,ESCALATION_TRIGGERED
ALT-34115F1E6566,SQ-010473,ESCALATION_REQUIRED,HIGH,A safeguarding workflow escalation was triggered.,Team Leader must review the case and record the outcome.,Team Leader,OPEN,2025-09-08 00:05:00,ESCALATION_TRIGGERED
ALT-FD8217201BD6,SQ-010573,ESCALATION_REQUIRED,HIGH,A safeguarding workflow escalation was triggered.,Team Leader must review the case and record the outcome.,Team Leader,OPEN,2025-09-08 00:05:00,ESCALATION_TRIGGERED
ALT-819B4EC2BDD4,SQ-010708,HIGH_PRIORITY_UNALLOCATED,CRITICAL,High-priority case is awaiting allocation to a social worker.,Immediate human review and allocation decision.,Team Leader,OPEN,2025-09-08 01:05:00,HIGH_PRIORITY_UNALLOCATED
ALT-816EC9B5FCA7,SQ-013363,HIGH_PRIORITY_UNALLOCATED,CRITICAL,High-priority case is awaiting allocation to a social worker.,Immediate human review and allocation decision.,Team Leader,OPEN,2025-09-08 02:56:00,HIGH_PRIORITY_UNALLOCATED
ALT-C7545A63FD3D,SQ-007121,PRIORITY_CHANGE_REVIEW,LOW,Case priority was manually changed by an authorised user.,Retain for audit review; no action required unless challenged.,Auditor,OPEN,2025-09-08 11:18:00,PRIORITY_CHANGED
ALT-10EF517F17C3,SQ-003252,PRIORITY_CHANGE_REVIEW,LOW,Case priority was manually changed by an authorised user.,Retain for audit review; no action required unless challenged.,Auditor,OPEN,2025-09-08 15:36:00,PRIORITY_CHANGED
ALT-7212A3556BB8,SQ-007179,HIGH_PRIORITY_UNALLOCATED,CRITICAL,High-priority case is awaiting allocation to a social worker.,Immediate human review and allocation decision.,Team Leader,OPEN,2025-09-08 19:59:00,HIGH_PRIORITY_UNALLOCATED
ALT-E61514F9F865,SQ-003126,SAFETY_REVIEW_OVERDUE,HIGH,Required safeguarding review was not completed by the due time.,Review the case and record the safeguarding action taken.,Team Leader,OPEN,2025-09-09 00:00:00,SAFETY_REVIEW_OVERDUE
ALT-F0A4024D1609,SQ-003126,ESCALATION_REQUIRED,HIGH,A safeguarding workflow escalation was triggered.,Team Leader must review the case and record the outcome.,Team Leader,OPEN,2025-09-09 00:05:00,ESCALATION_TRIGGERED
ALT-70DD88033B2A,SQ-006972,HIGH_PRIORITY_UNALLOCATED,CRITICAL,High-priority case is awaiting allocation to a social worker.,Immediate human review and allocation decision.,Team Leader,OPEN,2025-09-09 01:15:00,HIGH_PRIORITY_UNALLOCATED
ALT-A37631FB1ABC,SQ-002992,HIGH_PRIORITY_UNALLOCATED,CRITICAL,High-priority case is awaiting allocation to a social worker.,Immediate human review and allocation decision.,Team Leader,OPEN,2025-09-09 02:43:00,HIGH_PRIORITY_UNALLOCATED
ALT-5D5FBCFE3878,SQ-010480,HIGH_PRIORITY_UNALLOCATED,CRITICAL,High-priority case is awaiting allocation to a social worker.,Immediate human review and allocation decision.,Team Leader,OPEN,2025-09-09 10:40:00,HIGH_PRIORITY_UNALLOCATED
ALT-9C198C8BCD00,SQ-010676,PRIORITY_CHANGE_REVIEW,LOW,Case priority was manually changed by an authorised user.,Retain for audit review; no action required unless challenged.,Auditor,OPEN,2025-09-09 12:38:00,PRIORITY_CHANGED
ALT-DD88F12804DB,SQ-010530,HIGH_PRIORITY_UNALLOCATED,CRITICAL,High-priority case is awaiting allocation to a social worker.,Immediate human review and allocation decision.,Team Leader,OPEN,2025-09-09 17:10:00,HIGH_PRIORITY_UNALLOCATED
ALT-D807EE0CCEFE,SQ-003166,HIGH_PRIORITY_UNALLOCATED,CRITICAL,High-priority case is awaiting allocation to a social worker.,Immediate human review and allocation decision.,Team Leader,OPEN,2025-09-10 00:35:00,HIGH_PRIORITY_UNALLOCATED
ALT-DC858DD8731A,SQ-003218,HIGH_PRIORITY_UNALLOCATED,CRITICAL,High-priority case is awaiting allocation to a social worker.,Immediate human review and allocation decision.,Team Leader,OPEN,2025-09-10 10:22:00,HIGH_PRIORITY_UNALLOCATED
ALT-3D3CC35B985C,SQ-006974,HIGH_PRIORITY_UNALLOCATED,CRITICAL,High-priority case is awaiting allocation to a social worker.,Immediate human review and allocation decision.,Team Leader,OPEN,2025-09-10 20:39:00,HIGH_PRIORITY_UNALLOCATED
ALT-1D28A8C68795,SQ-007166,SAFETY_REVIEW_OVERDUE,HIGH,Required safeguarding review was not completed by the due time.,Review the case and record the safeguarding action taken.,Team Leader,OPEN,2025-09-11 00:00:00,SAFETY_REVIEW_OVERDUE
ALT-52733FCB4447,SQ-010438,SAFETY_REVIEW_OVERDUE,HIGH,Required safeguarding review was not completed by the due time.,Review the case and record the safeguarding action taken.,Team Leader,OPEN,2025-09-11 00:00:00,SAFETY_REVIEW_OVERDUE
ALT-3670038694B3,SQ-007166,ESCALATION_REQUIRED,HIGH,A safeguarding workflow escalation was triggered.,Team Leader must review the case and record the outcome.,Team Leader,OPEN,2025-09-11 00:05:00,ESCALATION_TRIGGERED
ALT-7929C046AC73,SQ-010438,ESCALATION_REQUIRED,HIGH,A safeguarding workflow escalation was triggered.,Team Leader must review the case and record the outcome.,Team Leader,OPEN,2025-09-11 00:05:00,ESCALATION_TRIGGERED
ALT-C2584695BC0A,SQ-013379,HIGH_PRIORITY_UNALLOCATED,CRITICAL,High-priority case is awaiting allocation to a social worker.,Immediate human review and allocation decision.,Team Leader,OPEN,2025-09-11 06:42:00,HIGH_PRIORITY_UNALLOCATED
ALT-58ED2AB0C2A3,SQ-003166,SAFETY_REVIEW_OVERDUE,HIGH,Required safeguarding review was not completed by the due time.,Review the case and record the safeguarding action taken.,Team Leader,OPEN,2025-09-12 00:00:00,SAFETY_REVIEW_OVERDUE
ALT-7138DDFD398A,SQ-010631,SAFETY_REVIEW_OVERDUE,HIGH,Required safeguarding review was not completed by the due time.,Review the case and record the safeguarding action taken.,Team Leader,OPEN,2025-09-12 00:00:00,SAFETY_REVIEW_OVERDUE
ALT-2B086A7696E7,SQ-010708,SAFETY_REVIEW_OVERDUE,HIGH,Required safeguarding review was not completed by the due time.,Review the case and record the safeguarding action taken.,Team Leader,OPEN,2025-09-12 00:00:00,SAFETY_REVIEW_OVERDUE
ALT-036B5DBBD5B9,SQ-013384,SAFETY_REVIEW_OVERDUE,HIGH,Required safeguarding review was not completed by the due time.,Review the case and record the safeguarding action taken.,Team Leader,OPEN,2025-09-12 00:00:00,SAFETY_REVIEW_OVERDUE
ALT-D55EBD2A68E5,SQ-003166,ESCALATION_REQUIRED,HIGH,A safeguarding workflow escalation was triggered.,Team Leader must review the case and record the outcome.,Team Leader,OPEN,2025-09-12 00:05:00,ESCALATION_TRIGGERED
ALT-225D1D91DB95,SQ-010631,ESCALATION_REQUIRED,HIGH,A safeguarding workflow escalation was triggered.,Team Leader must review the case and record the outcome.,Team Leader,OPEN,2025-09-12 00:05:00,ESCALATION_TRIGGERED
ALT-DD869AD01578,SQ-010708,ESCALATION_REQUIRED,HIGH,A safeguarding workflow escalation was triggered.,Team Leader must review the case and record the outcome.,Team Leader,OPEN,2025-09-12 00:05:00,ESCALATION_TRIGGERED
ALT-DC680E618C43,SQ-013384,ESCALATION_REQUIRED,HIGH,A safeguarding workflow escalation was triggered.,Team Leader must review the case and record the outcome.,Team Leader,OPEN,2025-09-12 00:05:00,ESCALATION_TRIGGERED
ALT-9859E642A720,SQ-007185,HIGH_PRIORITY_UNALLOCATED,CRITICAL,High-priority case is awaiting allocation to a social worker.,Immediate human review and allocation decision.,Team Leader,OPEN,2025-09-12 03:16:00,HIGH_PRIORITY_UNALLOCATED
ALT-C929EA229FF1,SQ-010647,PRIORITY_CHANGE_REVIEW,LOW,Case priority was manually changed by an authorised user.,Retain for audit review; no action required unless challenged.,Auditor,OPEN,2025-09-12 11:56:00,PRIORITY_CHANGED
ALT-ABB198C4BC17,SQ-003018,HIGH_PRIORITY_UNALLOCATED,CRITICAL,High-priority case is awaiting allocation to a social worker.,Immediate human review and allocation decision.,Team Leader,OPEN,2025-09-12 20:02:00,HIGH_PRIORITY_UNALLOCATED
ALT-972DF5B3750B,SQ-006974,SAFETY_REVIEW_OVERDUE,HIGH,Required safeguarding review was not completed by the due time.,Review the case and record the safeguarding action taken.,Team Leader,OPEN,2025-09-13 00:00:00,SAFETY_REVIEW_OVERDUE
ALT-CA7B3C3C7004,SQ-007179,SAFETY_REVIEW_OVERDUE,HIGH,Required safeguarding review was not completed by the due time.,Review the case and record the safeguarding action taken.,Team Leader,OPEN,2025-09-13 00:00:00,SAFETY_REVIEW_OVERDUE
ALT-93DA811940C0,SQ-010663,SAFETY_REVIEW_OVERDUE,HIGH,Required safeguarding review was not completed by the due time.,Review the case and record the safeguarding action taken.,Team Leader,OPEN,2025-09-13 00:00:00,SAFETY_REVIEW_OVERDUE
ALT-70E41E3A7F23,SQ-006974,ESCALATION_REQUIRED,HIGH,A safeguarding workflow escalation was triggered.,Team Leader must review the case and record the outcome.,Team Leader,OPEN,2025-09-13 00:05:00,ESCALATION_TRIGGERED
ALT-ED9C9AA84B7F,SQ-007179,ESCALATION_REQUIRED,HIGH,A safeguarding workflow escalation was triggered.,Team Leader must review the case and record the outcome.,Team Leader,OPEN,2025-09-13 00:05:00,ESCALATION_TRIGGERED
ALT-BB2C01F4C7D1,SQ-010663,ESCALATION_REQUIRED,HIGH,A safeguarding workflow escalation was triggered.,Team Leader must review the case and record the outcome.,Team Leader,OPEN,2025-09-13 00:05:00,ESCALATION_TRIGGERED
ALT-27E0A8475F17,SQ-007231,PRIORITY_CHANGE_REVIEW,LOW,Case priority was manually changed by an authorised user.,Retain for audit review; no action required unless challenged.,Auditor,OPEN,2025-09-13 08:18:00,PRIORITY_CHANGED
ALT-F273BDABA7C8,SQ-007124,PRIORITY_CHANGE_REVIEW,LOW,Case priority was manually changed by an authorised user.,Retain for audit review; no action required unless challenged.,Auditor,OPEN,2025-09-13 11:38:00,PRIORITY_CHANGED
ALT-3458248555F8,SQ-013375,PRIORITY_CHANGE_REVIEW,LOW,Case priority was manually changed by an authorised user.,Retain for audit review; no action required unless challenged.,Auditor,OPEN,2025-09-13 15:23:00,PRIORITY_CHANGED
ALT-6616B34A2A65,SQ-003114,SAFETY_REVIEW_OVERDUE,HIGH,Required safeguarding review was not completed by the due time.,Review the case and record the safeguarding action taken.,Team Leader,OPEN,2025-09-14 00:00:00,SAFETY_REVIEW_OVERDUE
ALT-89F5AB31AD96,SQ-003127,SAFETY_REVIEW_OVERDUE,HIGH,Required safeguarding review was not completed by the due time.,Review the case and record the safeguarding action taken.,Team Leader,OPEN,2025-09-14 00:00:00,SAFETY_REVIEW_OVERDUE
ALT-177A79ED11F2,SQ-003231,SAFETY_REVIEW_OVERDUE,HIGH,Required safeguarding review was not completed by the due time.,Review the case and record the safeguarding action taken.,Team Leader,OPEN,2025-09-14 00:00:00,SAFETY_REVIEW_OVERDUE
ALT-893EBA446AE1,SQ-010561,SAFETY_REVIEW_OVERDUE,HIGH,Required safeguarding review was not completed by the due time.,Review the case and record the safeguarding action taken.,Team Leader,OPEN,2025-09-14 00:00:00,SAFETY_REVIEW_OVERDUE
ALT-CA2790F23529,SQ-010692,SAFETY_REVIEW_OVERDUE,HIGH,Required safeguarding review was not completed by the due time.,Review the case and record the safeguarding action taken.,Team Leader,OPEN,2025-09-14 00:00:00,SAFETY_REVIEW_OVERDUE
ALT-B20347A969D3,SQ-013185,SAFETY_REVIEW_OVERDUE,HIGH,Required safeguarding review was not completed by the due time.,Review the case and record the safeguarding action taken.,Team Leader,OPEN,2025-09-14 00:00:00,SAFETY_REVIEW_OVERDUE
ALT-1B51808E9A41,SQ-003114,ESCALATION_REQUIRED,HIGH,A safeguarding workflow escalation was triggered.,Team Leader must review the case and record the outcome.,Team Leader,OPEN,2025-09-14 00:05:00,ESCALATION_TRIGGERED
ALT-88AC336C35CC,SQ-003127,ESCALATION_REQUIRED,HIGH,A safeguarding workflow escalation was triggered.,Team Leader must review the case and record the outcome.,Team Leader,OPEN,2025-09-14 00:05:00,ESCALATION_TRIGGERED
ALT-6790123F5ADE,SQ-003231,ESCALATION_REQUIRED,HIGH,A safeguarding workflow escalation was triggered.,Team Leader must review the case and record the outcome.,Team Leader,OPEN,2025-09-14 00:05:00,ESCALATION_TRIGGERED
ALT-3C12F496D87C,SQ-010561,ESCALATION_REQUIRED,HIGH,A safeguarding workflow escalation was triggered.,Team Leader must review the case and record the outcome.,Team Leader,OPEN,2025-09-14 00:05:00,ESCALATION_TRIGGERED
ALT-1A9D99EC4901,SQ-010692,ESCALATION_REQUIRED,HIGH,A safeguarding workflow escalation was triggered.,Team Leader must review the case and record the outcome.,Team Leader,OPEN,2025-09-14 00:05:00,ESCALATION_TRIGGERED
ALT-0C05D32D91D3,SQ-013185,ESCALATION_REQUIRED,HIGH,A safeguarding workflow escalation was triggered.,Team Leader must review the case and record the outcome.,Team Leader,OPEN,2025-09-14 00:05:00,ESCALATION_TRIGGERED
ALT-9BF77A66FF3A,SQ-003217,HIGH_PRIORITY_UNALLOCATED,CRITICAL,High-priority case is awaiting allocation to a social worker.,Immediate human review and allocation decision.,Team Leader,OPEN,2025-09-14 08:18:00,HIGH_PRIORITY_UNALLOCATED
ALT-3C325865EA4C,SQ-003218,SAFETY_REVIEW_OVERDUE,HIGH,Required safeguarding review was not completed by the due time.,Review the case and record the safeguarding action taken.,Team Leader,OPEN,2025-09-15 00:00:00,SAFETY_REVIEW_OVERDUE
ALT-AE32EBCFCFD9,SQ-007038,SAFETY_REVIEW_OVERDUE,HIGH,Required safeguarding review was not completed by the due time.,Review the case and record the safeguarding action taken.,Team Leader,OPEN,2025-09-15 00:00:00,SAFETY_REVIEW_OVERDUE
ALT-4A0A18B7E666,SQ-013363,SAFETY_REVIEW_OVERDUE,HIGH,Required safeguarding review was not completed by the due time.,Review the case and record the safeguarding action taken.,Team Leader,OPEN,2025-09-15 00:00:00,SAFETY_REVIEW_OVERDUE
ALT-1397F10D3E6C,SQ-003218,ESCALATION_REQUIRED,HIGH,A safeguarding workflow escalation was triggered.,Team Leader must review the case and record the outcome.,Team Leader,OPEN,2025-09-15 00:05:00,ESCALATION_TRIGGERED
ALT-DAB53D3BC594,SQ-007038,ESCALATION_REQUIRED,HIGH,A safeguarding workflow escalation was triggered.,Team Leader must review the case and record the outcome.,Team Leader,OPEN,2025-09-15 00:05:00,ESCALATION_TRIGGERED
ALT-62266EBB7264,SQ-013363,ESCALATION_REQUIRED,HIGH,A safeguarding workflow escalation was triggered.,Team Leader must review the case and record the outcome.,Team Leader,OPEN,2025-09-15 00:05:00,ESCALATION_TRIGGERED
ALT-FD966412CEB3,SQ-007206,SAFETY_REVIEW_OVERDUE,HIGH,Required safeguarding review was not completed by the due time.,Review the case and record the safeguarding action taken.,Team Leader,OPEN,2025-09-16 00:00:00,SAFETY_REVIEW_OVERDUE
ALT-9D907DCFFF1B,SQ-007206,ESCALATION_REQUIRED,HIGH,A safeguarding workflow escalation was triggered.,Team Leader must review the case and record the outcome.,Team Leader,OPEN,2025-09-16 00:05:00,ESCALATION_TRIGGERED
ALT-F15BCB1F9774,SQ-003249,HIGH_PRIORITY_UNALLOCATED,CRITICAL,High-priority case is awaiting allocation to a social worker.,Immediate human review and allocation decision.,Team Leader,OPEN,2025-09-16 22:27:00,HIGH_PRIORITY_UNALLOCATED
ALT-54BCB25F0403,SQ-007185,SAFETY_REVIEW_OVERDUE,HIGH,Required safeguarding review was not completed by the due time.,Review the case and record the safeguarding action taken.,Team Leader,OPEN,2025-09-17 00:00:00,SAFETY_REVIEW_OVERDUE
ALT-A7DA2EF8D7C5,SQ-007185,ESCALATION_REQUIRED,HIGH,A safeguarding workflow escalation was triggered.,Team Leader must review the case and record the outcome.,Team Leader,OPEN,2025-09-17 00:05:00,ESCALATION_TRIGGERED
ALT-48227211BDC1,SQ-007116,SAFETY_REVIEW_OVERDUE,HIGH,Required safeguarding review was not completed by the due time.,Review the case and record the safeguarding action taken.,Team Leader,OPEN,2025-09-18 00:00:00,SAFETY_REVIEW_OVERDUE
ALT-43F84C08398D,SQ-010440,SAFETY_REVIEW_OVERDUE,HIGH,Required safeguarding review was not completed by the due time.,Review the case and record the safeguarding action taken.,Team Leader,OPEN,2025-09-18 00:00:00,SAFETY_REVIEW_OVERDUE
ALT-77F0016212D8,SQ-013379,SAFETY_REVIEW_OVERDUE,HIGH,Required safeguarding review was not completed by the due time.,Review the case and record the safeguarding action taken.,Team Leader,OPEN,2025-09-18 00:00:00,SAFETY_REVIEW_OVERDUE
ALT-27462E419B90,SQ-007116,ESCALATION_REQUIRED,HIGH,A safeguarding workflow escalation was triggered.,Team Leader must review the case and record the outcome.,Team Leader,OPEN,2025-09-18 00:05:00,ESCALATION_TRIGGERED
ALT-6F26A97F284C,SQ-010440,ESCALATION_REQUIRED,HIGH,A safeguarding workflow escalation was triggered.,Team Leader must review the case and record the outcome.,Team Leader,OPEN,2025-09-18 00:05:00,ESCALATION_TRIGGERED
ALT-1452FF60620D,SQ-013379,ESCALATION_REQUIRED,HIGH,A safeguarding workflow escalation was triggered.,Team Leader must review the case and record the outcome.,Team Leader,OPEN,2025-09-18 00:05:00,ESCALATION_TRIGGERED
ALT-14E4A6F845BB,SQ-002949,PRIORITY_CHANGE_REVIEW,LOW,Case priority was manually changed by an authorised user.,Retain for audit review; no action required unless challenged.,Auditor,OPEN,2025-09-18 09:46:00,PRIORITY_CHANGED
ALT-678F05B71AD0,SQ-003132,SAFETY_REVIEW_OVERDUE,HIGH,Required safeguarding review was not completed by the due time.,Review the case and record the safeguarding action taken.,Team Leader,OPEN,2025-09-19 00:00:00,SAFETY_REVIEW_OVERDUE
ALT-A2AF29EBA0AD,SQ-010556,SAFETY_REVIEW_OVERDUE,HIGH,Required safeguarding review was not completed by the due time.,Review the case and record the safeguarding action taken.,Team Leader,OPEN,2025-09-19 00:00:00,SAFETY_REVIEW_OVERDUE
ALT-1C2CAED3FDCE,SQ-010620,SAFETY_REVIEW_OVERDUE,HIGH,Required safeguarding review was not completed by the due time.,Review the case and record the safeguarding action taken.,Team Leader,OPEN,2025-09-19 00:00:00,SAFETY_REVIEW_OVERDUE
ALT-0A27CB9EC4CA,SQ-003132,ESCALATION_REQUIRED,HIGH,A safeguarding workflow escalation was triggered.,Team Leader must review the case and record the outcome.,Team Leader,OPEN,2025-09-19 00:05:00,ESCALATION_TRIGGERED
ALT-213E32F17D5C,SQ-010556,ESCALATION_REQUIRED,HIGH,A safeguarding workflow escalation was triggered.,Team Leader must review the case and record the outcome.,Team Leader,OPEN,2025-09-19 00:05:00,ESCALATION_TRIGGERED
ALT-AEFA296335E1,SQ-010620,ESCALATION_REQUIRED,HIGH,A safeguarding workflow escalation was triggered.,Team Leader must review the case and record the outcome.,Team Leader,OPEN,2025-09-19 00:05:00,ESCALATION_TRIGGERED
ALT-FD1AE9C2523C,SQ-002985,HIGH_PRIORITY_UNALLOCATED,CRITICAL,High-priority case is awaiting allocation to a social worker.,Immediate human review and allocation decision.,Team Leader,OPEN,2025-09-19 04:42:00,HIGH_PRIORITY_UNALLOCATED
ALT-8BA0CF49E362,SQ-007087,SAFETY_REVIEW_OVERDUE,HIGH,Required safeguarding review was not completed by the due time.,Review the case and record the safeguarding action taken.,Team Leader,OPEN,2025-09-20 00:00:00,SAFETY_REVIEW_OVERDUE
ALT-0B29B185FA23,SQ-007087,ESCALATION_REQUIRED,HIGH,A safeguarding workflow escalation was triggered.,Team Leader must review the case and record the outcome.,Team Leader,OPEN,2025-09-20 00:05:00,ESCALATION_TRIGGERED
ALT-73C4C4741737,SQ-010707,PRIORITY_CHANGE_REVIEW,LOW,Case priority was manually changed by an authorised user.,Retain for audit review; no action required unless challenged.,Auditor,OPEN,2025-09-20 08:46:00,PRIORITY_CHANGED
ALT-B0434A9DC836,SQ-010500,HIGH_PRIORITY_UNALLOCATED,CRITICAL,High-priority case is awaiting allocation to a social worker.,Immediate human review and allocation decision.,Team Leader,OPEN,2025-09-20 15:52:00,HIGH_PRIORITY_UNALLOCATED
ALT-270F229D6389,SQ-003041,HIGH_PRIORITY_UNALLOCATED,CRITICAL,High-priority case is awaiting allocation to a social worker.,Immediate human review and allocation decision.,Team Leader,OPEN,2025-09-20 16:16:00,HIGH_PRIORITY_UNALLOCATED
ALT-29AA50CB6B3E,SQ-003119,HIGH_PRIORITY_UNALLOCATED,CRITICAL,High-priority case is awaiting allocation to a social worker.,Immediate human review and allocation decision.,Team Leader,OPEN,2025-09-20 21:20:00,HIGH_PRIORITY_UNALLOCATED
ALT-55C304041108,SQ-003133,SAFETY_REVIEW_OVERDUE,HIGH,Required safeguarding review was not completed by the due time.,Review the case and record the safeguarding action taken.,Team Leader,OPEN,2025-09-21 00:00:00,SAFETY_REVIEW_OVERDUE
ALT-3A7F1FB5DF7C,SQ-003178,SAFETY_REVIEW_OVERDUE,HIGH,Required safeguarding review was not completed by the due time.,Review the case and record the safeguarding action taken.,Team Leader,OPEN,2025-09-21 00:00:00,SAFETY_REVIEW_OVERDUE
ALT-8CEBBA73839C,SQ-007195,SAFETY_REVIEW_OVERDUE,HIGH,Required safeguarding review was not completed by the due time.,Review the case and record the safeguarding action taken.,Team Leader,OPEN,2025-09-21 00:00:00,SAFETY_REVIEW_OVERDUE
ALT-12B31CEDF83A,SQ-013236,SAFETY_REVIEW_OVERDUE,HIGH,Required safeguarding review was not completed by the due time.,Review the case and record the safeguarding action taken.,Team Leader,OPEN,2025-09-21 00:00:00,SAFETY_REVIEW_OVERDUE
ALT-323C8418E8BD,SQ-003133,ESCALATION_REQUIRED,HIGH,A safeguarding workflow escalation was triggered.,Team Leader must review the case and record the outcome.,Team Leader,OPEN,2025-09-21 00:05:00,ESCALATION_TRIGGERED
ALT-B0BA01BF003C,SQ-003178,ESCALATION_REQUIRED,HIGH,A safeguarding workflow escalation was triggered.,Team Leader must review the case and record the outcome.,Team Leader,OPEN,2025-09-21 00:05:00,ESCALATION_TRIGGERED
ALT-C445A0A1FDB3,SQ-007195,ESCALATION_REQUIRED,HIGH,A safeguarding workflow escalation was triggered.,Team Leader must review the case and record the outcome.,Team Leader,OPEN,2025-09-21 00:05:00,ESCALATION_TRIGGERED
ALT-4D909C5DD09F,SQ-013236,ESCALATION_REQUIRED,HIGH,A safeguarding workflow escalation was triggered.,Team Leader must review the case and record the outcome.,Team Leader,OPEN,2025-09-21 00:05:00,ESCALATION_TRIGGERED
ALT-F1852085DCF1,SQ-003230,HIGH_PRIORITY_UNALLOCATED,CRITICAL,High-priority case is awaiting allocation to a social worker.,Immediate human review and allocation decision.,Team Leader,OPEN,2025-09-21 07:15:00,HIGH_PRIORITY_UNALLOCATED
ALT-F504C9D2D527,SQ-003095,HIGH_PRIORITY_UNALLOCATED,CRITICAL,High-priority case is awaiting allocation to a social worker.,Immediate human review and allocation decision.,Team Leader,OPEN,2025-09-21 12:27:00,HIGH_PRIORITY_UNALLOCATED
ALT-BD7CFB68DA14,SQ-007012,SAFETY_REVIEW_OVERDUE,HIGH,Required safeguarding review was not completed by the due time.,Review the case and record the safeguarding action taken.,Team Leader,OPEN,2025-09-22 00:00:00,SAFETY_REVIEW_OVERDUE
ALT-F8F1548F36B0,SQ-007165,SAFETY_REVIEW_OVERDUE,HIGH,Required safeguarding review was not completed by the due time.,Review the case and record the safeguarding action taken.,Team Leader,OPEN,2025-09-22 00:00:00,SAFETY_REVIEW_OVERDUE
ALT-6024BE35C5DB,SQ-010527,SAFETY_REVIEW_OVERDUE,HIGH,Required safeguarding review was not completed by the due time.,Review the case and record the safeguarding action taken.,Team Leader,OPEN,2025-09-22 00:00:00,SAFETY_REVIEW_OVERDUE
ALT-B9854BF5E05D,SQ-013278,SAFETY_REVIEW_OVERDUE,HIGH,Required safeguarding review was not completed by the due time.,Review the case and record the safeguarding action taken.,Team Leader,OPEN,2025-09-22 00:00:00,SAFETY_REVIEW_OVERDUE
ALT-ED02C4E9D831,SQ-007012,ESCALATION_REQUIRED,HIGH,A safeguarding workflow escalation was triggered.,Team Leader must review the case and record the outcome.,Team Leader,OPEN,2025-09-22 00:05:00,ESCALATION_TRIGGERED
ALT-DF0A867EA96E,SQ-007165,ESCALATION_REQUIRED,HIGH,A safeguarding workflow escalation was triggered.,Team Leader must review the case and record the outcome.,Team Leader,OPEN,2025-09-22 00:05:00,ESCALATION_TRIGGERED
ALT-CED5B80FE19E,SQ-010527,ESCALATION_REQUIRED,HIGH,A safeguarding workflow escalation was triggered.,Team Leader must review the case and record the outcome.,Team Leader,OPEN,2025-09-22 00:05:00,ESCALATION_TRIGGERED
ALT-DA0652A6F9D2,SQ-013278,ESCALATION_REQUIRED,HIGH,A safeguarding workflow escalation was triggered.,Team Leader must review the case and record the outcome.,Team Leader,OPEN,2025-09-22 00:05:00,ESCALATION_TRIGGERED
ALT-7CEF3CB96733,SQ-007113,PRIORITY_CHANGE_REVIEW,LOW,Case priority was manually changed by an authorised user.,Retain for audit review; no action required unless challenged.,Auditor,OPEN,2025-09-22 11:50:00,PRIORITY_CHANGED
ALT-D41E9329AE5B,SQ-007189,HIGH_PRIORITY_UNALLOCATED,CRITICAL,High-priority case is awaiting allocation to a social worker.,Immediate human review and allocation decision.,Team Leader,OPEN,2025-09-22 22:28:00,HIGH_PRIORITY_UNALLOCATED
ALT-BF42F09DB656,SQ-002983,SAFETY_REVIEW_OVERDUE,HIGH,Required safeguarding review was not completed by the due time.,Review the case and record the safeguarding action taken.,Team Leader,OPEN,2025-09-23 00:00:00,SAFETY_REVIEW_OVERDUE
ALT-1F73919B907C,SQ-003249,SAFETY_REVIEW_OVERDUE,HIGH,Required safeguarding review was not completed by the due time.,Review the case and record the safeguarding action taken.,Team Leader,OPEN,2025-09-23 00:00:00,SAFETY_REVIEW_OVERDUE
ALT-05CA55F12D0C,SQ-006999,SAFETY_REVIEW_OVERDUE,HIGH,Required safeguarding review was not completed by the due time.,Review the case and record the safeguarding action taken.,Team Leader,OPEN,2025-09-23 00:00:00,SAFETY_REVIEW_OVERDUE
ALT-F76283806A9D,SQ-007151,SAFETY_REVIEW_OVERDUE,HIGH,Required safeguarding review was not completed by the due time.,Review the case and record the safeguarding action taken.,Team Leader,OPEN,2025-09-23 00:00:00,SAFETY_REVIEW_OVERDUE
ALT-A69D0987B97A,SQ-002983,ESCALATION_REQUIRED,HIGH,A safeguarding workflow escalation was triggered.,Team Leader must review the case and record the outcome.,Team Leader,OPEN,2025-09-23 00:05:00,ESCALATION_TRIGGERED
ALT-ABFD2BC65145,SQ-003249,ESCALATION_REQUIRED,HIGH,A safeguarding workflow escalation was triggered.,Team Leader must review the case and record the outcome.,Team Leader,OPEN,2025-09-23 00:05:00,ESCALATION_TRIGGERED
ALT-158CB45148DD,SQ-006999,ESCALATION_REQUIRED,HIGH,A safeguarding workflow escalation was triggered.,Team Leader must review the case and record the outcome.,Team Leader,OPEN,2025-09-23 00:05:00,ESCALATION_TRIGGERED
ALT-68871ED72C0F,SQ-007151,ESCALATION_REQUIRED,HIGH,A safeguarding workflow escalation was triggered.,Team Leader must review the case and record the outcome.,Team Leader,OPEN,2025-09-23 00:05:00,ESCALATION_TRIGGERED
ALT-DAFF503E4229,SQ-010471,HIGH_PRIORITY_UNALLOCATED,CRITICAL,High-priority case is awaiting allocation to a social worker.,Immediate human review and allocation decision.,Team Leader,OPEN,2025-09-23 04:25:00,HIGH_PRIORITY_UNALLOCATED
ALT-2810FDA522B1,SQ-003198,SAFETY_REVIEW_OVERDUE,HIGH,Required safeguarding review was not completed by the due time.,Review the case and record the safeguarding action taken.,Team Leader,OPEN,2025-09-24 00:00:00,SAFETY_REVIEW_OVERDUE
ALT-708860FC0663,SQ-010500,SAFETY_REVIEW_OVERDUE,HIGH,Required safeguarding review was not completed by the due time.,Review the case and record the safeguarding action taken.,Team Leader,OPEN,2025-09-24 00:00:00,SAFETY_REVIEW_OVERDUE
ALT-1199E6AA7D7E,SQ-013389,SAFETY_REVIEW_OVERDUE,HIGH,Required safeguarding review was not completed by the due time.,Review the case and record the safeguarding action taken.,Team Leader,OPEN,2025-09-24 00:00:00,SAFETY_REVIEW_OVERDUE
ALT-87229594DD82,SQ-003198,ESCALATION_REQUIRED,HIGH,A safeguarding workflow escalation was triggered.,Team Leader must review the case and record the outcome.,Team Leader,OPEN,2025-09-24 00:05:00,ESCALATION_TRIGGERED
ALT-1F0DD3C25CF6,SQ-010500,ESCALATION_REQUIRED,HIGH,A safeguarding workflow escalation was triggered.,Team Leader must review the case and record the outcome.,Team Leader,OPEN,2025-09-24 00:05:00,ESCALATION_TRIGGERED
ALT-82115CCCFFDF,SQ-013389,ESCALATION_REQUIRED,HIGH,A safeguarding workflow escalation was triggered.,Team Leader must review the case and record the outcome.,Team Leader,OPEN,2025-09-24 00:05:00,ESCALATION_TRIGGERED
ALT-36067ADF578E,SQ-010651,PRIORITY_CHANGE_REVIEW,LOW,Case priority was manually changed by an authorised user.,Retain for audit review; no action required unless challenged.,Auditor,OPEN,2025-09-24 08:14:00,PRIORITY_CHANGED
ALT-1A7C7B4A1BDA,SQ-010594,HIGH_PRIORITY_UNALLOCATED,CRITICAL,High-priority case is awaiting allocation to a social worker.,Immediate human review and allocation decision.,Team Leader,OPEN,2025-09-24 10:33:00,HIGH_PRIORITY_UNALLOCATED
ALT-1B2D3AE6098B,SQ-002920,PRIORITY_CHANGE_REVIEW,LOW,Case priority was manually changed by an authorised user.,Retain for audit review; no action required unless challenged.,Auditor,OPEN,2025-09-24 12:41:00,PRIORITY_CHANGED
ALT-430FC53DAD31,SQ-003070,SAFETY_REVIEW_OVERDUE,HIGH,Required safeguarding review was not completed by the due time.,Review the case and record the safeguarding action taken.,Team Leader,OPEN,2025-09-25 00:00:00,SAFETY_REVIEW_OVERDUE
ALT-6DFFEA03317B,SQ-007225,SAFETY_REVIEW_OVERDUE,HIGH,Required safeguarding review was not completed by the due time.,Review the case and record the safeguarding action taken.,Team Leader,OPEN,2025-09-25 00:00:00,SAFETY_REVIEW_OVERDUE
ALT-8607845BD8DD,SQ-007239,SAFETY_REVIEW_OVERDUE,HIGH,Required safeguarding review was not completed by the due time.,Review the case and record the safeguarding action taken.,Team Leader,OPEN,2025-09-25 00:00:00,SAFETY_REVIEW_OVERDUE
ALT-A2A2CBC7384A,SQ-010442,SAFETY_REVIEW_OVERDUE,HIGH,Required safeguarding review was not completed by the due time.,Review the case and record the safeguarding action taken.,Team Leader,OPEN,2025-09-25 00:00:00,SAFETY_REVIEW_OVERDUE
ALT-CB437DB51430,SQ-010587,SAFETY_REVIEW_OVERDUE,HIGH,Required safeguarding review was not completed by the due time.,Review the case and record the safeguarding action taken.,Team Leader,OPEN,2025-09-25 00:00:00,SAFETY_REVIEW_OVERDUE
ALT-BD6BB4EFCEF9,SQ-013187,SAFETY_REVIEW_OVERDUE,HIGH,Required safeguarding review was not completed by the due time.,Review the case and record the safeguarding action taken.,Team Leader,OPEN,2025-09-25 00:00:00,SAFETY_REVIEW_OVERDUE
ALT-BE777DE67CCE,SQ-003070,ESCALATION_REQUIRED,HIGH,A safeguarding workflow escalation was triggered.,Team Leader must review the case and record the outcome.,Team Leader,OPEN,2025-09-25 00:05:00,ESCALATION_TRIGGERED
ALT-56134D0C5C7F,SQ-007225,ESCALATION_REQUIRED,HIGH,A safeguarding workflow escalation was triggered.,Team Leader must review the case and record the outcome.,Team Leader,OPEN,2025-09-25 00:05:00,ESCALATION_TRIGGERED
ALT-AE406F13B8F2,SQ-007239,ESCALATION_REQUIRED,HIGH,A safeguarding workflow escalation was triggered.,Team Leader must review the case and record the outcome.,Team Leader,OPEN,2025-09-25 00:05:00,ESCALATION_TRIGGERED
ALT-8FC0C5AEA9C7,SQ-010442,ESCALATION_REQUIRED,HIGH,A safeguarding workflow escalation was triggered.,Team Leader must review the case and record the outcome.,Team Leader,OPEN,2025-09-25 00:05:00,ESCALATION_TRIGGERED
ALT-DE72004D4581,SQ-010587,ESCALATION_REQUIRED,HIGH,A safeguarding workflow escalation was triggered.,Team Leader must review the case and record the outcome.,Team Leader,OPEN,2025-09-25 00:05:00,ESCALATION_TRIGGERED
ALT-9D722E6A72BF,SQ-013187,ESCALATION_REQUIRED,HIGH,A safeguarding workflow escalation was triggered.,Team Leader must review the case and record the outcome.,Team Leader,OPEN,2025-09-25 00:05:00,ESCALATION_TRIGGERED
ALT-C227E2D18E4A,SQ-003248,SAFETY_REVIEW_OVERDUE,HIGH,Required safeguarding review was not completed by the due time.,Review the case and record the safeguarding action taken.,Team Leader,OPEN,2025-09-26 00:00:00,SAFETY_REVIEW_OVERDUE
ALT-2BFEBAE1A2E9,SQ-010430,SAFETY_REVIEW_OVERDUE,HIGH,Required safeguarding review was not completed by the due time.,Review the case and record the safeguarding action taken.,Team Leader,OPEN,2025-09-26 00:00:00,SAFETY_REVIEW_OVERDUE
ALT-7E08F96C4CE5,SQ-010557,SAFETY_REVIEW_OVERDUE,HIGH,Required safeguarding review was not completed by the due time.,Review the case and record the safeguarding action taken.,Team Leader,OPEN,2025-09-26 00:00:00,SAFETY_REVIEW_OVERDUE
ALT-CC01D8719FDF,SQ-013206,SAFETY_REVIEW_OVERDUE,HIGH,Required safeguarding review was not completed by the due time.,Review the case and record the safeguarding action taken.,Team Leader,OPEN,2025-09-26 00:00:00,SAFETY_REVIEW_OVERDUE
ALT-CE30E20F4C55,SQ-003248,ESCALATION_REQUIRED,HIGH,A safeguarding workflow escalation was triggered.,Team Leader must review the case and record the outcome.,Team Leader,OPEN,2025-09-26 00:05:00,ESCALATION_TRIGGERED
ALT-1BF71D67F34E,SQ-010430,ESCALATION_REQUIRED,HIGH,A safeguarding workflow escalation was triggered.,Team Leader must review the case and record the outcome.,Team Leader,OPEN,2025-09-26 00:05:00,ESCALATION_TRIGGERED
ALT-32D772F867F6,SQ-010557,ESCALATION_REQUIRED,HIGH,A safeguarding workflow escalation was triggered.,Team Leader must review the case and record the outcome.,Team Leader,OPEN,2025-09-26 00:05:00,ESCALATION_TRIGGERED
ALT-A06F562A2C49,SQ-013206,ESCALATION_REQUIRED,HIGH,A safeguarding workflow escalation was triggered.,Team Leader must review the case and record the outcome.,Team Leader,OPEN,2025-09-26 00:05:00,ESCALATION_TRIGGERED
ALT-A880A3E74310,SQ-006945,HIGH_PRIORITY_UNALLOCATED,CRITICAL,High-priority case is awaiting allocation to a social worker.,Immediate human review and allocation decision.,Team Leader,OPEN,2025-09-26 07:33:00,HIGH_PRIORITY_UNALLOCATED
ALT-B0F513AC2201,SQ-013301,PRIORITY_CHANGE_REVIEW,LOW,Case priority was manually changed by an authorised user.,Retain for audit review; no action required unless challenged.,Auditor,OPEN,2025-09-26 11:55:00,PRIORITY_CHANGED
ALT-C151340C6B32,SQ-007194,SAFETY_REVIEW_OVERDUE,HIGH,Required safeguarding review was not completed by the due time.,Review the case and record the safeguarding action taken.,Team Leader,OPEN,2025-09-27 00:00:00,SAFETY_REVIEW_OVERDUE
ALT-4AE621AAF6E0,SQ-013244,SAFETY_REVIEW_OVERDUE,HIGH,Required safeguarding review was not completed by the due time.,Review the case and record the safeguarding action taken.,Team Leader,OPEN,2025-09-27 00:00:00,SAFETY_REVIEW_OVERDUE
ALT-16F82C34E136,SQ-013374,SAFETY_REVIEW_OVERDUE,HIGH,Required safeguarding review was not completed by the due time.,Review the case and record the safeguarding action taken.,Team Leader,OPEN,2025-09-27 00:00:00,SAFETY_REVIEW_OVERDUE
ALT-F9D3D2389348,SQ-007194,ESCALATION_REQUIRED,HIGH,A safeguarding workflow escalation was triggered.,Team Leader must review the case and record the outcome.,Team Leader,OPEN,2025-09-27 00:05:00,ESCALATION_TRIGGERED
ALT-048994D37658,SQ-013244,ESCALATION_REQUIRED,HIGH,A safeguarding workflow escalation was triggered.,Team Leader must review the case and record the outcome.,Team Leader,OPEN,2025-09-27 00:05:00,ESCALATION_TRIGGERED
ALT-24E194954E3C,SQ-013374,ESCALATION_REQUIRED,HIGH,A safeguarding workflow escalation was triggered.,Team Leader must review the case and record the outcome.,Team Leader,OPEN,2025-09-27 00:05:00,ESCALATION_TRIGGERED
ALT-D44BA05FA4E0,SQ-010552,HIGH_PRIORITY_UNALLOCATED,CRITICAL,High-priority case is awaiting allocation to a social worker.,Immediate human review and allocation decision.,Team Leader,OPEN,2025-09-27 14:11:00,HIGH_PRIORITY_UNALLOCATED
ALT-EA6C7431D2E8,SQ-007144,HIGH_PRIORITY_UNALLOCATED,CRITICAL,High-priority case is awaiting allocation to a social worker.,Immediate human review and allocation decision.,Team Leader,OPEN,2025-09-27 22:44:00,HIGH_PRIORITY_UNALLOCATED
ALT-59A6419F9A8C,SQ-002940,SAFETY_REVIEW_OVERDUE,HIGH,Required safeguarding review was not completed by the due time.,Review the case and record the safeguarding action taken.,Team Leader,OPEN,2025-09-28 00:00:00,SAFETY_REVIEW_OVERDUE
ALT-AC8C68F4095B,SQ-006945,SAFETY_REVIEW_OVERDUE,HIGH,Required safeguarding review was not completed by the due time.,Review the case and record the safeguarding action taken.,Team Leader,OPEN,2025-09-28 00:00:00,SAFETY_REVIEW_OVERDUE
ALT-31DAC17DC7E3,SQ-007109,SAFETY_REVIEW_OVERDUE,HIGH,Required safeguarding review was not completed by the due time.,Review the case and record the safeguarding action taken.,Team Leader,OPEN,2025-09-28 00:00:00,SAFETY_REVIEW_OVERDUE
ALT-2CED8682407D,SQ-010471,SAFETY_REVIEW_OVERDUE,HIGH,Required safeguarding review was not completed by the due time.,Review the case and record the safeguarding action taken.,Team Leader,OPEN,2025-09-28 00:00:00,SAFETY_REVIEW_OVERDUE
ALT-D12222B7AA30,SQ-002940,ESCALATION_REQUIRED,HIGH,A safeguarding workflow escalation was triggered.,Team Leader must review the case and record the outcome.,Team Leader,OPEN,2025-09-28 00:05:00,ESCALATION_TRIGGERED
ALT-DD62FC943250,SQ-006945,ESCALATION_REQUIRED,HIGH,A safeguarding workflow escalation was triggered.,Team Leader must review the case and record the outcome.,Team Leader,OPEN,2025-09-28 00:05:00,ESCALATION_TRIGGERED
ALT-F23EC232007D,SQ-007109,ESCALATION_REQUIRED,HIGH,A safeguarding workflow escalation was triggered.,Team Leader must review the case and record the outcome.,Team Leader,OPEN,2025-09-28 00:05:00,ESCALATION_TRIGGERED
ALT-E905B899FC73,SQ-010471,ESCALATION_REQUIRED,HIGH,A safeguarding workflow escalation was triggered.,Team Leader must review the case and record the outcome.,Team Leader,OPEN,2025-09-28 00:05:00,ESCALATION_TRIGGERED
ALT-9B9B1B9CA52D,SQ-003078,HIGH_PRIORITY_UNALLOCATED,CRITICAL,High-priority case is awaiting allocation to a social worker.,Immediate human review and allocation decision.,Team Leader,OPEN,2025-09-28 14:34:00,HIGH_PRIORITY_UNALLOCATED
ALT-53BC4117D0AE,SQ-013211,PRIORITY_CHANGE_REVIEW,LOW,Case priority was manually changed by an authorised user.,Retain for audit review; no action required unless challenged.,Auditor,OPEN,2025-09-28 16:08:00,PRIORITY_CHANGED
ALT-41D2ED6D9C6D,SQ-007146,SAFETY_REVIEW_OVERDUE,HIGH,Required safeguarding review was not completed by the due time.,Review the case and record the safeguarding action taken.,Team Leader,OPEN,2025-09-29 00:00:00,SAFETY_REVIEW_OVERDUE
ALT-FEC4AB6786FB,SQ-007189,SAFETY_REVIEW_OVERDUE,HIGH,Required safeguarding review was not completed by the due time.,Review the case and record the safeguarding action taken.,Team Leader,OPEN,2025-09-29 00:00:00,SAFETY_REVIEW_OVERDUE
ALT-C4A3B00A169E,SQ-007146,ESCALATION_REQUIRED,HIGH,A safeguarding workflow escalation was triggered.,Team Leader must review the case and record the outcome.,Team Leader,OPEN,2025-09-29 00:05:00,ESCALATION_TRIGGERED
ALT-3D482FDDFFD3,SQ-007189,ESCALATION_REQUIRED,HIGH,A safeguarding workflow escalation was triggered.,Team Leader must review the case and record the outcome.,Team Leader,OPEN,2025-09-29 00:05:00,ESCALATION_TRIGGERED
ALT-0D129DD7CA57,SQ-010493,HIGH_PRIORITY_UNALLOCATED,CRITICAL,High-priority case is awaiting allocation to a social worker.,Immediate human review and allocation decision.,Team Leader,OPEN,2025-09-30 07:06:00,HIGH_PRIORITY_UNALLOCATED
ALT-AC89C8354733,SQ-007199,PRIORITY_CHANGE_REVIEW,LOW,Case priority was manually changed by an authorised user.,Retain for audit review; no action required unless challenged.,Auditor,OPEN,2025-09-30 11:39:00,PRIORITY_CHANGED
ALT-CE1F99BE69E1,SQ-013331,PRIORITY_CHANGE_REVIEW,LOW,Case priority was manually changed by an authorised user.,Retain for audit review; no action required unless challenged.,Auditor,OPEN,2025-09-30 13:50:00,PRIORITY_CHANGED
ALT-BFF4FB9A9B34,SQ-003169,PRIORITY_CHANGE_REVIEW,LOW,Case priority was manually changed by an authorised user.,Retain for audit review; no action required unless challenged.,Auditor,OPEN,2025-09-30 17:59:00,PRIORITY_CHANGED
ALT-DE34DC129594,SQ-010476,HIGH_PRIORITY_UNALLOCATED,CRITICAL,High-priority case is awaiting allocation to a social worker.,Immediate human review and allocation decision.,Team Leader,OPEN,2025-09-30 19:14:00,HIGH_PRIORITY_UNALLOCATED
ALT-116D5B4086BF,SQ-010497,PRIORITY_CHANGE_REVIEW,LOW,Case priority was manually changed by an authorised user.,Retain for audit review; no action required unless challenged.,Auditor,OPEN,2025-10-01 09:41:00,PRIORITY_CHANGED
ALT-95DB893A364D,SQ-010522,PRIORITY_CHANGE_REVIEW,LOW,Case priority was manually changed by an authorised user.,Retain for audit review; no action required unless challenged.,Auditor,OPEN,2025-10-01 12:00:00,PRIORITY_CHANGED
ALT-1960331218EB,SQ-003158,HIGH_PRIORITY_UNALLOCATED,CRITICAL,High-priority case is awaiting allocation to a social worker.,Immediate human review and allocation decision.,Team Leader,OPEN,2025-10-01 14:46:00,HIGH_PRIORITY_UNALLOCATED
ALT-BB1717A273B8,SQ-002893,PRIORITY_CHANGE_REVIEW,LOW,Case priority was manually changed by an authorised user.,Retain for audit review; no action required unless challenged.,Auditor,OPEN,2025-10-02 10:12:00,PRIORITY_CHANGED
ALT-469F2E0764B8,SQ-007508,HIGH_PRIORITY_UNALLOCATED,CRITICAL,High-priority case is awaiting allocation to a social worker.,Immediate human review and allocation decision.,Team Leader,OPEN,2025-10-03 06:03:00,HIGH_PRIORITY_UNALLOCATED
ALT-D045BB19C573,SQ-003281,HIGH_PRIORITY_UNALLOCATED,CRITICAL,High-priority case is awaiting allocation to a social worker.,Immediate human review and allocation decision.,Team Leader,OPEN,2025-10-03 08:28:00,HIGH_PRIORITY_UNALLOCATED
ALT-EE4C657C95A8,SQ-010554,PRIORITY_CHANGE_REVIEW,LOW,Case priority was manually changed by an authorised user.,Retain for audit review; no action required unless challenged.,Auditor,OPEN,2025-10-03 11:00:00,PRIORITY_CHANGED
ALT-7DA7BAF83A91,SQ-003364,HIGH_PRIORITY_UNALLOCATED,CRITICAL,High-priority case is awaiting allocation to a social worker.,Immediate human review and allocation decision.,Team Leader,OPEN,2025-10-04 01:01:00,HIGH_PRIORITY_UNALLOCATED
ALT-7D9C9EE3545C,SQ-003601,HIGH_PRIORITY_UNALLOCATED,CRITICAL,High-priority case is awaiting allocation to a social worker.,Immediate human review and allocation decision.,Team Leader,OPEN,2025-10-04 11:19:00,HIGH_PRIORITY_UNALLOCATED
ALT-78194E38E5F4,SQ-007023,PRIORITY_CHANGE_REVIEW,LOW,Case priority was manually changed by an authorised user.,Retain for audit review; no action required unless challenged.,Auditor,OPEN,2025-10-04 12:07:00,PRIORITY_CHANGED
ALT-181B3C854534,SQ-002926,PRIORITY_CHANGE_REVIEW,LOW,Case priority was manually changed by an authorised user.,Retain for audit review; no action required unless challenged.,Auditor,OPEN,2025-10-04 12:50:00,PRIORITY_CHANGED
ALT-2A440E02E956,SQ-003072,PRIORITY_CHANGE_REVIEW,LOW,Case priority was manually changed by an authorised user.,Retain for audit review; no action required unless challenged.,Auditor,OPEN,2025-10-04 15:12:00,PRIORITY_CHANGED
ALT-4DC043F1840B,SQ-003244,PRIORITY_CHANGE_REVIEW,LOW,Case priority was manually changed by an authorised user.,Retain for audit review; no action required unless challenged.,Auditor,OPEN,2025-10-04 15:56:00,PRIORITY_CHANGED
ALT-11D90D3648BB,SQ-007560,HIGH_PRIORITY_UNALLOCATED,CRITICAL,High-priority case is awaiting allocation to a social worker.,Immediate human review and allocation decision.,Team Leader,OPEN,2025-10-04 21:45:00,HIGH_PRIORITY_UNALLOCATED
ALT-78CC3AEB63FE,SQ-003293,HIGH_PRIORITY_UNALLOCATED,CRITICAL,High-priority case is awaiting allocation to a social worker.,Immediate human review and allocation decision.,Team Leader,OPEN,2025-10-05 03:27:00,HIGH_PRIORITY_UNALLOCATED
ALT-4311DBB5EC4E,SQ-013366,PRIORITY_CHANGE_REVIEW,LOW,Case priority was manually changed by an authorised user.,Retain for audit review; no action required unless challenged.,Auditor,OPEN,2025-10-05 16:38:00,PRIORITY_CHANGED
ALT-6838A22CF88E,SQ-013409,SAFETY_REVIEW_OVERDUE,HIGH,Required safeguarding review was not completed by the due time.,Review the case and record the safeguarding action taken.,Team Leader,OPEN,2025-10-06 00:00:00,SAFETY_REVIEW_OVERDUE
ALT-69270063D282,SQ-013409,ESCALATION_REQUIRED,HIGH,A safeguarding workflow escalation was triggered.,Team Leader must review the case and record the outcome.,Team Leader,OPEN,2025-10-06 00:05:00,ESCALATION_TRIGGERED
ALT-8606B1AA722A,SQ-007029,PRIORITY_CHANGE_REVIEW,LOW,Case priority was manually changed by an authorised user.,Retain for audit review; no action required unless challenged.,Auditor,OPEN,2025-10-06 15:49:00,PRIORITY_CHANGED
ALT-E0416A406E50,SQ-003280,PRIORITY_CHANGE_REVIEW,LOW,Case priority was manually changed by an authorised user.,Retain for audit review; no action required unless challenged.,Auditor,OPEN,2025-10-06 16:08:00,PRIORITY_CHANGED
ALT-2A141D147F55,SQ-013483,SAFETY_REVIEW_OVERDUE,HIGH,Required safeguarding review was not completed by the due time.,Review the case and record the safeguarding action taken.,Team Leader,OPEN,2025-10-07 00:00:00,SAFETY_REVIEW_OVERDUE
ALT-33C27DFBF4E3,SQ-013483,ESCALATION_REQUIRED,HIGH,A safeguarding workflow escalation was triggered.,Team Leader must review the case and record the outcome.,Team Leader,OPEN,2025-10-07 00:05:00,ESCALATION_TRIGGERED
ALT-31E202785266,SQ-003499,HIGH_PRIORITY_UNALLOCATED,CRITICAL,High-priority case is awaiting allocation to a social worker.,Immediate human review and allocation decision.,Team Leader,OPEN,2025-10-07 04:17:00,HIGH_PRIORITY_UNALLOCATED
ALT-245BF02B12BE,SQ-010951,PRIORITY_CHANGE_REVIEW,LOW,Case priority was manually changed by an authorised user.,Retain for audit review; no action required unless challenged.,Auditor,OPEN,2025-10-07 10:03:00,PRIORITY_CHANGED
ALT-D95A652010AC,SQ-013429,PRIORITY_CHANGE_REVIEW,LOW,Case priority was manually changed by an authorised user.,Retain for audit review; no action required unless challenged.,Auditor,OPEN,2025-10-07 13:19:00,PRIORITY_CHANGED
ALT-998975958D07,SQ-013605,SAFETY_REVIEW_OVERDUE,HIGH,Required safeguarding review was not completed by the due time.,Review the case and record the safeguarding action taken.,Team Leader,OPEN,2025-10-08 00:00:00,SAFETY_REVIEW_OVERDUE
ALT-FE2C2DDB76C1,SQ-013605,ESCALATION_REQUIRED,HIGH,A safeguarding workflow escalation was triggered.,Team Leader must review the case and record the outcome.,Team Leader,OPEN,2025-10-08 00:05:00,ESCALATION_TRIGGERED
ALT-254D34695B33,SQ-007363,PRIORITY_CHANGE_REVIEW,LOW,Case priority was manually changed by an authorised user.,Retain for audit review; no action required unless challenged.,Auditor,OPEN,2025-10-08 15:12:00,PRIORITY_CHANGED
ALT-63E2308A125A,SQ-003364,SAFETY_REVIEW_OVERDUE,HIGH,Required safeguarding review was not completed by the due time.,Review the case and record the safeguarding action taken.,Team Leader,OPEN,2025-10-09 00:00:00,SAFETY_REVIEW_OVERDUE
ALT-E543E6D4FD2C,SQ-003475,SAFETY_REVIEW_OVERDUE,HIGH,Required safeguarding review was not completed by the due time.,Review the case and record the safeguarding action taken.,Team Leader,OPEN,2025-10-09 00:00:00,SAFETY_REVIEW_OVERDUE
ALT-5DB2382CE2F9,SQ-013540,SAFETY_REVIEW_OVERDUE,HIGH,Required safeguarding review was not completed by the due time.,Review the case and record the safeguarding action taken.,Team Leader,OPEN,2025-10-09 00:00:00,SAFETY_REVIEW_OVERDUE
ALT-984C1FCFC576,SQ-013573,SAFETY_REVIEW_OVERDUE,HIGH,Required safeguarding review was not completed by the due time.,Review the case and record the safeguarding action taken.,Team Leader,OPEN,2025-10-09 00:00:00,SAFETY_REVIEW_OVERDUE
ALT-CD174ACE808D,SQ-003364,ESCALATION_REQUIRED,HIGH,A safeguarding workflow escalation was triggered.,Team Leader must review the case and record the outcome.,Team Leader,OPEN,2025-10-09 00:05:00,ESCALATION_TRIGGERED
ALT-50B44B34F38C,SQ-003475,ESCALATION_REQUIRED,HIGH,A safeguarding workflow escalation was triggered.,Team Leader must review the case and record the outcome.,Team Leader,OPEN,2025-10-09 00:05:00,ESCALATION_TRIGGERED
ALT-DA80C9728900,SQ-013540,ESCALATION_REQUIRED,HIGH,A safeguarding workflow escalation was triggered.,Team Leader must review the case and record the outcome.,Team Leader,OPEN,2025-10-09 00:05:00,ESCALATION_TRIGGERED
ALT-9C0FB45122CC,SQ-013573,ESCALATION_REQUIRED,HIGH,A safeguarding workflow escalation was triggered.,Team Leader must review the case and record the outcome.,Team Leader,OPEN,2025-10-09 00:05:00,ESCALATION_TRIGGERED
ALT-F11A4A027F2D,SQ-003281,SAFETY_REVIEW_OVERDUE,HIGH,Required safeguarding review was not completed by the due time.,Review the case and record the safeguarding action taken.,Team Leader,OPEN,2025-10-10 00:00:00,SAFETY_REVIEW_OVERDUE
ALT-A10E0150B91D,SQ-003419,SAFETY_REVIEW_OVERDUE,HIGH,Required safeguarding review was not completed by the due time.,Review the case and record the safeguarding action taken.,Team Leader,OPEN,2025-10-10 00:00:00,SAFETY_REVIEW_OVERDUE
ALT-8D70FF05D63C,SQ-003281,ESCALATION_REQUIRED,HIGH,A safeguarding workflow escalation was triggered.,Team Leader must review the case and record the outcome.,Team Leader,OPEN,2025-10-10 00:05:00,ESCALATION_TRIGGERED
ALT-6517F86D32E4,SQ-003419,ESCALATION_REQUIRED,HIGH,A safeguarding workflow escalation was triggered.,Team Leader must review the case and record the outcome.,Team Leader,OPEN,2025-10-10 00:05:00,ESCALATION_TRIGGERED
ALT-4D9A09805436,SQ-003470,HIGH_PRIORITY_UNALLOCATED,CRITICAL,High-priority case is awaiting allocation to a social worker.,Immediate human review and allocation decision.,Team Leader,OPEN,2025-10-10 03:40:00,HIGH_PRIORITY_UNALLOCATED
ALT-EF48524AEA4B,SQ-010768,PRIORITY_CHANGE_REVIEW,LOW,Case priority was manually changed by an authorised user.,Retain for audit review; no action required unless challenged.,Auditor,OPEN,2025-10-10 13:23:00,PRIORITY_CHANGED
ALT-DD3E65E60540,SQ-003507,PRIORITY_CHANGE_REVIEW,LOW,Case priority was manually changed by an authorised user.,Retain for audit review; no action required unless challenged.,Auditor,OPEN,2025-10-10 16:29:00,PRIORITY_CHANGED
ALT-DB1A53BE13AE,SQ-010813,HIGH_PRIORITY_UNALLOCATED,CRITICAL,High-priority case is awaiting allocation to a social worker.,Immediate human review and allocation decision.,Team Leader,OPEN,2025-10-10 23:18:00,HIGH_PRIORITY_UNALLOCATED
ALT-2556F7299AF0,SQ-003578,SAFETY_REVIEW_OVERDUE,HIGH,Required safeguarding review was not completed by the due time.,Review the case and record the safeguarding action taken.,Team Leader,OPEN,2025-10-11 00:00:00,SAFETY_REVIEW_OVERDUE
ALT-0A5DED460AFA,SQ-007301,SAFETY_REVIEW_OVERDUE,HIGH,Required safeguarding review was not completed by the due time.,Review the case and record the safeguarding action taken.,Team Leader,OPEN,2025-10-11 00:00:00,SAFETY_REVIEW_OVERDUE
ALT-5356A7184D75,SQ-007560,SAFETY_REVIEW_OVERDUE,HIGH,Required safeguarding review was not completed by the due time.,Review the case and record the safeguarding action taken.,Team Leader,OPEN,2025-10-11 00:00:00,SAFETY_REVIEW_OVERDUE
ALT-918750EDA107,SQ-013439,SAFETY_REVIEW_OVERDUE,HIGH,Required safeguarding review was not completed by the due time.,Review the case and record the safeguarding action taken.,Team Leader,OPEN,2025-10-11 00:00:00,SAFETY_REVIEW_OVERDUE
ALT-0C3CE44461CE,SQ-003578,ESCALATION_REQUIRED,HIGH,A safeguarding workflow escalation was triggered.,Team Leader must review the case and record the outcome.,Team Leader,OPEN,2025-10-11 00:05:00,ESCALATION_TRIGGERED
ALT-E3EC3CB87220,SQ-007301,ESCALATION_REQUIRED,HIGH,A safeguarding workflow escalation was triggered.,Team Leader must review the case and record the outcome.,Team Leader,OPEN,2025-10-11 00:05:00,ESCALATION_TRIGGERED
ALT-873F89115DAA,SQ-007560,ESCALATION_REQUIRED,HIGH,A safeguarding workflow escalation was triggered.,Team Leader must review the case and record the outcome.,Team Leader,OPEN,2025-10-11 00:05:00,ESCALATION_TRIGGERED
ALT-A26D2BD339C8,SQ-013439,ESCALATION_REQUIRED,HIGH,A safeguarding workflow escalation was triggered.,Team Leader must review the case and record the outcome.,Team Leader,OPEN,2025-10-11 00:05:00,ESCALATION_TRIGGERED
ALT-B69B5EA63685,SQ-010994,PRIORITY_CHANGE_REVIEW,LOW,Case priority was manually changed by an authorised user.,Retain for audit review; no action required unless challenged.,Auditor,OPEN,2025-10-11 09:25:00,PRIORITY_CHANGED
ALT-DC650F276D79,SQ-003515,PRIORITY_CHANGE_REVIEW,LOW,Case priority was manually changed by an authorised user.,Retain for audit review; no action required unless challenged.,Auditor,OPEN,2025-10-11 11:12:00,PRIORITY_CHANGED
ALT-DB29533AC705,SQ-003455,HIGH_PRIORITY_UNALLOCATED,CRITICAL,High-priority case is awaiting allocation to a social worker.,Immediate human review and allocation decision.,Team Leader,OPEN,2025-10-11 11:47:00,HIGH_PRIORITY_UNALLOCATED
ALT-283745265461,SQ-010838,PRIORITY_CHANGE_REVIEW,LOW,Case priority was manually changed by an authorised user.,Retain for audit review; no action required unless challenged.,Auditor,OPEN,2025-10-11 16:48:00,PRIORITY_CHANGED
ALT-8DEFA141FDE4,SQ-003492,HIGH_PRIORITY_UNALLOCATED,CRITICAL,High-priority case is awaiting allocation to a social worker.,Immediate human review and allocation decision.,Team Leader,OPEN,2025-10-11 17:50:00,HIGH_PRIORITY_UNALLOCATED
ALT-B369D846500A,SQ-003401,SAFETY_REVIEW_OVERDUE,HIGH,Required safeguarding review was not completed by the due time.,Review the case and record the safeguarding action taken.,Team Leader,OPEN,2025-10-12 00:00:00,SAFETY_REVIEW_OVERDUE
ALT-93CB6BB317F4,SQ-003615,SAFETY_REVIEW_OVERDUE,HIGH,Required safeguarding review was not completed by the due time.,Review the case and record the safeguarding action taken.,Team Leader,OPEN,2025-10-12 00:00:00,SAFETY_REVIEW_OVERDUE
ALT-A9F5234F834A,SQ-003401,ESCALATION_REQUIRED,HIGH,A safeguarding workflow escalation was triggered.,Team Leader must review the case and record the outcome.,Team Leader,OPEN,2025-10-12 00:05:00,ESCALATION_TRIGGERED
ALT-252BF74B85D4,SQ-003615,ESCALATION_REQUIRED,HIGH,A safeguarding workflow escalation was triggered.,Team Leader must review the case and record the outcome.,Team Leader,OPEN,2025-10-12 00:05:00,ESCALATION_TRIGGERED
ALT-E166CF41D04A,SQ-007556,HIGH_PRIORITY_UNALLOCATED,CRITICAL,High-priority case is awaiting allocation to a social worker.,Immediate human review and allocation decision.,Team Leader,OPEN,2025-10-12 11:35:00,HIGH_PRIORITY_UNALLOCATED
ALT-18FADE5782EF,SQ-003594,HIGH_PRIORITY_UNALLOCATED,CRITICAL,High-priority case is awaiting allocation to a social worker.,Immediate human review and allocation decision.,Team Leader,OPEN,2025-10-12 21:12:00,HIGH_PRIORITY_UNALLOCATED
ALT-3537093FE154,SQ-010994,SAFETY_REVIEW_OVERDUE,HIGH,Required safeguarding review was not completed by the due time.,Review the case and record the safeguarding action taken.,Team Leader,OPEN,2025-10-13 00:00:00,SAFETY_REVIEW_OVERDUE
ALT-D22E81DCAC54,SQ-010994,ESCALATION_REQUIRED,HIGH,A safeguarding workflow escalation was triggered.,Team Leader must review the case and record the outcome.,Team Leader,OPEN,2025-10-13 00:05:00,ESCALATION_TRIGGERED
ALT-BDF2D26711F6,SQ-007549,PRIORITY_CHANGE_REVIEW,LOW,Case priority was manually changed by an authorised user.,Retain for audit review; no action required unless challenged.,Auditor,OPEN,2025-10-13 08:35:00,PRIORITY_CHANGED
ALT-C4A48A7A387A,SQ-010903,HIGH_PRIORITY_UNALLOCATED,CRITICAL,High-priority case is awaiting allocation to a social worker.,Immediate human review and allocation decision.,Team Leader,OPEN,2025-10-13 08:49:00,HIGH_PRIORITY_UNALLOCATED
ALT-775706796055,SQ-007509,PRIORITY_CHANGE_REVIEW,LOW,Case priority was manually changed by an authorised user.,Retain for audit review; no action required unless challenged.,Auditor,OPEN,2025-10-13 11:09:00,PRIORITY_CHANGED
ALT-350AFB070FCA,SQ-013579,PRIORITY_CHANGE_REVIEW,LOW,Case priority was manually changed by an authorised user.,Retain for audit review; no action required unless challenged.,Auditor,OPEN,2025-10-13 14:59:00,PRIORITY_CHANGED
ALT-2FDDB9018CC0,SQ-003391,PRIORITY_CHANGE_REVIEW,LOW,Case priority was manually changed by an authorised user.,Retain for audit review; no action required unless challenged.,Auditor,OPEN,2025-10-13 17:04:00,PRIORITY_CHANGED
ALT-6E5772B1E600,SQ-003499,SAFETY_REVIEW_OVERDUE,HIGH,Required safeguarding review was not completed by the due time.,Review the case and record the safeguarding action taken.,Team Leader,OPEN,2025-10-14 00:00:00,SAFETY_REVIEW_OVERDUE
ALT-FF580DCF2060,SQ-010813,SAFETY_REVIEW_OVERDUE,HIGH,Required safeguarding review was not completed by the due time.,Review the case and record the safeguarding action taken.,Team Leader,OPEN,2025-10-14 00:00:00,SAFETY_REVIEW_OVERDUE
ALT-149171D67FB1,SQ-013467,SAFETY_REVIEW_OVERDUE,HIGH,Required safeguarding review was not completed by the due time.,Review the case and record the safeguarding action taken.,Team Leader,OPEN,2025-10-14 00:00:00,SAFETY_REVIEW_OVERDUE
ALT-8B43B40BFE66,SQ-003499,ESCALATION_REQUIRED,HIGH,A safeguarding workflow escalation was triggered.,Team Leader must review the case and record the outcome.,Team Leader,OPEN,2025-10-14 00:05:00,ESCALATION_TRIGGERED
ALT-3A86D738B6BD,SQ-010813,ESCALATION_REQUIRED,HIGH,A safeguarding workflow escalation was triggered.,Team Leader must review the case and record the outcome.,Team Leader,OPEN,2025-10-14 00:05:00,ESCALATION_TRIGGERED
ALT-B079DCBB5A09,SQ-013467,ESCALATION_REQUIRED,HIGH,A safeguarding workflow escalation was triggered.,Team Leader must review the case and record the outcome.,Team Leader,OPEN,2025-10-14 00:05:00,ESCALATION_TRIGGERED
ALT-0D855745EFA3,SQ-007273,PRIORITY_CHANGE_REVIEW,LOW,Case priority was manually changed by an authorised user.,Retain for audit review; no action required unless challenged.,Auditor,OPEN,2025-10-14 13:25:00,PRIORITY_CHANGED
ALT-972507948CDD,SQ-007308,HIGH_PRIORITY_UNALLOCATED,CRITICAL,High-priority case is awaiting allocation to a social worker.,Immediate human review and allocation decision.,Team Leader,OPEN,2025-10-14 13:39:00,HIGH_PRIORITY_UNALLOCATED
ALT-E06425C79971,SQ-003470,SAFETY_REVIEW_OVERDUE,HIGH,Required safeguarding review was not completed by the due time.,Review the case and record the safeguarding action taken.,Team Leader,OPEN,2025-10-15 00:00:00,SAFETY_REVIEW_OVERDUE
ALT-30F6C9D17F06,SQ-010939,SAFETY_REVIEW_OVERDUE,HIGH,Required safeguarding review was not completed by the due time.,Review the case and record the safeguarding action taken.,Team Leader,OPEN,2025-10-15 00:00:00,SAFETY_REVIEW_OVERDUE
ALT-8568B1E66441,SQ-003470,ESCALATION_REQUIRED,HIGH,A safeguarding workflow escalation was triggered.,Team Leader must review the case and record the outcome.,Team Leader,OPEN,2025-10-15 00:05:00,ESCALATION_TRIGGERED
ALT-DBE8D0C9BD3D,SQ-010939,ESCALATION_REQUIRED,HIGH,A safeguarding workflow escalation was triggered.,Team Leader must review the case and record the outcome.,Team Leader,OPEN,2025-10-15 00:05:00,ESCALATION_TRIGGERED
ALT-333CB1468C93,SQ-010942,HIGH_PRIORITY_UNALLOCATED,CRITICAL,High-priority case is awaiting allocation to a social worker.,Immediate human review and allocation decision.,Team Leader,OPEN,2025-10-15 06:12:00,HIGH_PRIORITY_UNALLOCATED
ALT-3D0CF837A939,SQ-010944,PRIORITY_CHANGE_REVIEW,LOW,Case priority was manually changed by an authorised user.,Retain for audit review; no action required unless challenged.,Auditor,OPEN,2025-10-15 10:33:00,PRIORITY_CHANGED
ALT-351AE074E918,SQ-003622,SAFETY_REVIEW_OVERDUE,HIGH,Required safeguarding review was not completed by the due time.,Review the case and record the safeguarding action taken.,Team Leader,OPEN,2025-10-16 00:00:00,SAFETY_REVIEW_OVERDUE
ALT-69E709EB66F4,SQ-007257,SAFETY_REVIEW_OVERDUE,HIGH,Required safeguarding review was not completed by the due time.,Review the case and record the safeguarding action taken.,Team Leader,OPEN,2025-10-16 00:00:00,SAFETY_REVIEW_OVERDUE
ALT-53907C78C684,SQ-007389,SAFETY_REVIEW_OVERDUE,HIGH,Required safeguarding review was not completed by the due time.,Review the case and record the safeguarding action taken.,Team Leader,OPEN,2025-10-16 00:00:00,SAFETY_REVIEW_OVERDUE
ALT-FBC78815D545,SQ-007428,SAFETY_REVIEW_OVERDUE,HIGH,Required safeguarding review was not completed by the due time.,Review the case and record the safeguarding action taken.,Team Leader,OPEN,2025-10-16 00:00:00,SAFETY_REVIEW_OVERDUE
ALT-839E837748CB,SQ-010874,SAFETY_REVIEW_OVERDUE,HIGH,Required safeguarding review was not completed by the due time.,Review the case and record the safeguarding action taken.,Team Leader,OPEN,2025-10-16 00:00:00,SAFETY_REVIEW_OVERDUE
ALT-1A443E63311E,SQ-003622,ESCALATION_REQUIRED,HIGH,A safeguarding workflow escalation was triggered.,Team Leader must review the case and record the outcome.,Team Leader,OPEN,2025-10-16 00:05:00,ESCALATION_TRIGGERED
ALT-D16638174183,SQ-007257,ESCALATION_REQUIRED,HIGH,A safeguarding workflow escalation was triggered.,Team Leader must review the case and record the outcome.,Team Leader,OPEN,2025-10-16 00:05:00,ESCALATION_TRIGGERED
ALT-37FFE82EC649,SQ-007389,ESCALATION_REQUIRED,HIGH,A safeguarding workflow escalation was triggered.,Team Leader must review the case and record the outcome.,Team Leader,OPEN,2025-10-16 00:05:00,ESCALATION_TRIGGERED
ALT-9BECF9ECA4AB,SQ-007428,ESCALATION_REQUIRED,HIGH,A safeguarding workflow escalation was triggered.,Team Leader must review the case and record the outcome.,Team Leader,OPEN,2025-10-16 00:05:00,ESCALATION_TRIGGERED
ALT-3FB321412AC2,SQ-010874,ESCALATION_REQUIRED,HIGH,A safeguarding workflow escalation was triggered.,Team Leader must review the case and record the outcome.,Team Leader,OPEN,2025-10-16 00:05:00,ESCALATION_TRIGGERED
ALT-02BCFF1DAEC7,SQ-010976,HIGH_PRIORITY_UNALLOCATED,CRITICAL,High-priority case is awaiting allocation to a social worker.,Immediate human review and allocation decision.,Team Leader,OPEN,2025-10-16 17:23:00,HIGH_PRIORITY_UNALLOCATED
ALT-75754DF20E76,SQ-010942,SAFETY_REVIEW_OVERDUE,HIGH,Required safeguarding review was not completed by the due time.,Review the case and record the safeguarding action taken.,Team Leader,OPEN,2025-10-17 00:00:00,SAFETY_REVIEW_OVERDUE
ALT-155DDEA3DFCB,SQ-010942,ESCALATION_REQUIRED,HIGH,A safeguarding workflow escalation was triggered.,Team Leader must review the case and record the outcome.,Team Leader,OPEN,2025-10-17 00:05:00,ESCALATION_TRIGGERED
ALT-2C522DD10BC0,SQ-003472,HIGH_PRIORITY_UNALLOCATED,CRITICAL,High-priority case is awaiting allocation to a social worker.,Immediate human review and allocation decision.,Team Leader,OPEN,2025-10-17 11:56:00,HIGH_PRIORITY_UNALLOCATED
ALT-00033873D85E,SQ-007283,HIGH_PRIORITY_UNALLOCATED,CRITICAL,High-priority case is awaiting allocation to a social worker.,Immediate human review and allocation decision.,Team Leader,OPEN,2025-10-17 19:50:00,HIGH_PRIORITY_UNALLOCATED
ALT-EB7C11BD1E65,SQ-003254,HIGH_PRIORITY_UNALLOCATED,CRITICAL,High-priority case is awaiting allocation to a social worker.,Immediate human review and allocation decision.,Team Leader,OPEN,2025-10-17 21:43:00,HIGH_PRIORITY_UNALLOCATED
ALT-A4A4E92681F5,SQ-003311,SAFETY_REVIEW_OVERDUE,HIGH,Required safeguarding review was not completed by the due time.,Review the case and record the safeguarding action taken.,Team Leader,OPEN,2025-10-18 00:00:00,SAFETY_REVIEW_OVERDUE
ALT-64C4539629CB,SQ-007260,SAFETY_REVIEW_OVERDUE,HIGH,Required safeguarding review was not completed by the due time.,Review the case and record the safeguarding action taken.,Team Leader,OPEN,2025-10-18 00:00:00,SAFETY_REVIEW_OVERDUE
ALT-CFE30FB6F0C2,SQ-007513,SAFETY_REVIEW_OVERDUE,HIGH,Required safeguarding review was not completed by the due time.,Review the case and record the safeguarding action taken.,Team Leader,OPEN,2025-10-18 00:00:00,SAFETY_REVIEW_OVERDUE
ALT-BAF95628CF86,SQ-003311,ESCALATION_REQUIRED,HIGH,A safeguarding workflow escalation was triggered.,Team Leader must review the case and record the outcome.,Team Leader,OPEN,2025-10-18 00:05:00,ESCALATION_TRIGGERED
ALT-2E639D937E45,SQ-007260,ESCALATION_REQUIRED,HIGH,A safeguarding workflow escalation was triggered.,Team Leader must review the case and record the outcome.,Team Leader,OPEN,2025-10-18 00:05:00,ESCALATION_TRIGGERED
ALT-37E9E96549BD,SQ-007513,ESCALATION_REQUIRED,HIGH,A safeguarding workflow escalation was triggered.,Team Leader must review the case and record the outcome.,Team Leader,OPEN,2025-10-18 00:05:00,ESCALATION_TRIGGERED
ALT-606215F4A599,SQ-007461,HIGH_PRIORITY_UNALLOCATED,CRITICAL,High-priority case is awaiting allocation to a social worker.,Immediate human review and allocation decision.,Team Leader,OPEN,2025-10-18 20:54:00,HIGH_PRIORITY_UNALLOCATED
ALT-3726AE66F0CF,SQ-013437,SAFETY_REVIEW_OVERDUE,HIGH,Required safeguarding review was not completed by the due time.,Review the case and record the safeguarding action taken.,Team Leader,OPEN,2025-10-19 00:00:00,SAFETY_REVIEW_OVERDUE
ALT-17115BBB728A,SQ-013437,ESCALATION_REQUIRED,HIGH,A safeguarding workflow escalation was triggered.,Team Leader must review the case and record the outcome.,Team Leader,OPEN,2025-10-19 00:05:00,ESCALATION_TRIGGERED
ALT-A36866AF73B7,SQ-007335,HIGH_PRIORITY_UNALLOCATED,CRITICAL,High-priority case is awaiting allocation to a social worker.,Immediate human review and allocation decision.,Team Leader,OPEN,2025-10-19 04:26:00,HIGH_PRIORITY_UNALLOCATED
ALT-A078E0731B0B,SQ-007571,PRIORITY_CHANGE_REVIEW,LOW,Case priority was manually changed by an authorised user.,Retain for audit review; no action required unless challenged.,Auditor,OPEN,2025-10-19 10:11:00,PRIORITY_CHANGED
ALT-8F1968A6F3F3,SQ-010763,HIGH_PRIORITY_UNALLOCATED,CRITICAL,High-priority case is awaiting allocation to a social worker.,Immediate human review and allocation decision.,Team Leader,OPEN,2025-10-20 07:56:00,HIGH_PRIORITY_UNALLOCATED
ALT-BA70A1A5B42C,SQ-007403,HIGH_PRIORITY_UNALLOCATED,CRITICAL,High-priority case is awaiting allocation to a social worker.,Immediate human review and allocation decision.,Team Leader,OPEN,2025-10-20 17:17:00,HIGH_PRIORITY_UNALLOCATED
ALT-FD020C445C69,SQ-010896,HIGH_PRIORITY_UNALLOCATED,CRITICAL,High-priority case is awaiting allocation to a social worker.,Immediate human review and allocation decision.,Team Leader,OPEN,2025-10-20 21:18:00,HIGH_PRIORITY_UNALLOCATED
ALT-BC776C8E21EE,SQ-003450,PRIORITY_CHANGE_REVIEW,LOW,Case priority was manually changed by an authorised user.,Retain for audit review; no action required unless challenged.,Auditor,OPEN,2025-10-21 10:04:00,PRIORITY_CHANGED
ALT-26A8B65CFC93,SQ-003543,HIGH_PRIORITY_UNALLOCATED,CRITICAL,High-priority case is awaiting allocation to a social worker.,Immediate human review and allocation decision.,Team Leader,OPEN,2025-10-21 11:55:00,HIGH_PRIORITY_UNALLOCATED
ALT-C668C5D99C63,SQ-003297,HIGH_PRIORITY_UNALLOCATED,CRITICAL,High-priority case is awaiting allocation to a social worker.,Immediate human review and allocation decision.,Team Leader,OPEN,2025-10-21 12:30:00,HIGH_PRIORITY_UNALLOCATED
ALT-145F6AE08AD8,SQ-003289,HIGH_PRIORITY_UNALLOCATED,CRITICAL,High-priority case is awaiting allocation to a social worker.,Immediate human review and allocation decision.,Team Leader,OPEN,2025-10-21 23:37:00,HIGH_PRIORITY_UNALLOCATED
ALT-4D196D0A934A,SQ-013454,SAFETY_REVIEW_OVERDUE,HIGH,Required safeguarding review was not completed by the due time.,Review the case and record the safeguarding action taken.,Team Leader,OPEN,2025-10-22 00:00:00,SAFETY_REVIEW_OVERDUE
ALT-D39C7F6DE212,SQ-013454,ESCALATION_REQUIRED,HIGH,A safeguarding workflow escalation was triggered.,Team Leader must review the case and record the outcome.,Team Leader,OPEN,2025-10-22 00:05:00,ESCALATION_TRIGGERED
ALT-4778FE47ECB6,SQ-010976,PRIORITY_CHANGE_REVIEW,LOW,Case priority was manually changed by an authorised user.,Retain for audit review; no action required unless challenged.,Auditor,OPEN,2025-10-22 14:28:00,PRIORITY_CHANGED
ALT-9CD89D2A6D1F,SQ-013432,HIGH_PRIORITY_UNALLOCATED,CRITICAL,High-priority case is awaiting allocation to a social worker.,Immediate human review and allocation decision.,Team Leader,OPEN,2025-10-22 22:24:00,HIGH_PRIORITY_UNALLOCATED
ALT-5DE064E46429,SQ-007420,SAFETY_REVIEW_OVERDUE,HIGH,Required safeguarding review was not completed by the due time.,Review the case and record the safeguarding action taken.,Team Leader,OPEN,2025-10-23 00:00:00,SAFETY_REVIEW_OVERDUE
ALT-F2204F9972D0,SQ-010761,SAFETY_REVIEW_OVERDUE,HIGH,Required safeguarding review was not completed by the due time.,Review the case and record the safeguarding action taken.,Team Leader,OPEN,2025-10-23 00:00:00,SAFETY_REVIEW_OVERDUE
ALT-3AFB950F3F89,SQ-007420,ESCALATION_REQUIRED,HIGH,A safeguarding workflow escalation was triggered.,Team Leader must review the case and record the outcome.,Team Leader,OPEN,2025-10-23 00:05:00,ESCALATION_TRIGGERED
ALT-D773217FD8CD,SQ-010761,ESCALATION_REQUIRED,HIGH,A safeguarding workflow escalation was triggered.,Team Leader must review the case and record the outcome.,Team Leader,OPEN,2025-10-23 00:05:00,ESCALATION_TRIGGERED
ALT-0112CC810B6E,SQ-013504,PRIORITY_CHANGE_REVIEW,LOW,Case priority was manually changed by an authorised user.,Retain for audit review; no action required unless challenged.,Auditor,OPEN,2025-10-23 15:13:00,PRIORITY_CHANGED
ALT-4AD290A81E28,SQ-010849,PRIORITY_CHANGE_REVIEW,LOW,Case priority was manually changed by an authorised user.,Retain for audit review; no action required unless challenged.,Auditor,OPEN,2025-10-23 16:01:00,PRIORITY_CHANGED
ALT-A2B4E2B1090B,SQ-007332,PRIORITY_CHANGE_REVIEW,LOW,Case priority was manually changed by an authorised user.,Retain for audit review; no action required unless challenged.,Auditor,OPEN,2025-10-23 16:18:00,PRIORITY_CHANGED
ALT-C935934BF51C,SQ-003516,SAFETY_REVIEW_OVERDUE,HIGH,Required safeguarding review was not completed by the due time.,Review the case and record the safeguarding action taken.,Team Leader,OPEN,2025-10-24 00:00:00,SAFETY_REVIEW_OVERDUE
ALT-B0F1F84E5883,SQ-003536,SAFETY_REVIEW_OVERDUE,HIGH,Required safeguarding review was not completed by the due time.,Review the case and record the safeguarding action taken.,Team Leader,OPEN,2025-10-24 00:00:00,SAFETY_REVIEW_OVERDUE
ALT-4DB85D45390E,SQ-007403,SAFETY_REVIEW_OVERDUE,HIGH,Required safeguarding review was not completed by the due time.,Review the case and record the safeguarding action taken.,Team Leader,OPEN,2025-10-24 00:00:00,SAFETY_REVIEW_OVERDUE
ALT-951F4E7331E3,SQ-010717,SAFETY_REVIEW_OVERDUE,HIGH,Required safeguarding review was not completed by the due time.,Review the case and record the safeguarding action taken.,Team Leader,OPEN,2025-10-24 00:00:00,SAFETY_REVIEW_OVERDUE
ALT-1A9CFD8787E2,SQ-013489,SAFETY_REVIEW_OVERDUE,HIGH,Required safeguarding review was not completed by the due time.,Review the case and record the safeguarding action taken.,Team Leader,OPEN,2025-10-24 00:00:00,SAFETY_REVIEW_OVERDUE
ALT-205F66C07038,SQ-003516,ESCALATION_REQUIRED,HIGH,A safeguarding workflow escalation was triggered.,Team Leader must review the case and record the outcome.,Team Leader,OPEN,2025-10-24 00:05:00,ESCALATION_TRIGGERED
ALT-DEF86CD8CFD9,SQ-003536,ESCALATION_REQUIRED,HIGH,A safeguarding workflow escalation was triggered.,Team Leader must review the case and record the outcome.,Team Leader,OPEN,2025-10-24 00:05:00,ESCALATION_TRIGGERED
ALT-C91AD26D1998,SQ-007403,ESCALATION_REQUIRED,HIGH,A safeguarding workflow escalation was triggered.,Team Leader must review the case and record the outcome.,Team Leader,OPEN,2025-10-24 00:05:00,ESCALATION_TRIGGERED
ALT-69E5766E1A43,SQ-010717,ESCALATION_REQUIRED,HIGH,A safeguarding workflow escalation was triggered.,Team Leader must review the case and record the outcome.,Team Leader,OPEN,2025-10-24 00:05:00,ESCALATION_TRIGGERED
ALT-036CF4C4287B,SQ-013489,ESCALATION_REQUIRED,HIGH,A safeguarding workflow escalation was triggered.,Team Leader must review the case and record the outcome.,Team Leader,OPEN,2025-10-24 00:05:00,ESCALATION_TRIGGERED
ALT-9D27CAFFA593,SQ-003297,SAFETY_REVIEW_OVERDUE,HIGH,Required safeguarding review was not completed by the due time.,Review the case and record the safeguarding action taken.,Team Leader,OPEN,2025-10-25 00:00:00,SAFETY_REVIEW_OVERDUE
ALT-B6A29146611D,SQ-003427,SAFETY_REVIEW_OVERDUE,HIGH,Required safeguarding review was not completed by the due time.,Review the case and record the safeguarding action taken.,Team Leader,OPEN,2025-10-25 00:00:00,SAFETY_REVIEW_OVERDUE
ALT-422B32D4BD54,SQ-003488,SAFETY_REVIEW_OVERDUE,HIGH,Required safeguarding review was not completed by the due time.,Review the case and record the safeguarding action taken.,Team Leader,OPEN,2025-10-25 00:00:00,SAFETY_REVIEW_OVERDUE
ALT-97691ACB7223,SQ-013502,SAFETY_REVIEW_OVERDUE,HIGH,Required safeguarding review was not completed by the due time.,Review the case and record the safeguarding action taken.,Team Leader,OPEN,2025-10-25 00:00:00,SAFETY_REVIEW_OVERDUE
ALT-C8782FC82FD9,SQ-003297,ESCALATION_REQUIRED,HIGH,A safeguarding workflow escalation was triggered.,Team Leader must review the case and record the outcome.,Team Leader,OPEN,2025-10-25 00:05:00,ESCALATION_TRIGGERED
ALT-D37F664C60F5,SQ-003427,ESCALATION_REQUIRED,HIGH,A safeguarding workflow escalation was triggered.,Team Leader must review the case and record the outcome.,Team Leader,OPEN,2025-10-25 00:05:00,ESCALATION_TRIGGERED
ALT-F32919680613,SQ-003488,ESCALATION_REQUIRED,HIGH,A safeguarding workflow escalation was triggered.,Team Leader must review the case and record the outcome.,Team Leader,OPEN,2025-10-25 00:05:00,ESCALATION_TRIGGERED
ALT-524100E2DB02,SQ-013502,ESCALATION_REQUIRED,HIGH,A safeguarding workflow escalation was triggered.,Team Leader must review the case and record the outcome.,Team Leader,OPEN,2025-10-25 00:05:00,ESCALATION_TRIGGERED
ALT-7B9856E3A871,SQ-003539,SAFETY_REVIEW_OVERDUE,HIGH,Required safeguarding review was not completed by the due time.,Review the case and record the safeguarding action taken.,Team Leader,OPEN,2025-10-26 00:00:00,SAFETY_REVIEW_OVERDUE
ALT-12FCD77CF0E0,SQ-007366,SAFETY_REVIEW_OVERDUE,HIGH,Required safeguarding review was not completed by the due time.,Review the case and record the safeguarding action taken.,Team Leader,OPEN,2025-10-26 00:00:00,SAFETY_REVIEW_OVERDUE
ALT-899133B72590,SQ-007383,SAFETY_REVIEW_OVERDUE,HIGH,Required safeguarding review was not completed by the due time.,Review the case and record the safeguarding action taken.,Team Leader,OPEN,2025-10-26 00:00:00,SAFETY_REVIEW_OVERDUE
ALT-0F46D9A971B0,SQ-010726,SAFETY_REVIEW_OVERDUE,HIGH,Required safeguarding review was not completed by the due time.,Review the case and record the safeguarding action taken.,Team Leader,OPEN,2025-10-26 00:00:00,SAFETY_REVIEW_OVERDUE
ALT-C83CF1F8C8AA,SQ-010763,SAFETY_REVIEW_OVERDUE,HIGH,Required safeguarding review was not completed by the due time.,Review the case and record the safeguarding action taken.,Team Leader,OPEN,2025-10-26 00:00:00,SAFETY_REVIEW_OVERDUE
ALT-92A08EFF3A55,SQ-010873,SAFETY_REVIEW_OVERDUE,HIGH,Required safeguarding review was not completed by the due time.,Review the case and record the safeguarding action taken.,Team Leader,OPEN,2025-10-26 00:00:00,SAFETY_REVIEW_OVERDUE
ALT-AC5770B994FC,SQ-013611,SAFETY_REVIEW_OVERDUE,HIGH,Required safeguarding review was not completed by the due time.,Review the case and record the safeguarding action taken.,Team Leader,OPEN,2025-10-26 00:00:00,SAFETY_REVIEW_OVERDUE
ALT-ACBCF07E0049,SQ-003539,ESCALATION_REQUIRED,HIGH,A safeguarding workflow escalation was triggered.,Team Leader must review the case and record the outcome.,Team Leader,OPEN,2025-10-26 00:05:00,ESCALATION_TRIGGERED
ALT-BA293ABFE520,SQ-007366,ESCALATION_REQUIRED,HIGH,A safeguarding workflow escalation was triggered.,Team Leader must review the case and record the outcome.,Team Leader,OPEN,2025-10-26 00:05:00,ESCALATION_TRIGGERED
ALT-DD4FCE44A8DA,SQ-007383,ESCALATION_REQUIRED,HIGH,A safeguarding workflow escalation was triggered.,Team Leader must review the case and record the outcome.,Team Leader,OPEN,2025-10-26 00:05:00,ESCALATION_TRIGGERED
ALT-96D67AFEDAED,SQ-010726,ESCALATION_REQUIRED,HIGH,A safeguarding workflow escalation was triggered.,Team Leader must review the case and record the outcome.,Team Leader,OPEN,2025-10-26 00:05:00,ESCALATION_TRIGGERED
ALT-8AC71DD72E63,SQ-010763,ESCALATION_REQUIRED,HIGH,A safeguarding workflow escalation was triggered.,Team Leader must review the case and record the outcome.,Team Leader,OPEN,2025-10-26 00:05:00,ESCALATION_TRIGGERED
ALT-46456EE7AE13,SQ-010873,ESCALATION_REQUIRED,HIGH,A safeguarding workflow escalation was triggered.,Team Leader must review the case and record the outcome.,Team Leader,OPEN,2025-10-26 00:05:00,ESCALATION_TRIGGERED
ALT-3112E991A41F,SQ-013611,ESCALATION_REQUIRED,HIGH,A safeguarding workflow escalation was triggered.,Team Leader must review the case and record the outcome.,Team Leader,OPEN,2025-10-26 00:05:00,ESCALATION_TRIGGERED
ALT-EC3D3F70A447,SQ-013460,HIGH_PRIORITY_UNALLOCATED,CRITICAL,High-priority case is awaiting allocation to a social worker.,Immediate human review and allocation decision.,Team Leader,OPEN,2025-10-26 07:28:00,HIGH_PRIORITY_UNALLOCATED
ALT-D77599BD463F,SQ-010965,PRIORITY_CHANGE_REVIEW,LOW,Case priority was manually changed by an authorised user.,Retain for audit review; no action required unless challenged.,Auditor,OPEN,2025-10-26 08:31:00,PRIORITY_CHANGED
ALT-347BA77D0EAA,SQ-010745,HIGH_PRIORITY_UNALLOCATED,CRITICAL,High-priority case is awaiting allocation to a social worker.,Immediate human review and allocation decision.,Team Leader,OPEN,2025-10-26 10:30:00,HIGH_PRIORITY_UNALLOCATED
ALT-EFB670A62E69,SQ-007291,HIGH_PRIORITY_UNALLOCATED,CRITICAL,High-priority case is awaiting allocation to a social worker.,Immediate human review and allocation decision.,Team Leader,OPEN,2025-10-26 16:43:00,HIGH_PRIORITY_UNALLOCATED
ALT-DC74A8FE592A,SQ-007379,SAFETY_REVIEW_OVERDUE,HIGH,Required safeguarding review was not completed by the due time.,Review the case and record the safeguarding action taken.,Team Leader,OPEN,2025-10-28 00:00:00,SAFETY_REVIEW_OVERDUE
ALT-39427153B60F,SQ-010955,SAFETY_REVIEW_OVERDUE,HIGH,Required safeguarding review was not completed by the due time.,Review the case and record the safeguarding action taken.,Team Leader,OPEN,2025-10-28 00:00:00,SAFETY_REVIEW_OVERDUE
ALT-BD1D51656C58,SQ-007379,ESCALATION_REQUIRED,HIGH,A safeguarding workflow escalation was triggered.,Team Leader must review the case and record the outcome.,Team Leader,OPEN,2025-10-28 00:05:00,ESCALATION_TRIGGERED
ALT-E5096BBDDEE3,SQ-010955,ESCALATION_REQUIRED,HIGH,A safeguarding workflow escalation was triggered.,Team Leader must review the case and record the outcome.,Team Leader,OPEN,2025-10-28 00:05:00,ESCALATION_TRIGGERED
ALT-923F5988E705,SQ-003570,HIGH_PRIORITY_UNALLOCATED,CRITICAL,High-priority case is awaiting allocation to a social worker.,Immediate human review and allocation decision.,Team Leader,OPEN,2025-10-28 05:11:00,HIGH_PRIORITY_UNALLOCATED
ALT-B61C578C2FBA,SQ-013514,PRIORITY_CHANGE_REVIEW,LOW,Case priority was manually changed by an authorised user.,Retain for audit review; no action required unless challenged.,Auditor,OPEN,2025-10-28 08:37:00,PRIORITY_CHANGED
ALT-2DFE29765F1A,SQ-003485,HIGH_PRIORITY_UNALLOCATED,CRITICAL,High-priority case is awaiting allocation to a social worker.,Immediate human review and allocation decision.,Team Leader,OPEN,2025-10-28 12:15:00,HIGH_PRIORITY_UNALLOCATED
ALT-DBCD50C96360,SQ-003477,SAFETY_REVIEW_OVERDUE,HIGH,Required safeguarding review was not completed by the due time.,Review the case and record the safeguarding action taken.,Team Leader,OPEN,2025-10-29 00:00:00,SAFETY_REVIEW_OVERDUE
ALT-36F520AA3C9A,SQ-003574,SAFETY_REVIEW_OVERDUE,HIGH,Required safeguarding review was not completed by the due time.,Review the case and record the safeguarding action taken.,Team Leader,OPEN,2025-10-29 00:00:00,SAFETY_REVIEW_OVERDUE
ALT-A42F9608F282,SQ-013546,SAFETY_REVIEW_OVERDUE,HIGH,Required safeguarding review was not completed by the due time.,Review the case and record the safeguarding action taken.,Team Leader,OPEN,2025-10-29 00:00:00,SAFETY_REVIEW_OVERDUE
ALT-D8CD02B5B32F,SQ-003477,ESCALATION_REQUIRED,HIGH,A safeguarding workflow escalation was triggered.,Team Leader must review the case and record the outcome.,Team Leader,OPEN,2025-10-29 00:05:00,ESCALATION_TRIGGERED
ALT-A7AF17C8577B,SQ-003574,ESCALATION_REQUIRED,HIGH,A safeguarding workflow escalation was triggered.,Team Leader must review the case and record the outcome.,Team Leader,OPEN,2025-10-29 00:05:00,ESCALATION_TRIGGERED
ALT-9E60B7062D42,SQ-013546,ESCALATION_REQUIRED,HIGH,A safeguarding workflow escalation was triggered.,Team Leader must review the case and record the outcome.,Team Leader,OPEN,2025-10-29 00:05:00,ESCALATION_TRIGGERED
ALT-D09291A528D1,SQ-003418,SAFETY_REVIEW_OVERDUE,HIGH,Required safeguarding review was not completed by the due time.,Review the case and record the safeguarding action taken.,Team Leader,OPEN,2025-10-30 00:00:00,SAFETY_REVIEW_OVERDUE
ALT-FED453E6E852,SQ-003418,ESCALATION_REQUIRED,HIGH,A safeguarding workflow escalation was triggered.,Team Leader must review the case and record the outcome.,Team Leader,OPEN,2025-10-30 00:05:00,ESCALATION_TRIGGERED
ALT-A2730A6A18E8,SQ-010900,HIGH_PRIORITY_UNALLOCATED,CRITICAL,High-priority case is awaiting allocation to a social worker.,Immediate human review and allocation decision.,Team Leader,OPEN,2025-10-30 01:42:00,HIGH_PRIORITY_UNALLOCATED
ALT-79AF98CD852F,SQ-010882,HIGH_PRIORITY_UNALLOCATED,CRITICAL,High-priority case is awaiting allocation to a social worker.,Immediate human review and allocation decision.,Team Leader,OPEN,2025-10-30 10:50:00,HIGH_PRIORITY_UNALLOCATED
ALT-28CA40DDBBFE,SQ-007472,SAFETY_REVIEW_OVERDUE,HIGH,Required safeguarding review was not completed by the due time.,Review the case and record the safeguarding action taken.,Team Leader,OPEN,2025-10-31 00:00:00,SAFETY_REVIEW_OVERDUE
ALT-502442D33E3F,SQ-007472,ESCALATION_REQUIRED,HIGH,A safeguarding workflow escalation was triggered.,Team Leader must review the case and record the outcome.,Team Leader,OPEN,2025-10-31 00:05:00,ESCALATION_TRIGGERED
ALT-10AF2D77C24F,SQ-013601,HIGH_PRIORITY_UNALLOCATED,CRITICAL,High-priority case is awaiting allocation to a social worker.,Immediate human review and allocation decision.,Team Leader,OPEN,2025-10-31 05:27:00,HIGH_PRIORITY_UNALLOCATED
ALT-B6BF02FA6781,SQ-003342,HIGH_PRIORITY_UNALLOCATED,CRITICAL,High-priority case is awaiting allocation to a social worker.,Immediate human review and allocation decision.,Team Leader,OPEN,2025-11-01 03:24:00,HIGH_PRIORITY_UNALLOCATED
ALT-EB90FEAD6E94,SQ-003588,HIGH_PRIORITY_UNALLOCATED,CRITICAL,High-priority case is awaiting allocation to a social worker.,Immediate human review and allocation decision.,Team Leader,OPEN,2025-11-01 06:23:00,HIGH_PRIORITY_UNALLOCATED
ALT-98C37A0F7F70,SQ-013722,HIGH_PRIORITY_UNALLOCATED,CRITICAL,High-priority case is awaiting allocation to a social worker.,Immediate human review and allocation decision.,Team Leader,OPEN,2025-11-01 21:37:00,HIGH_PRIORITY_UNALLOCATED
ALT-5FEDB0D768F3,SQ-003846,HIGH_PRIORITY_UNALLOCATED,CRITICAL,High-priority case is awaiting allocation to a social worker.,Immediate human review and allocation decision.,Team Leader,OPEN,2025-11-02 18:22:00,HIGH_PRIORITY_UNALLOCATED
ALT-CE7274348593,SQ-003663,HIGH_PRIORITY_UNALLOCATED,CRITICAL,High-priority case is awaiting allocation to a social worker.,Immediate human review and allocation decision.,Team Leader,OPEN,2025-11-02 20:06:00,HIGH_PRIORITY_UNALLOCATED
ALT-0846BF995A1F,SQ-003707,HIGH_PRIORITY_UNALLOCATED,CRITICAL,High-priority case is awaiting allocation to a social worker.,Immediate human review and allocation decision.,Team Leader,OPEN,2025-11-03 04:31:00,HIGH_PRIORITY_UNALLOCATED
ALT-35D596B7E483,SQ-003885,HIGH_PRIORITY_UNALLOCATED,CRITICAL,High-priority case is awaiting allocation to a social worker.,Immediate human review and allocation decision.,Team Leader,OPEN,2025-11-03 05:29:00,HIGH_PRIORITY_UNALLOCATED
ALT-F6174B831899,SQ-003715,HIGH_PRIORITY_UNALLOCATED,CRITICAL,High-priority case is awaiting allocation to a social worker.,Immediate human review and allocation decision.,Team Leader,OPEN,2025-11-03 19:04:00,HIGH_PRIORITY_UNALLOCATED
ALT-32D552EB9C81,SQ-003655,HIGH_PRIORITY_UNALLOCATED,CRITICAL,High-priority case is awaiting allocation to a social worker.,Immediate human review and allocation decision.,Team Leader,OPEN,2025-11-04 01:05:00,HIGH_PRIORITY_UNALLOCATED
ALT-F0F5C09F5924,SQ-003783,HIGH_PRIORITY_UNALLOCATED,CRITICAL,High-priority case is awaiting allocation to a social worker.,Immediate human review and allocation decision.,Team Leader,OPEN,2025-11-04 22:53:00,HIGH_PRIORITY_UNALLOCATED
ALT-B31A997376EF,SQ-003932,HIGH_PRIORITY_UNALLOCATED,CRITICAL,High-priority case is awaiting allocation to a social worker.,Immediate human review and allocation decision.,Team Leader,OPEN,2025-11-04 23:11:00,HIGH_PRIORITY_UNALLOCATED
ALT-A4DC6D9E13BA,SQ-011183,HIGH_PRIORITY_UNALLOCATED,CRITICAL,High-priority case is awaiting allocation to a social worker.,Immediate human review and allocation decision.,Team Leader,OPEN,2025-11-05 07:27:00,HIGH_PRIORITY_UNALLOCATED
ALT-E50EE0BF0C7A,SQ-003762,PRIORITY_CHANGE_REVIEW,LOW,Case priority was manually changed by an authorised user.,Retain for audit review; no action required unless challenged.,Auditor,OPEN,2025-11-05 12:39:00,PRIORITY_CHANGED
ALT-0BE99EF5B944,SQ-003777,SAFETY_REVIEW_OVERDUE,HIGH,Required safeguarding review was not completed by the due time.,Review the case and record the safeguarding action taken.,Team Leader,OPEN,2025-11-06 00:00:00,SAFETY_REVIEW_OVERDUE
ALT-F5CB59DB09E5,SQ-003983,SAFETY_REVIEW_OVERDUE,HIGH,Required safeguarding review was not completed by the due time.,Review the case and record the safeguarding action taken.,Team Leader,OPEN,2025-11-06 00:00:00,SAFETY_REVIEW_OVERDUE
ALT-7A7F0D2831C5,SQ-003777,ESCALATION_REQUIRED,HIGH,A safeguarding workflow escalation was triggered.,Team Leader must review the case and record the outcome.,Team Leader,OPEN,2025-11-06 00:05:00,ESCALATION_TRIGGERED
ALT-E2DBC119159F,SQ-003983,ESCALATION_REQUIRED,HIGH,A safeguarding workflow escalation was triggered.,Team Leader must review the case and record the outcome.,Team Leader,OPEN,2025-11-06 00:05:00,ESCALATION_TRIGGERED
ALT-2A03B97449E9,SQ-013414,PRIORITY_CHANGE_REVIEW,LOW,Case priority was manually changed by an authorised user.,Retain for audit review; no action required unless challenged.,Auditor,OPEN,2025-11-06 12:03:00,PRIORITY_CHANGED
ALT-71517902C5D8,SQ-011280,PRIORITY_CHANGE_REVIEW,LOW,Case priority was manually changed by an authorised user.,Retain for audit review; no action required unless challenged.,Auditor,OPEN,2025-11-06 15:34:00,PRIORITY_CHANGED
ALT-0EDBBF845BDB,SQ-011228,HIGH_PRIORITY_UNALLOCATED,CRITICAL,High-priority case is awaiting allocation to a social worker.,Immediate human review and allocation decision.,Team Leader,OPEN,2025-11-06 21:40:00,HIGH_PRIORITY_UNALLOCATED
ALT-8DF35377950C,SQ-003839,HIGH_PRIORITY_UNALLOCATED,CRITICAL,High-priority case is awaiting allocation to a social worker.,Immediate human review and allocation decision.,Team Leader,OPEN,2025-11-07 04:13:00,HIGH_PRIORITY_UNALLOCATED
ALT-92C2923D6E54,SQ-007881,PRIORITY_CHANGE_REVIEW,LOW,Case priority was manually changed by an authorised user.,Retain for audit review; no action required unless challenged.,Auditor,OPEN,2025-11-07 12:18:00,PRIORITY_CHANGED
ALT-1EB7E7F7D091,SQ-011227,PRIORITY_CHANGE_REVIEW,LOW,Case priority was manually changed by an authorised user.,Retain for audit review; no action required unless challenged.,Auditor,OPEN,2025-11-07 14:44:00,PRIORITY_CHANGED
ALT-79163A0A227A,SQ-003655,SAFETY_REVIEW_OVERDUE,HIGH,Required safeguarding review was not completed by the due time.,Review the case and record the safeguarding action taken.,Team Leader,OPEN,2025-11-08 00:00:00,SAFETY_REVIEW_OVERDUE
ALT-F44F6106FB1E,SQ-003655,ESCALATION_REQUIRED,HIGH,A safeguarding workflow escalation was triggered.,Team Leader must review the case and record the outcome.,Team Leader,OPEN,2025-11-08 00:05:00,ESCALATION_TRIGGERED
ALT-581D581BF683,SQ-004000,HIGH_PRIORITY_UNALLOCATED,CRITICAL,High-priority case is awaiting allocation to a social worker.,Immediate human review and allocation decision.,Team Leader,OPEN,2025-11-08 01:06:00,HIGH_PRIORITY_UNALLOCATED
ALT-7AFA7ED0E6DA,SQ-011194,PRIORITY_CHANGE_REVIEW,LOW,Case priority was manually changed by an authorised user.,Retain for audit review; no action required unless challenged.,Auditor,OPEN,2025-11-08 13:07:00,PRIORITY_CHANGED
ALT-F0BCD798F4F0,SQ-003719,PRIORITY_CHANGE_REVIEW,LOW,Case priority was manually changed by an authorised user.,Retain for audit review; no action required unless challenged.,Auditor,OPEN,2025-11-08 14:18:00,PRIORITY_CHANGED
ALT-9DBF3D54D909,SQ-003752,SAFETY_REVIEW_OVERDUE,HIGH,Required safeguarding review was not completed by the due time.,Review the case and record the safeguarding action taken.,Team Leader,OPEN,2025-11-09 00:00:00,SAFETY_REVIEW_OVERDUE
ALT-09797DB0B680,SQ-003827,SAFETY_REVIEW_OVERDUE,HIGH,Required safeguarding review was not completed by the due time.,Review the case and record the safeguarding action taken.,Team Leader,OPEN,2025-11-09 00:00:00,SAFETY_REVIEW_OVERDUE
ALT-906113C3D3CA,SQ-003987,SAFETY_REVIEW_OVERDUE,HIGH,Required safeguarding review was not completed by the due time.,Review the case and record the safeguarding action taken.,Team Leader,OPEN,2025-11-09 00:00:00,SAFETY_REVIEW_OVERDUE
ALT-892C87A478AE,SQ-003752,ESCALATION_REQUIRED,HIGH,A safeguarding workflow escalation was triggered.,Team Leader must review the case and record the outcome.,Team Leader,OPEN,2025-11-09 00:05:00,ESCALATION_TRIGGERED
ALT-C0A94FBEFD54,SQ-003827,ESCALATION_REQUIRED,HIGH,A safeguarding workflow escalation was triggered.,Team Leader must review the case and record the outcome.,Team Leader,OPEN,2025-11-09 00:05:00,ESCALATION_TRIGGERED
ALT-BAF6D161FB16,SQ-003987,ESCALATION_REQUIRED,HIGH,A safeguarding workflow escalation was triggered.,Team Leader must review the case and record the outcome.,Team Leader,OPEN,2025-11-09 00:05:00,ESCALATION_TRIGGERED
ALT-1FE674747289,SQ-003877,SAFETY_REVIEW_OVERDUE,HIGH,Required safeguarding review was not completed by the due time.,Review the case and record the safeguarding action taken.,Team Leader,OPEN,2025-11-10 00:00:00,SAFETY_REVIEW_OVERDUE
ALT-974AF0820468,SQ-011087,SAFETY_REVIEW_OVERDUE,HIGH,Required safeguarding review was not completed by the due time.,Review the case and record the safeguarding action taken.,Team Leader,OPEN,2025-11-10 00:00:00,SAFETY_REVIEW_OVERDUE
ALT-2404A337B188,SQ-003877,ESCALATION_REQUIRED,HIGH,A safeguarding workflow escalation was triggered.,Team Leader must review the case and record the outcome.,Team Leader,OPEN,2025-11-10 00:05:00,ESCALATION_TRIGGERED
ALT-1D4A91044CFE,SQ-011087,ESCALATION_REQUIRED,HIGH,A safeguarding workflow escalation was triggered.,Team Leader must review the case and record the outcome.,Team Leader,OPEN,2025-11-10 00:05:00,ESCALATION_TRIGGERED
ALT-34D5FF3C1B11,SQ-007618,SAFETY_REVIEW_OVERDUE,HIGH,Required safeguarding review was not completed by the due time.,Review the case and record the safeguarding action taken.,Team Leader,OPEN,2025-11-11 00:00:00,SAFETY_REVIEW_OVERDUE
ALT-5C13ED578E60,SQ-007811,SAFETY_REVIEW_OVERDUE,HIGH,Required safeguarding review was not completed by the due time.,Review the case and record the safeguarding action taken.,Team Leader,OPEN,2025-11-11 00:00:00,SAFETY_REVIEW_OVERDUE
ALT-A797860B630C,SQ-007618,ESCALATION_REQUIRED,HIGH,A safeguarding workflow escalation was triggered.,Team Leader must review the case and record the outcome.,Team Leader,OPEN,2025-11-11 00:05:00,ESCALATION_TRIGGERED
ALT-FC5FBC147565,SQ-007811,ESCALATION_REQUIRED,HIGH,A safeguarding workflow escalation was triggered.,Team Leader must review the case and record the outcome.,Team Leader,OPEN,2025-11-11 00:05:00,ESCALATION_TRIGGERED
ALT-8ED9C4B96539,SQ-011252,PRIORITY_CHANGE_REVIEW,LOW,Case priority was manually changed by an authorised user.,Retain for audit review; no action required unless challenged.,Auditor,OPEN,2025-11-11 08:46:00,PRIORITY_CHANGED
ALT-8B2AE8D1F034,SQ-003932,SAFETY_REVIEW_OVERDUE,HIGH,Required safeguarding review was not completed by the due time.,Review the case and record the safeguarding action taken.,Team Leader,OPEN,2025-11-12 00:00:00,SAFETY_REVIEW_OVERDUE
ALT-FA439DD6A5A3,SQ-013637,SAFETY_REVIEW_OVERDUE,HIGH,Required safeguarding review was not completed by the due time.,Review the case and record the safeguarding action taken.,Team Leader,OPEN,2025-11-12 00:00:00,SAFETY_REVIEW_OVERDUE
ALT-FF2223D35C5E,SQ-013674,SAFETY_REVIEW_OVERDUE,HIGH,Required safeguarding review was not completed by the due time.,Review the case and record the safeguarding action taken.,Team Leader,OPEN,2025-11-12 00:00:00,SAFETY_REVIEW_OVERDUE
ALT-5B3BE0BC4DEF,SQ-003932,ESCALATION_REQUIRED,HIGH,A safeguarding workflow escalation was triggered.,Team Leader must review the case and record the outcome.,Team Leader,OPEN,2025-11-12 00:05:00,ESCALATION_TRIGGERED
ALT-6EC2AEBC536A,SQ-013637,ESCALATION_REQUIRED,HIGH,A safeguarding workflow escalation was triggered.,Team Leader must review the case and record the outcome.,Team Leader,OPEN,2025-11-12 00:05:00,ESCALATION_TRIGGERED
ALT-01EA661F5254,SQ-013674,ESCALATION_REQUIRED,HIGH,A safeguarding workflow escalation was triggered.,Team Leader must review the case and record the outcome.,Team Leader,OPEN,2025-11-12 00:05:00,ESCALATION_TRIGGERED
ALT-D6A73E498848,SQ-011024,HIGH_PRIORITY_UNALLOCATED,CRITICAL,High-priority case is awaiting allocation to a social worker.,Immediate human review and allocation decision.,Team Leader,OPEN,2025-11-12 03:57:00,HIGH_PRIORITY_UNALLOCATED
ALT-47FD915AB948,SQ-011059,HIGH_PRIORITY_UNALLOCATED,CRITICAL,High-priority case is awaiting allocation to a social worker.,Immediate human review and allocation decision.,Team Leader,OPEN,2025-11-12 05:10:00,HIGH_PRIORITY_UNALLOCATED
ALT-625CAEC02D1E,SQ-003695,SAFETY_REVIEW_OVERDUE,HIGH,Required safeguarding review was not completed by the due time.,Review the case and record the safeguarding action taken.,Team Leader,OPEN,2025-11-13 00:00:00,SAFETY_REVIEW_OVERDUE
ALT-4885E2C3D14C,SQ-011228,SAFETY_REVIEW_OVERDUE,HIGH,Required safeguarding review was not completed by the due time.,Review the case and record the safeguarding action taken.,Team Leader,OPEN,2025-11-13 00:00:00,SAFETY_REVIEW_OVERDUE
ALT-8B6D3FC5CF28,SQ-013791,SAFETY_REVIEW_OVERDUE,HIGH,Required safeguarding review was not completed by the due time.,Review the case and record the safeguarding action taken.,Team Leader,OPEN,2025-11-13 00:00:00,SAFETY_REVIEW_OVERDUE
ALT-EDB3A075613B,SQ-003695,ESCALATION_REQUIRED,HIGH,A safeguarding workflow escalation was triggered.,Team Leader must review the case and record the outcome.,Team Leader,OPEN,2025-11-13 00:05:00,ESCALATION_TRIGGERED
ALT-428364CCE4C8,SQ-011228,ESCALATION_REQUIRED,HIGH,A safeguarding workflow escalation was triggered.,Team Leader must review the case and record the outcome.,Team Leader,OPEN,2025-11-13 00:05:00,ESCALATION_TRIGGERED
ALT-172A8C2E1576,SQ-013791,ESCALATION_REQUIRED,HIGH,A safeguarding workflow escalation was triggered.,Team Leader must review the case and record the outcome.,Team Leader,OPEN,2025-11-13 00:05:00,ESCALATION_TRIGGERED
ALT-32618C202532,SQ-003683,PRIORITY_CHANGE_REVIEW,LOW,Case priority was manually changed by an authorised user.,Retain for audit review; no action required unless challenged.,Auditor,OPEN,2025-11-13 14:52:00,PRIORITY_CHANGED
ALT-87E09C62CBAD,SQ-007859,PRIORITY_CHANGE_REVIEW,LOW,Case priority was manually changed by an authorised user.,Retain for audit review; no action required unless challenged.,Auditor,OPEN,2025-11-13 15:22:00,PRIORITY_CHANGED
ALT-758C94A2D58F,SQ-011228,PRIORITY_CHANGE_REVIEW,LOW,Case priority was manually changed by an authorised user.,Retain for audit review; no action required unless challenged.,Auditor,OPEN,2025-11-13 15:48:00,PRIORITY_CHANGED
ALT-49F7A96856A2,SQ-003801,HIGH_PRIORITY_UNALLOCATED,CRITICAL,High-priority case is awaiting allocation to a social worker.,Immediate human review and allocation decision.,Team Leader,OPEN,2025-11-13 17:10:00,HIGH_PRIORITY_UNALLOCATED
ALT-224E35E75DC0,SQ-003646,SAFETY_REVIEW_OVERDUE,HIGH,Required safeguarding review was not completed by the due time.,Review the case and record the safeguarding action taken.,Team Leader,OPEN,2025-11-14 00:00:00,SAFETY_REVIEW_OVERDUE
ALT-154AC9EFE173,SQ-003994,SAFETY_REVIEW_OVERDUE,HIGH,Required safeguarding review was not completed by the due time.,Review the case and record the safeguarding action taken.,Team Leader,OPEN,2025-11-14 00:00:00,SAFETY_REVIEW_OVERDUE
ALT-84E294F28841,SQ-004000,SAFETY_REVIEW_OVERDUE,HIGH,Required safeguarding review was not completed by the due time.,Review the case and record the safeguarding action taken.,Team Leader,OPEN,2025-11-14 00:00:00,SAFETY_REVIEW_OVERDUE
ALT-76269E2E539B,SQ-011026,SAFETY_REVIEW_OVERDUE,HIGH,Required safeguarding review was not completed by the due time.,Review the case and record the safeguarding action taken.,Team Leader,OPEN,2025-11-14 00:00:00,SAFETY_REVIEW_OVERDUE
ALT-0D9E9158344A,SQ-003646,ESCALATION_REQUIRED,HIGH,A safeguarding workflow escalation was triggered.,Team Leader must review the case and record the outcome.,Team Leader,OPEN,2025-11-14 00:05:00,ESCALATION_TRIGGERED
ALT-880BFAB90E56,SQ-003994,ESCALATION_REQUIRED,HIGH,A safeguarding workflow escalation was triggered.,Team Leader must review the case and record the outcome.,Team Leader,OPEN,2025-11-14 00:05:00,ESCALATION_TRIGGERED
ALT-97C07282A496,SQ-004000,ESCALATION_REQUIRED,HIGH,A safeguarding workflow escalation was triggered.,Team Leader must review the case and record the outcome.,Team Leader,OPEN,2025-11-14 00:05:00,ESCALATION_TRIGGERED
ALT-B4C36D57C4C1,SQ-011026,ESCALATION_REQUIRED,HIGH,A safeguarding workflow escalation was triggered.,Team Leader must review the case and record the outcome.,Team Leader,OPEN,2025-11-14 00:05:00,ESCALATION_TRIGGERED
ALT-0898413A9048,SQ-007839,HIGH_PRIORITY_UNALLOCATED,CRITICAL,High-priority case is awaiting allocation to a social worker.,Immediate human review and allocation decision.,Team Leader,OPEN,2025-11-14 01:16:00,HIGH_PRIORITY_UNALLOCATED
ALT-DDEE37F17665,SQ-007749,HIGH_PRIORITY_UNALLOCATED,CRITICAL,High-priority case is awaiting allocation to a social worker.,Immediate human review and allocation decision.,Team Leader,OPEN,2025-11-14 02:39:00,HIGH_PRIORITY_UNALLOCATED
ALT-71D44EE12757,SQ-003899,HIGH_PRIORITY_UNALLOCATED,CRITICAL,High-priority case is awaiting allocation to a social worker.,Immediate human review and allocation decision.,Team Leader,OPEN,2025-11-14 04:12:00,HIGH_PRIORITY_UNALLOCATED
ALT-63CB69BFB8E0,SQ-013681,PRIORITY_CHANGE_REVIEW,LOW,Case priority was manually changed by an authorised user.,Retain for audit review; no action required unless challenged.,Auditor,OPEN,2025-11-14 11:49:00,PRIORITY_CHANGED
ALT-E2DC1E8E8928,SQ-007833,PRIORITY_CHANGE_REVIEW,LOW,Case priority was manually changed by an authorised user.,Retain for audit review; no action required unless challenged.,Auditor,OPEN,2025-11-14 12:38:00,PRIORITY_CHANGED
ALT-11ECB2FBEDC6,SQ-003809,SAFETY_REVIEW_OVERDUE,HIGH,Required safeguarding review was not completed by the due time.,Review the case and record the safeguarding action taken.,Team Leader,OPEN,2025-11-15 00:00:00,SAFETY_REVIEW_OVERDUE
ALT-4A58244BA4AF,SQ-003851,SAFETY_REVIEW_OVERDUE,HIGH,Required safeguarding review was not completed by the due time.,Review the case and record the safeguarding action taken.,Team Leader,OPEN,2025-11-15 00:00:00,SAFETY_REVIEW_OVERDUE
ALT-FF8EEFB10A9D,SQ-011045,SAFETY_REVIEW_OVERDUE,HIGH,Required safeguarding review was not completed by the due time.,Review the case and record the safeguarding action taken.,Team Leader,OPEN,2025-11-15 00:00:00,SAFETY_REVIEW_OVERDUE
ALT-40974DE968B9,SQ-011088,SAFETY_REVIEW_OVERDUE,HIGH,Required safeguarding review was not completed by the due time.,Review the case and record the safeguarding action taken.,Team Leader,OPEN,2025-11-15 00:00:00,SAFETY_REVIEW_OVERDUE
ALT-B640F36C6697,SQ-003809,ESCALATION_REQUIRED,HIGH,A safeguarding workflow escalation was triggered.,Team Leader must review the case and record the outcome.,Team Leader,OPEN,2025-11-15 00:05:00,ESCALATION_TRIGGERED
ALT-5D4C67824AE3,SQ-003851,ESCALATION_REQUIRED,HIGH,A safeguarding workflow escalation was triggered.,Team Leader must review the case and record the outcome.,Team Leader,OPEN,2025-11-15 00:05:00,ESCALATION_TRIGGERED
ALT-F3DEAB906751,SQ-011045,ESCALATION_REQUIRED,HIGH,A safeguarding workflow escalation was triggered.,Team Leader must review the case and record the outcome.,Team Leader,OPEN,2025-11-15 00:05:00,ESCALATION_TRIGGERED
ALT-992F96C1F6B7,SQ-011088,ESCALATION_REQUIRED,HIGH,A safeguarding workflow escalation was triggered.,Team Leader must review the case and record the outcome.,Team Leader,OPEN,2025-11-15 00:05:00,ESCALATION_TRIGGERED
ALT-ADCC497AB3AC,SQ-007888,PRIORITY_CHANGE_REVIEW,LOW,Case priority was manually changed by an authorised user.,Retain for audit review; no action required unless challenged.,Auditor,OPEN,2025-11-15 09:01:00,PRIORITY_CHANGED
ALT-FCA014F8BBCE,SQ-007837,PRIORITY_CHANGE_REVIEW,LOW,Case priority was manually changed by an authorised user.,Retain for audit review; no action required unless challenged.,Auditor,OPEN,2025-11-15 09:53:00,PRIORITY_CHANGED
ALT-BA66BD06536F,SQ-003941,SAFETY_REVIEW_OVERDUE,HIGH,Required safeguarding review was not completed by the due time.,Review the case and record the safeguarding action taken.,Team Leader,OPEN,2025-11-16 00:00:00,SAFETY_REVIEW_OVERDUE
ALT-AA51DA0015C9,SQ-007580,SAFETY_REVIEW_OVERDUE,HIGH,Required safeguarding review was not completed by the due time.,Review the case and record the safeguarding action taken.,Team Leader,OPEN,2025-11-16 00:00:00,SAFETY_REVIEW_OVERDUE
ALT-62112FFE456D,SQ-007601,SAFETY_REVIEW_OVERDUE,HIGH,Required safeguarding review was not completed by the due time.,Review the case and record the safeguarding action taken.,Team Leader,OPEN,2025-11-16 00:00:00,SAFETY_REVIEW_OVERDUE
ALT-197303E5AAFE,SQ-007648,SAFETY_REVIEW_OVERDUE,HIGH,Required safeguarding review was not completed by the due time.,Review the case and record the safeguarding action taken.,Team Leader,OPEN,2025-11-16 00:00:00,SAFETY_REVIEW_OVERDUE
ALT-FBC2F19D595B,SQ-007819,SAFETY_REVIEW_OVERDUE,HIGH,Required safeguarding review was not completed by the due time.,Review the case and record the safeguarding action taken.,Team Leader,OPEN,2025-11-16 00:00:00,SAFETY_REVIEW_OVERDUE
ALT-54854412F59E,SQ-003941,ESCALATION_REQUIRED,HIGH,A safeguarding workflow escalation was triggered.,Team Leader must review the case and record the outcome.,Team Leader,OPEN,2025-11-16 00:05:00,ESCALATION_TRIGGERED
ALT-8AE4BADA2422,SQ-007580,ESCALATION_REQUIRED,HIGH,A safeguarding workflow escalation was triggered.,Team Leader must review the case and record the outcome.,Team Leader,OPEN,2025-11-16 00:05:00,ESCALATION_TRIGGERED
ALT-21D0FD988FDC,SQ-007601,ESCALATION_REQUIRED,HIGH,A safeguarding workflow escalation was triggered.,Team Leader must review the case and record the outcome.,Team Leader,OPEN,2025-11-16 00:05:00,ESCALATION_TRIGGERED
ALT-1C8FE8B85983,SQ-007648,ESCALATION_REQUIRED,HIGH,A safeguarding workflow escalation was triggered.,Team Leader must review the case and record the outcome.,Team Leader,OPEN,2025-11-16 00:05:00,ESCALATION_TRIGGERED
ALT-FAB8C4178FB0,SQ-007819,ESCALATION_REQUIRED,HIGH,A safeguarding workflow escalation was triggered.,Team Leader must review the case and record the outcome.,Team Leader,OPEN,2025-11-16 00:05:00,ESCALATION_TRIGGERED
ALT-607266428F7D,SQ-007697,HIGH_PRIORITY_UNALLOCATED,CRITICAL,High-priority case is awaiting allocation to a social worker.,Immediate human review and allocation decision.,Team Leader,OPEN,2025-11-16 05:59:00,HIGH_PRIORITY_UNALLOCATED
ALT-D374C5E6D6E5,SQ-007638,HIGH_PRIORITY_UNALLOCATED,CRITICAL,High-priority case is awaiting allocation to a social worker.,Immediate human review and allocation decision.,Team Leader,OPEN,2025-11-16 06:26:00,HIGH_PRIORITY_UNALLOCATED
ALT-2DB93DC53DEC,SQ-003657,HIGH_PRIORITY_UNALLOCATED,CRITICAL,High-priority case is awaiting allocation to a social worker.,Immediate human review and allocation decision.,Team Leader,OPEN,2025-11-16 08:11:00,HIGH_PRIORITY_UNALLOCATED
ALT-4D67B4FB6202,SQ-007864,PRIORITY_CHANGE_REVIEW,LOW,Case priority was manually changed by an authorised user.,Retain for audit review; no action required unless challenged.,Auditor,OPEN,2025-11-16 08:22:00,PRIORITY_CHANGED
ALT-D415BD0D33F2,SQ-003782,HIGH_PRIORITY_UNALLOCATED,CRITICAL,High-priority case is awaiting allocation to a social worker.,Immediate human review and allocation decision.,Team Leader,OPEN,2025-11-16 15:37:00,HIGH_PRIORITY_UNALLOCATED
ALT-67D1100185CD,SQ-007742,PRIORITY_CHANGE_REVIEW,LOW,Case priority was manually changed by an authorised user.,Retain for audit review; no action required unless challenged.,Auditor,OPEN,2025-11-16 16:09:00,PRIORITY_CHANGED
ALT-C7E761EECFD6,SQ-013693,HIGH_PRIORITY_UNALLOCATED,CRITICAL,High-priority case is awaiting allocation to a social worker.,Immediate human review and allocation decision.,Team Leader,OPEN,2025-11-16 23:15:00,HIGH_PRIORITY_UNALLOCATED
ALT-1EA901ED2E4C,SQ-003899,SAFETY_REVIEW_OVERDUE,HIGH,Required safeguarding review was not completed by the due time.,Review the case and record the safeguarding action taken.,Team Leader,OPEN,2025-11-17 00:00:00,SAFETY_REVIEW_OVERDUE
ALT-62F3AD03776D,SQ-007839,SAFETY_REVIEW_OVERDUE,HIGH,Required safeguarding review was not completed by the due time.,Review the case and record the safeguarding action taken.,Team Leader,OPEN,2025-11-17 00:00:00,SAFETY_REVIEW_OVERDUE
ALT-1A927A7C1D23,SQ-003899,ESCALATION_REQUIRED,HIGH,A safeguarding workflow escalation was triggered.,Team Leader must review the case and record the outcome.,Team Leader,OPEN,2025-11-17 00:05:00,ESCALATION_TRIGGERED
ALT-6CEE35604A6E,SQ-007839,ESCALATION_REQUIRED,HIGH,A safeguarding workflow escalation was triggered.,Team Leader must review the case and record the outcome.,Team Leader,OPEN,2025-11-17 00:05:00,ESCALATION_TRIGGERED
ALT-7C2F34D33678,SQ-003916,HIGH_PRIORITY_UNALLOCATED,CRITICAL,High-priority case is awaiting allocation to a social worker.,Immediate human review and allocation decision.,Team Leader,OPEN,2025-11-17 06:49:00,HIGH_PRIORITY_UNALLOCATED
ALT-F66FDA08BC73,SQ-011177,PRIORITY_CHANGE_REVIEW,LOW,Case priority was manually changed by an authorised user.,Retain for audit review; no action required unless challenged.,Auditor,OPEN,2025-11-17 15:52:00,PRIORITY_CHANGED
ALT-B46776077C58,SQ-003772,PRIORITY_CHANGE_REVIEW,LOW,Case priority was manually changed by an authorised user.,Retain for audit review; no action required unless challenged.,Auditor,OPEN,2025-11-17 16:10:00,PRIORITY_CHANGED
ALT-A8D25A33817E,SQ-007577,PRIORITY_CHANGE_REVIEW,LOW,Case priority was manually changed by an authorised user.,Retain for audit review; no action required unless challenged.,Auditor,OPEN,2025-11-18 08:48:00,PRIORITY_CHANGED
ALT-7EF7CB1C01F4,SQ-007603,HIGH_PRIORITY_UNALLOCATED,CRITICAL,High-priority case is awaiting allocation to a social worker.,Immediate human review and allocation decision.,Team Leader,OPEN,2025-11-18 10:11:00,HIGH_PRIORITY_UNALLOCATED
ALT-B6CBE6E2D578,SQ-011262,SAFETY_REVIEW_OVERDUE,HIGH,Required safeguarding review was not completed by the due time.,Review the case and record the safeguarding action taken.,Team Leader,OPEN,2025-11-19 00:00:00,SAFETY_REVIEW_OVERDUE
ALT-BEBA0C25F17D,SQ-013693,SAFETY_REVIEW_OVERDUE,HIGH,Required safeguarding review was not completed by the due time.,Review the case and record the safeguarding action taken.,Team Leader,OPEN,2025-11-19 00:00:00,SAFETY_REVIEW_OVERDUE
ALT-513F512AC841,SQ-013826,SAFETY_REVIEW_OVERDUE,HIGH,Required safeguarding review was not completed by the due time.,Review the case and record the safeguarding action taken.,Team Leader,OPEN,2025-11-19 00:00:00,SAFETY_REVIEW_OVERDUE
ALT-90733D29080F,SQ-011262,ESCALATION_REQUIRED,HIGH,A safeguarding workflow escalation was triggered.,Team Leader must review the case and record the outcome.,Team Leader,OPEN,2025-11-19 00:05:00,ESCALATION_TRIGGERED
ALT-F8786A2785BB,SQ-013693,ESCALATION_REQUIRED,HIGH,A safeguarding workflow escalation was triggered.,Team Leader must review the case and record the outcome.,Team Leader,OPEN,2025-11-19 00:05:00,ESCALATION_TRIGGERED
ALT-55D1F300B578,SQ-013826,ESCALATION_REQUIRED,HIGH,A safeguarding workflow escalation was triggered.,Team Leader must review the case and record the outcome.,Team Leader,OPEN,2025-11-19 00:05:00,ESCALATION_TRIGGERED
ALT-5B5FCFBE2198,SQ-011132,PRIORITY_CHANGE_REVIEW,LOW,Case priority was manually changed by an authorised user.,Retain for audit review; no action required unless challenged.,Auditor,OPEN,2025-11-19 13:04:00,PRIORITY_CHANGED
ALT-E7579EA53D4A,SQ-003996,HIGH_PRIORITY_UNALLOCATED,CRITICAL,High-priority case is awaiting allocation to a social worker.,Immediate human review and allocation decision.,Team Leader,OPEN,2025-11-19 19:28:00,HIGH_PRIORITY_UNALLOCATED
ALT-605BDD319DDE,SQ-003944,HIGH_PRIORITY_UNALLOCATED,CRITICAL,High-priority case is awaiting allocation to a social worker.,Immediate human review and allocation decision.,Team Leader,OPEN,2025-11-20 02:13:00,HIGH_PRIORITY_UNALLOCATED
ALT-F17EE0EC3033,SQ-003630,SAFETY_REVIEW_OVERDUE,HIGH,Required safeguarding review was not completed by the due time.,Review the case and record the safeguarding action taken.,Team Leader,OPEN,2025-11-21 00:00:00,SAFETY_REVIEW_OVERDUE
ALT-FA4BF60A57AC,SQ-003764,SAFETY_REVIEW_OVERDUE,HIGH,Required safeguarding review was not completed by the due time.,Review the case and record the safeguarding action taken.,Team Leader,OPEN,2025-11-21 00:00:00,SAFETY_REVIEW_OVERDUE
ALT-811A75141A7A,SQ-007770,SAFETY_REVIEW_OVERDUE,HIGH,Required safeguarding review was not completed by the due time.,Review the case and record the safeguarding action taken.,Team Leader,OPEN,2025-11-21 00:00:00,SAFETY_REVIEW_OVERDUE
ALT-7AAB2BEE919B,SQ-003630,ESCALATION_REQUIRED,HIGH,A safeguarding workflow escalation was triggered.,Team Leader must review the case and record the outcome.,Team Leader,OPEN,2025-11-21 00:05:00,ESCALATION_TRIGGERED
ALT-197D042171FF,SQ-003764,ESCALATION_REQUIRED,HIGH,A safeguarding workflow escalation was triggered.,Team Leader must review the case and record the outcome.,Team Leader,OPEN,2025-11-21 00:05:00,ESCALATION_TRIGGERED
ALT-AE76FECFCEAC,SQ-007770,ESCALATION_REQUIRED,HIGH,A safeguarding workflow escalation was triggered.,Team Leader must review the case and record the outcome.,Team Leader,OPEN,2025-11-21 00:05:00,ESCALATION_TRIGGERED
ALT-5E0605A17425,SQ-003709,HIGH_PRIORITY_UNALLOCATED,CRITICAL,High-priority case is awaiting allocation to a social worker.,Immediate human review and allocation decision.,Team Leader,OPEN,2025-11-21 00:51:00,HIGH_PRIORITY_UNALLOCATED
ALT-FBC8274CE8CB,SQ-007677,PRIORITY_CHANGE_REVIEW,LOW,Case priority was manually changed by an authorised user.,Retain for audit review; no action required unless challenged.,Auditor,OPEN,2025-11-21 16:18:00,PRIORITY_CHANGED
ALT-0DCE971B5DE4,SQ-003837,HIGH_PRIORITY_UNALLOCATED,CRITICAL,High-priority case is awaiting allocation to a social worker.,Immediate human review and allocation decision.,Team Leader,OPEN,2025-11-21 23:05:00,HIGH_PRIORITY_UNALLOCATED
ALT-0BF7E95231F9,SQ-003635,SAFETY_REVIEW_OVERDUE,HIGH,Required safeguarding review was not completed by the due time.,Review the case and record the safeguarding action taken.,Team Leader,OPEN,2025-11-22 00:00:00,SAFETY_REVIEW_OVERDUE
ALT-3B78C0F15F4F,SQ-003668,SAFETY_REVIEW_OVERDUE,HIGH,Required safeguarding review was not completed by the due time.,Review the case and record the safeguarding action taken.,Team Leader,OPEN,2025-11-22 00:00:00,SAFETY_REVIEW_OVERDUE
ALT-5B475960EEFB,SQ-003635,ESCALATION_REQUIRED,HIGH,A safeguarding workflow escalation was triggered.,Team Leader must review the case and record the outcome.,Team Leader,OPEN,2025-11-22 00:05:00,ESCALATION_TRIGGERED
ALT-C22C28AE74F8,SQ-003668,ESCALATION_REQUIRED,HIGH,A safeguarding workflow escalation was triggered.,Team Leader must review the case and record the outcome.,Team Leader,OPEN,2025-11-22 00:05:00,ESCALATION_TRIGGERED
ALT-12811DD9E201,SQ-003751,PRIORITY_CHANGE_REVIEW,LOW,Case priority was manually changed by an authorised user.,Retain for audit review; no action required unless challenged.,Auditor,OPEN,2025-11-22 08:14:00,PRIORITY_CHANGED
ALT-F36EE372E007,SQ-003830,PRIORITY_CHANGE_REVIEW,LOW,Case priority was manually changed by an authorised user.,Retain for audit review; no action required unless challenged.,Auditor,OPEN,2025-11-22 08:46:00,PRIORITY_CHANGED
ALT-1099A533B36A,SQ-003898,HIGH_PRIORITY_UNALLOCATED,CRITICAL,High-priority case is awaiting allocation to a social worker.,Immediate human review and allocation decision.,Team Leader,OPEN,2025-11-22 21:48:00,HIGH_PRIORITY_UNALLOCATED
ALT-D1C8AD35F28B,SQ-003742,SAFETY_REVIEW_OVERDUE,HIGH,Required safeguarding review was not completed by the due time.,Review the case and record the safeguarding action taken.,Team Leader,OPEN,2025-11-23 00:00:00,SAFETY_REVIEW_OVERDUE
ALT-0479FAC24B0C,SQ-003742,ESCALATION_REQUIRED,HIGH,A safeguarding workflow escalation was triggered.,Team Leader must review the case and record the outcome.,Team Leader,OPEN,2025-11-23 00:05:00,ESCALATION_TRIGGERED
ALT-5051D21108A7,SQ-007640,HIGH_PRIORITY_UNALLOCATED,CRITICAL,High-priority case is awaiting allocation to a social worker.,Immediate human review and allocation decision.,Team Leader,OPEN,2025-11-23 07:53:00,HIGH_PRIORITY_UNALLOCATED
ALT-86E5EFE848C8,SQ-003641,SAFETY_REVIEW_OVERDUE,HIGH,Required safeguarding review was not completed by the due time.,Review the case and record the safeguarding action taken.,Team Leader,OPEN,2025-11-24 00:00:00,SAFETY_REVIEW_OVERDUE
ALT-D86441F15D3E,SQ-003818,SAFETY_REVIEW_OVERDUE,HIGH,Required safeguarding review was not completed by the due time.,Review the case and record the safeguarding action taken.,Team Leader,OPEN,2025-11-24 00:00:00,SAFETY_REVIEW_OVERDUE
ALT-14E930DBA817,SQ-007603,SAFETY_REVIEW_OVERDUE,HIGH,Required safeguarding review was not completed by the due time.,Review the case and record the safeguarding action taken.,Team Leader,OPEN,2025-11-24 00:00:00,SAFETY_REVIEW_OVERDUE
ALT-4980D3B054C5,SQ-013662,SAFETY_REVIEW_OVERDUE,HIGH,Required safeguarding review was not completed by the due time.,Review the case and record the safeguarding action taken.,Team Leader,OPEN,2025-11-24 00:00:00,SAFETY_REVIEW_OVERDUE
ALT-FF0F42EBF169,SQ-003641,ESCALATION_REQUIRED,HIGH,A safeguarding workflow escalation was triggered.,Team Leader must review the case and record the outcome.,Team Leader,OPEN,2025-11-24 00:05:00,ESCALATION_TRIGGERED
ALT-23E6A7BF8B23,SQ-003818,ESCALATION_REQUIRED,HIGH,A safeguarding workflow escalation was triggered.,Team Leader must review the case and record the outcome.,Team Leader,OPEN,2025-11-24 00:05:00,ESCALATION_TRIGGERED
ALT-BBFB2B16D8DF,SQ-007603,ESCALATION_REQUIRED,HIGH,A safeguarding workflow escalation was triggered.,Team Leader must review the case and record the outcome.,Team Leader,OPEN,2025-11-24 00:05:00,ESCALATION_TRIGGERED
ALT-2E255851498D,SQ-013662,ESCALATION_REQUIRED,HIGH,A safeguarding workflow escalation was triggered.,Team Leader must review the case and record the outcome.,Team Leader,OPEN,2025-11-24 00:05:00,ESCALATION_TRIGGERED
ALT-C9AA500F98A3,SQ-011117,SAFETY_REVIEW_OVERDUE,HIGH,Required safeguarding review was not completed by the due time.,Review the case and record the safeguarding action taken.,Team Leader,OPEN,2025-11-25 00:00:00,SAFETY_REVIEW_OVERDUE
ALT-B11D7DC101D5,SQ-011274,SAFETY_REVIEW_OVERDUE,HIGH,Required safeguarding review was not completed by the due time.,Review the case and record the safeguarding action taken.,Team Leader,OPEN,2025-11-25 00:00:00,SAFETY_REVIEW_OVERDUE
ALT-71E9142969AC,SQ-011117,ESCALATION_REQUIRED,HIGH,A safeguarding workflow escalation was triggered.,Team Leader must review the case and record the outcome.,Team Leader,OPEN,2025-11-25 00:05:00,ESCALATION_TRIGGERED
ALT-42DBA73422BC,SQ-011274,ESCALATION_REQUIRED,HIGH,A safeguarding workflow escalation was triggered.,Team Leader must review the case and record the outcome.,Team Leader,OPEN,2025-11-25 00:05:00,ESCALATION_TRIGGERED
ALT-9D534DA7E7FD,SQ-011192,HIGH_PRIORITY_UNALLOCATED,CRITICAL,High-priority case is awaiting allocation to a social worker.,Immediate human review and allocation decision.,Team Leader,OPEN,2025-11-25 05:41:00,HIGH_PRIORITY_UNALLOCATED
ALT-3680332109AB,SQ-003720,HIGH_PRIORITY_UNALLOCATED,CRITICAL,High-priority case is awaiting allocation to a social worker.,Immediate human review and allocation decision.,Team Leader,OPEN,2025-11-25 09:49:00,HIGH_PRIORITY_UNALLOCATED
ALT-76836E00837C,SQ-003961,HIGH_PRIORITY_UNALLOCATED,CRITICAL,High-priority case is awaiting allocation to a social worker.,Immediate human review and allocation decision.,Team Leader,OPEN,2025-11-25 23:39:00,HIGH_PRIORITY_UNALLOCATED
ALT-71C0B9AA9C31,SQ-003996,SAFETY_REVIEW_OVERDUE,HIGH,Required safeguarding review was not completed by the due time.,Review the case and record the safeguarding action taken.,Team Leader,OPEN,2025-11-26 00:00:00,SAFETY_REVIEW_OVERDUE
ALT-E4780449505F,SQ-007637,SAFETY_REVIEW_OVERDUE,HIGH,Required safeguarding review was not completed by the due time.,Review the case and record the safeguarding action taken.,Team Leader,OPEN,2025-11-26 00:00:00,SAFETY_REVIEW_OVERDUE
ALT-41FF92B8B765,SQ-011040,SAFETY_REVIEW_OVERDUE,HIGH,Required safeguarding review was not completed by the due time.,Review the case and record the safeguarding action taken.,Team Leader,OPEN,2025-11-26 00:00:00,SAFETY_REVIEW_OVERDUE
ALT-4DDDC0F90258,SQ-013778,SAFETY_REVIEW_OVERDUE,HIGH,Required safeguarding review was not completed by the due time.,Review the case and record the safeguarding action taken.,Team Leader,OPEN,2025-11-26 00:00:00,SAFETY_REVIEW_OVERDUE
ALT-75B90F04A982,SQ-003996,ESCALATION_REQUIRED,HIGH,A safeguarding workflow escalation was triggered.,Team Leader must review the case and record the outcome.,Team Leader,OPEN,2025-11-26 00:05:00,ESCALATION_TRIGGERED
ALT-50729911B110,SQ-007637,ESCALATION_REQUIRED,HIGH,A safeguarding workflow escalation was triggered.,Team Leader must review the case and record the outcome.,Team Leader,OPEN,2025-11-26 00:05:00,ESCALATION_TRIGGERED
ALT-447D13D48622,SQ-011040,ESCALATION_REQUIRED,HIGH,A safeguarding workflow escalation was triggered.,Team Leader must review the case and record the outcome.,Team Leader,OPEN,2025-11-26 00:05:00,ESCALATION_TRIGGERED
ALT-FB9BBCCB08F0,SQ-013778,ESCALATION_REQUIRED,HIGH,A safeguarding workflow escalation was triggered.,Team Leader must review the case and record the outcome.,Team Leader,OPEN,2025-11-26 00:05:00,ESCALATION_TRIGGERED
ALT-501779098ABB,SQ-003720,SAFETY_REVIEW_OVERDUE,HIGH,Required safeguarding review was not completed by the due time.,Review the case and record the safeguarding action taken.,Team Leader,OPEN,2025-11-27 00:00:00,SAFETY_REVIEW_OVERDUE
ALT-7F19B808F6F3,SQ-003788,SAFETY_REVIEW_OVERDUE,HIGH,Required safeguarding review was not completed by the due time.,Review the case and record the safeguarding action taken.,Team Leader,OPEN,2025-11-27 00:00:00,SAFETY_REVIEW_OVERDUE
ALT-6E811CF71548,SQ-003940,SAFETY_REVIEW_OVERDUE,HIGH,Required safeguarding review was not completed by the due time.,Review the case and record the safeguarding action taken.,Team Leader,OPEN,2025-11-27 00:00:00,SAFETY_REVIEW_OVERDUE
ALT-4E82DBC1C747,SQ-011281,SAFETY_REVIEW_OVERDUE,HIGH,Required safeguarding review was not completed by the due time.,Review the case and record the safeguarding action taken.,Team Leader,OPEN,2025-11-27 00:00:00,SAFETY_REVIEW_OVERDUE
ALT-E6AABBA42984,SQ-003720,ESCALATION_REQUIRED,HIGH,A safeguarding workflow escalation was triggered.,Team Leader must review the case and record the outcome.,Team Leader,OPEN,2025-11-27 00:05:00,ESCALATION_TRIGGERED
ALT-A8BBC40E85F4,SQ-003788,ESCALATION_REQUIRED,HIGH,A safeguarding workflow escalation was triggered.,Team Leader must review the case and record the outcome.,Team Leader,OPEN,2025-11-27 00:05:00,ESCALATION_TRIGGERED
ALT-9A00CF8B61E5,SQ-003940,ESCALATION_REQUIRED,HIGH,A safeguarding workflow escalation was triggered.,Team Leader must review the case and record the outcome.,Team Leader,OPEN,2025-11-27 00:05:00,ESCALATION_TRIGGERED
ALT-2C34E6699B2E,SQ-011281,ESCALATION_REQUIRED,HIGH,A safeguarding workflow escalation was triggered.,Team Leader must review the case and record the outcome.,Team Leader,OPEN,2025-11-27 00:05:00,ESCALATION_TRIGGERED
ALT-DC0F96602959,SQ-003709,SAFETY_REVIEW_OVERDUE,HIGH,Required safeguarding review was not completed by the due time.,Review the case and record the safeguarding action taken.,Team Leader,OPEN,2025-11-28 00:00:00,SAFETY_REVIEW_OVERDUE
ALT-CB847E014223,SQ-003831,SAFETY_REVIEW_OVERDUE,HIGH,Required safeguarding review was not completed by the due time.,Review the case and record the safeguarding action taken.,Team Leader,OPEN,2025-11-28 00:00:00,SAFETY_REVIEW_OVERDUE
ALT-01597D4710F9,SQ-003898,SAFETY_REVIEW_OVERDUE,HIGH,Required safeguarding review was not completed by the due time.,Review the case and record the safeguarding action taken.,Team Leader,OPEN,2025-11-28 00:00:00,SAFETY_REVIEW_OVERDUE
ALT-63F2BC454FCC,SQ-007703,SAFETY_REVIEW_OVERDUE,HIGH,Required safeguarding review was not completed by the due time.,Review the case and record the safeguarding action taken.,Team Leader,OPEN,2025-11-28 00:00:00,SAFETY_REVIEW_OVERDUE
ALT-2474A6277C23,SQ-007717,SAFETY_REVIEW_OVERDUE,HIGH,Required safeguarding review was not completed by the due time.,Review the case and record the safeguarding action taken.,Team Leader,OPEN,2025-11-28 00:00:00,SAFETY_REVIEW_OVERDUE
ALT-371747A0AC4F,SQ-007799,SAFETY_REVIEW_OVERDUE,HIGH,Required safeguarding review was not completed by the due time.,Review the case and record the safeguarding action taken.,Team Leader,OPEN,2025-11-28 00:00:00,SAFETY_REVIEW_OVERDUE
ALT-2087E34DA32D,SQ-007857,SAFETY_REVIEW_OVERDUE,HIGH,Required safeguarding review was not completed by the due time.,Review the case and record the safeguarding action taken.,Team Leader,OPEN,2025-11-28 00:00:00,SAFETY_REVIEW_OVERDUE
ALT-31D9878E3A11,SQ-011168,SAFETY_REVIEW_OVERDUE,HIGH,Required safeguarding review was not completed by the due time.,Review the case and record the safeguarding action taken.,Team Leader,OPEN,2025-11-28 00:00:00,SAFETY_REVIEW_OVERDUE
ALT-60EB891AE3C5,SQ-013760,SAFETY_REVIEW_OVERDUE,HIGH,Required safeguarding review was not completed by the due time.,Review the case and record the safeguarding action taken.,Team Leader,OPEN,2025-11-28 00:00:00,SAFETY_REVIEW_OVERDUE
ALT-154F7E14D5A4,SQ-003709,ESCALATION_REQUIRED,HIGH,A safeguarding workflow escalation was triggered.,Team Leader must review the case and record the outcome.,Team Leader,OPEN,2025-11-28 00:05:00,ESCALATION_TRIGGERED
ALT-8DEE8DF8C4E9,SQ-003831,ESCALATION_REQUIRED,HIGH,A safeguarding workflow escalation was triggered.,Team Leader must review the case and record the outcome.,Team Leader,OPEN,2025-11-28 00:05:00,ESCALATION_TRIGGERED
ALT-8F77D678B2A0,SQ-003898,ESCALATION_REQUIRED,HIGH,A safeguarding workflow escalation was triggered.,Team Leader must review the case and record the outcome.,Team Leader,OPEN,2025-11-28 00:05:00,ESCALATION_TRIGGERED
ALT-4E3655668C51,SQ-007703,ESCALATION_REQUIRED,HIGH,A safeguarding workflow escalation was triggered.,Team Leader must review the case and record the outcome.,Team Leader,OPEN,2025-11-28 00:05:00,ESCALATION_TRIGGERED
ALT-CA35CEE64D32,SQ-007717,ESCALATION_REQUIRED,HIGH,A safeguarding workflow escalation was triggered.,Team Leader must review the case and record the outcome.,Team Leader,OPEN,2025-11-28 00:05:00,ESCALATION_TRIGGERED
ALT-56E23550AD46,SQ-007799,ESCALATION_REQUIRED,HIGH,A safeguarding workflow escalation was triggered.,Team Leader must review the case and record the outcome.,Team Leader,OPEN,2025-11-28 00:05:00,ESCALATION_TRIGGERED
ALT-CD48BE1E1F21,SQ-007857,ESCALATION_REQUIRED,HIGH,A safeguarding workflow escalation was triggered.,Team Leader must review the case and record the outcome.,Team Leader,OPEN,2025-11-28 00:05:00,ESCALATION_TRIGGERED
ALT-B5FC1EBFE3BE,SQ-011168,ESCALATION_REQUIRED,HIGH,A safeguarding workflow escalation was triggered.,Team Leader must review the case and record the outcome.,Team Leader,OPEN,2025-11-28 00:05:00,ESCALATION_TRIGGERED
ALT-E99D8B771B45,SQ-013760,ESCALATION_REQUIRED,HIGH,A safeguarding workflow escalation was triggered.,Team Leader must review the case and record the outcome.,Team Leader,OPEN,2025-11-28 00:05:00,ESCALATION_TRIGGERED
ALT-7ECFE827EAD8,SQ-007813,SAFETY_REVIEW_OVERDUE,HIGH,Required safeguarding review was not completed by the due time.,Review the case and record the safeguarding action taken.,Team Leader,OPEN,2025-11-29 00:00:00,SAFETY_REVIEW_OVERDUE
ALT-3FD0ED681B41,SQ-007892,SAFETY_REVIEW_OVERDUE,HIGH,Required safeguarding review was not completed by the due time.,Review the case and record the safeguarding action taken.,Team Leader,OPEN,2025-11-29 00:00:00,SAFETY_REVIEW_OVERDUE
ALT-755A904A5474,SQ-011192,SAFETY_REVIEW_OVERDUE,HIGH,Required safeguarding review was not completed by the due time.,Review the case and record the safeguarding action taken.,Team Leader,OPEN,2025-11-29 00:00:00,SAFETY_REVIEW_OVERDUE
ALT-6BADA5E75920,SQ-007813,ESCALATION_REQUIRED,HIGH,A safeguarding workflow escalation was triggered.,Team Leader must review the case and record the outcome.,Team Leader,OPEN,2025-11-29 00:05:00,ESCALATION_TRIGGERED
ALT-5E46A6939953,SQ-007892,ESCALATION_REQUIRED,HIGH,A safeguarding workflow escalation was triggered.,Team Leader must review the case and record the outcome.,Team Leader,OPEN,2025-11-29 00:05:00,ESCALATION_TRIGGERED
ALT-F34C0ABA5B51,SQ-011192,ESCALATION_REQUIRED,HIGH,A safeguarding workflow escalation was triggered.,Team Leader must review the case and record the outcome.,Team Leader,OPEN,2025-11-29 00:05:00,ESCALATION_TRIGGERED
ALT-FB423A0A6781,SQ-003825,HIGH_PRIORITY_UNALLOCATED,CRITICAL,High-priority case is awaiting allocation to a social worker.,Immediate human review and allocation decision.,Team Leader,OPEN,2025-11-29 06:48:00,HIGH_PRIORITY_UNALLOCATED
ALT-ADFB393CB50D,SQ-013695,PRIORITY_CHANGE_REVIEW,LOW,Case priority was manually changed by an authorised user.,Retain for audit review; no action required unless challenged.,Auditor,OPEN,2025-11-29 14:20:00,PRIORITY_CHANGED
ALT-8ABC211A7E43,SQ-007784,PRIORITY_CHANGE_REVIEW,LOW,Case priority was manually changed by an authorised user.,Retain for audit review; no action required unless challenged.,Auditor,OPEN,2025-11-29 17:37:00,PRIORITY_CHANGED
ALT-9526AA391F07,SQ-003721,SAFETY_REVIEW_OVERDUE,HIGH,Required safeguarding review was not completed by the due time.,Review the case and record the safeguarding action taken.,Team Leader,OPEN,2025-11-30 00:00:00,SAFETY_REVIEW_OVERDUE
ALT-2412991AC138,SQ-003765,SAFETY_REVIEW_OVERDUE,HIGH,Required safeguarding review was not completed by the due time.,Review the case and record the safeguarding action taken.,Team Leader,OPEN,2025-11-30 00:00:00,SAFETY_REVIEW_OVERDUE
ALT-2C9E26673C84,SQ-003779,SAFETY_REVIEW_OVERDUE,HIGH,Required safeguarding review was not completed by the due time.,Review the case and record the safeguarding action taken.,Team Leader,OPEN,2025-11-30 00:00:00,SAFETY_REVIEW_OVERDUE
ALT-C118F47D61E9,SQ-007640,SAFETY_REVIEW_OVERDUE,HIGH,Required safeguarding review was not completed by the due time.,Review the case and record the safeguarding action taken.,Team Leader,OPEN,2025-11-30 00:00:00,SAFETY_REVIEW_OVERDUE
ALT-DE9F58C2148B,SQ-007692,SAFETY_REVIEW_OVERDUE,HIGH,Required safeguarding review was not completed by the due time.,Review the case and record the safeguarding action taken.,Team Leader,OPEN,2025-11-30 00:00:00,SAFETY_REVIEW_OVERDUE
ALT-2005AFCA428E,SQ-003721,ESCALATION_REQUIRED,HIGH,A safeguarding workflow escalation was triggered.,Team Leader must review the case and record the outcome.,Team Leader,OPEN,2025-11-30 00:05:00,ESCALATION_TRIGGERED
ALT-107F5C17EB8C,SQ-003765,ESCALATION_REQUIRED,HIGH,A safeguarding workflow escalation was triggered.,Team Leader must review the case and record the outcome.,Team Leader,OPEN,2025-11-30 00:05:00,ESCALATION_TRIGGERED
ALT-8B6569A7453F,SQ-003779,ESCALATION_REQUIRED,HIGH,A safeguarding workflow escalation was triggered.,Team Leader must review the case and record the outcome.,Team Leader,OPEN,2025-11-30 00:05:00,ESCALATION_TRIGGERED
ALT-CD0817661C67,SQ-007640,ESCALATION_REQUIRED,HIGH,A safeguarding workflow escalation was triggered.,Team Leader must review the case and record the outcome.,Team Leader,OPEN,2025-11-30 00:05:00,ESCALATION_TRIGGERED
ALT-0300805A36A9,SQ-007692,ESCALATION_REQUIRED,HIGH,A safeguarding workflow escalation was triggered.,Team Leader must review the case and record the outcome.,Team Leader,OPEN,2025-11-30 00:05:00,ESCALATION_TRIGGERED
ALT-748AF5137A93,SQ-007660,PRIORITY_CHANGE_REVIEW,LOW,Case priority was manually changed by an authorised user.,Retain for audit review; no action required unless challenged.,Auditor,OPEN,2025-11-30 10:19:00,PRIORITY_CHANGED
ALT-9823960234B7,SQ-011050,PRIORITY_CHANGE_REVIEW,LOW,Case priority was manually changed by an authorised user.,Retain for audit review; no action required unless challenged.,Auditor,OPEN,2025-11-30 13:17:00,PRIORITY_CHANGED
ALT-C5A8A04DB64E,SQ-007616,PRIORITY_CHANGE_REVIEW,LOW,Case priority was manually changed by an authorised user.,Retain for audit review; no action required unless challenged.,Auditor,OPEN,2025-11-30 17:18:00,PRIORITY_CHANGED
ALT-02706A81426E,SQ-003791,HIGH_PRIORITY_UNALLOCATED,CRITICAL,High-priority case is awaiting allocation to a social worker.,Immediate human review and allocation decision.,Team Leader,OPEN,2025-12-01 06:01:00,HIGH_PRIORITY_UNALLOCATED
ALT-94EA1642EF0E,SQ-004283,HIGH_PRIORITY_UNALLOCATED,CRITICAL,High-priority case is awaiting allocation to a social worker.,Immediate human review and allocation decision.,Team Leader,OPEN,2025-12-01 21:21:00,HIGH_PRIORITY_UNALLOCATED
ALT-046FD8E4C216,SQ-004253,HIGH_PRIORITY_UNALLOCATED,CRITICAL,High-priority case is awaiting allocation to a social worker.,Immediate human review and allocation decision.,Team Leader,OPEN,2025-12-02 09:11:00,HIGH_PRIORITY_UNALLOCATED
ALT-F1BC7431A1C9,SQ-008181,HIGH_PRIORITY_UNALLOCATED,CRITICAL,High-priority case is awaiting allocation to a social worker.,Immediate human review and allocation decision.,Team Leader,OPEN,2025-12-03 13:30:00,HIGH_PRIORITY_UNALLOCATED
ALT-8583EE8899EC,SQ-011411,HIGH_PRIORITY_UNALLOCATED,CRITICAL,High-priority case is awaiting allocation to a social worker.,Immediate human review and allocation decision.,Team Leader,OPEN,2025-12-03 18:48:00,HIGH_PRIORITY_UNALLOCATED
ALT-D7C7BA9F2FA8,SQ-014040,PRIORITY_CHANGE_REVIEW,LOW,Case priority was manually changed by an authorised user.,Retain for audit review; no action required unless challenged.,Auditor,OPEN,2025-12-04 09:28:00,PRIORITY_CHANGED
ALT-4F8F32DAB5B9,SQ-011411,PRIORITY_CHANGE_REVIEW,LOW,Case priority was manually changed by an authorised user.,Retain for audit review; no action required unless challenged.,Auditor,OPEN,2025-12-04 11:37:00,PRIORITY_CHANGED
ALT-5C0CDD91E53F,SQ-003796,PRIORITY_CHANGE_REVIEW,LOW,Case priority was manually changed by an authorised user.,Retain for audit review; no action required unless challenged.,Auditor,OPEN,2025-12-04 15:45:00,PRIORITY_CHANGED
ALT-B27F69D67917,SQ-008053,SAFETY_REVIEW_OVERDUE,HIGH,Required safeguarding review was not completed by the due time.,Review the case and record the safeguarding action taken.,Team Leader,OPEN,2025-12-06 00:00:00,SAFETY_REVIEW_OVERDUE
ALT-27007961B714,SQ-008053,ESCALATION_REQUIRED,HIGH,A safeguarding workflow escalation was triggered.,Team Leader must review the case and record the outcome.,Team Leader,OPEN,2025-12-06 00:05:00,ESCALATION_TRIGGERED
ALT-1EC328B4279D,SQ-007986,PRIORITY_CHANGE_REVIEW,LOW,Case priority was manually changed by an authorised user.,Retain for audit review; no action required unless challenged.,Auditor,OPEN,2025-12-06 12:45:00,PRIORITY_CHANGED
ALT-E025028972D1,SQ-004294,HIGH_PRIORITY_UNALLOCATED,CRITICAL,High-priority case is awaiting allocation to a social worker.,Immediate human review and allocation decision.,Team Leader,OPEN,2025-12-06 21:52:00,HIGH_PRIORITY_UNALLOCATED
ALT-A0FBE777D384,SQ-004226,SAFETY_REVIEW_OVERDUE,HIGH,Required safeguarding review was not completed by the due time.,Review the case and record the safeguarding action taken.,Team Leader,OPEN,2025-12-07 00:00:00,SAFETY_REVIEW_OVERDUE
ALT-2BCCBA3E4AE3,SQ-004226,ESCALATION_REQUIRED,HIGH,A safeguarding workflow escalation was triggered.,Team Leader must review the case and record the outcome.,Team Leader,OPEN,2025-12-07 00:05:00,ESCALATION_TRIGGERED
ALT-B63109726610,SQ-004181,HIGH_PRIORITY_UNALLOCATED,CRITICAL,High-priority case is awaiting allocation to a social worker.,Immediate human review and allocation decision.,Team Leader,OPEN,2025-12-07 03:51:00,HIGH_PRIORITY_UNALLOCATED
ALT-BAE02B65070C,SQ-011545,PRIORITY_CHANGE_REVIEW,LOW,Case priority was manually changed by an authorised user.,Retain for audit review; no action required unless challenged.,Auditor,OPEN,2025-12-07 08:35:00,PRIORITY_CHANGED
ALT-466CBE758DD7,SQ-004283,SAFETY_REVIEW_OVERDUE,HIGH,Required safeguarding review was not completed by the due time.,Review the case and record the safeguarding action taken.,Team Leader,OPEN,2025-12-08 00:00:00,SAFETY_REVIEW_OVERDUE
ALT-04DF12A68263,SQ-007921,SAFETY_REVIEW_OVERDUE,HIGH,Required safeguarding review was not completed by the due time.,Review the case and record the safeguarding action taken.,Team Leader,OPEN,2025-12-08 00:00:00,SAFETY_REVIEW_OVERDUE
ALT-037FB2289CD6,SQ-004283,ESCALATION_REQUIRED,HIGH,A safeguarding workflow escalation was triggered.,Team Leader must review the case and record the outcome.,Team Leader,OPEN,2025-12-08 00:05:00,ESCALATION_TRIGGERED
ALT-AFE659DE2344,SQ-007921,ESCALATION_REQUIRED,HIGH,A safeguarding workflow escalation was triggered.,Team Leader must review the case and record the outcome.,Team Leader,OPEN,2025-12-08 00:05:00,ESCALATION_TRIGGERED
ALT-D6F0C7C7126E,SQ-004237,HIGH_PRIORITY_UNALLOCATED,CRITICAL,High-priority case is awaiting allocation to a social worker.,Immediate human review and allocation decision.,Team Leader,OPEN,2025-12-08 05:52:00,HIGH_PRIORITY_UNALLOCATED
ALT-7BD3406710A4,SQ-008156,HIGH_PRIORITY_UNALLOCATED,CRITICAL,High-priority case is awaiting allocation to a social worker.,Immediate human review and allocation decision.,Team Leader,OPEN,2025-12-08 08:17:00,HIGH_PRIORITY_UNALLOCATED
ALT-26DE478AC902,SQ-008058,PRIORITY_CHANGE_REVIEW,LOW,Case priority was manually changed by an authorised user.,Retain for audit review; no action required unless challenged.,Auditor,OPEN,2025-12-08 12:30:00,PRIORITY_CHANGED
ALT-8E00C137D859,SQ-004253,SAFETY_REVIEW_OVERDUE,HIGH,Required safeguarding review was not completed by the due time.,Review the case and record the safeguarding action taken.,Team Leader,OPEN,2025-12-09 00:00:00,SAFETY_REVIEW_OVERDUE
ALT-B5D2ECB1B34F,SQ-008004,SAFETY_REVIEW_OVERDUE,HIGH,Required safeguarding review was not completed by the due time.,Review the case and record the safeguarding action taken.,Team Leader,OPEN,2025-12-09 00:00:00,SAFETY_REVIEW_OVERDUE
ALT-9313BE0DC963,SQ-004253,ESCALATION_REQUIRED,HIGH,A safeguarding workflow escalation was triggered.,Team Leader must review the case and record the outcome.,Team Leader,OPEN,2025-12-09 00:05:00,ESCALATION_TRIGGERED
ALT-EDE49A125C64,SQ-008004,ESCALATION_REQUIRED,HIGH,A safeguarding workflow escalation was triggered.,Team Leader must review the case and record the outcome.,Team Leader,OPEN,2025-12-09 00:05:00,ESCALATION_TRIGGERED
ALT-0AF490CB7A65,SQ-004264,HIGH_PRIORITY_UNALLOCATED,CRITICAL,High-priority case is awaiting allocation to a social worker.,Immediate human review and allocation decision.,Team Leader,OPEN,2025-12-09 06:57:00,HIGH_PRIORITY_UNALLOCATED
ALT-D934686E221F,SQ-011360,PRIORITY_CHANGE_REVIEW,LOW,Case priority was manually changed by an authorised user.,Retain for audit review; no action required unless challenged.,Auditor,OPEN,2025-12-09 11:59:00,PRIORITY_CHANGED
ALT-2FCC7AA9F4D0,SQ-004124,PRIORITY_CHANGE_REVIEW,LOW,Case priority was manually changed by an authorised user.,Retain for audit review; no action required unless challenged.,Auditor,OPEN,2025-12-09 16:14:00,PRIORITY_CHANGED
ALT-858F7A69F864,SQ-011360,SAFETY_REVIEW_OVERDUE,HIGH,Required safeguarding review was not completed by the due time.,Review the case and record the safeguarding action taken.,Team Leader,OPEN,2025-12-10 00:00:00,SAFETY_REVIEW_OVERDUE
ALT-9E7E67FD45D0,SQ-011360,ESCALATION_REQUIRED,HIGH,A safeguarding workflow escalation was triggered.,Team Leader must review the case and record the outcome.,Team Leader,OPEN,2025-12-10 00:05:00,ESCALATION_TRIGGERED
ALT-1EB067B75647,SQ-007976,HIGH_PRIORITY_UNALLOCATED,CRITICAL,High-priority case is awaiting allocation to a social worker.,Immediate human review and allocation decision.,Team Leader,OPEN,2025-12-10 07:58:00,HIGH_PRIORITY_UNALLOCATED
ALT-47E10B498970,SQ-011396,HIGH_PRIORITY_UNALLOCATED,CRITICAL,High-priority case is awaiting allocation to a social worker.,Immediate human review and allocation decision.,Team Leader,OPEN,2025-12-10 12:56:00,HIGH_PRIORITY_UNALLOCATED
ALT-E390D8770491,SQ-013860,HIGH_PRIORITY_UNALLOCATED,CRITICAL,High-priority case is awaiting allocation to a social worker.,Immediate human review and allocation decision.,Team Leader,OPEN,2025-12-10 20:32:00,HIGH_PRIORITY_UNALLOCATED
ALT-E5A23FE16C75,SQ-004166,SAFETY_REVIEW_OVERDUE,HIGH,Required safeguarding review was not completed by the due time.,Review the case and record the safeguarding action taken.,Team Leader,OPEN,2025-12-11 00:00:00,SAFETY_REVIEW_OVERDUE
ALT-919663869974,SQ-011471,SAFETY_REVIEW_OVERDUE,HIGH,Required safeguarding review was not completed by the due time.,Review the case and record the safeguarding action taken.,Team Leader,OPEN,2025-12-11 00:00:00,SAFETY_REVIEW_OVERDUE
ALT-CF4B3EFE4FE1,SQ-004166,ESCALATION_REQUIRED,HIGH,A safeguarding workflow escalation was triggered.,Team Leader must review the case and record the outcome.,Team Leader,OPEN,2025-12-11 00:05:00,ESCALATION_TRIGGERED
ALT-BCC2ACFBEDE1,SQ-011471,ESCALATION_REQUIRED,HIGH,A safeguarding workflow escalation was triggered.,Team Leader must review the case and record the outcome.,Team Leader,OPEN,2025-12-11 00:05:00,ESCALATION_TRIGGERED
ALT-39B092B879CF,SQ-004183,HIGH_PRIORITY_UNALLOCATED,CRITICAL,High-priority case is awaiting allocation to a social worker.,Immediate human review and allocation decision.,Team Leader,OPEN,2025-12-11 09:48:00,HIGH_PRIORITY_UNALLOCATED
ALT-CB71D83069E3,SQ-004123,PRIORITY_CHANGE_REVIEW,LOW,Case priority was manually changed by an authorised user.,Retain for audit review; no action required unless challenged.,Auditor,OPEN,2025-12-11 13:15:00,PRIORITY_CHANGED
ALT-43D0BDF3E0F4,SQ-008202,PRIORITY_CHANGE_REVIEW,LOW,Case priority was manually changed by an authorised user.,Retain for audit review; no action required unless challenged.,Auditor,OPEN,2025-12-11 15:31:00,PRIORITY_CHANGED
ALT-539DC69341EE,SQ-004160,SAFETY_REVIEW_OVERDUE,HIGH,Required safeguarding review was not completed by the due time.,Review the case and record the safeguarding action taken.,Team Leader,OPEN,2025-12-12 00:00:00,SAFETY_REVIEW_OVERDUE
ALT-9A6A09CE76E5,SQ-004211,SAFETY_REVIEW_OVERDUE,HIGH,Required safeguarding review was not completed by the due time.,Review the case and record the safeguarding action taken.,Team Leader,OPEN,2025-12-12 00:00:00,SAFETY_REVIEW_OVERDUE
ALT-2BFCAA482F08,SQ-004329,SAFETY_REVIEW_OVERDUE,HIGH,Required safeguarding review was not completed by the due time.,Review the case and record the safeguarding action taken.,Team Leader,OPEN,2025-12-12 00:00:00,SAFETY_REVIEW_OVERDUE
ALT-BEB23118457F,SQ-011528,SAFETY_REVIEW_OVERDUE,HIGH,Required safeguarding review was not completed by the due time.,Review the case and record the safeguarding action taken.,Team Leader,OPEN,2025-12-12 00:00:00,SAFETY_REVIEW_OVERDUE
ALT-0842D3B87DFB,SQ-004160,ESCALATION_REQUIRED,HIGH,A safeguarding workflow escalation was triggered.,Team Leader must review the case and record the outcome.,Team Leader,OPEN,2025-12-12 00:05:00,ESCALATION_TRIGGERED
ALT-42A1BB4E494B,SQ-004211,ESCALATION_REQUIRED,HIGH,A safeguarding workflow escalation was triggered.,Team Leader must review the case and record the outcome.,Team Leader,OPEN,2025-12-12 00:05:00,ESCALATION_TRIGGERED
ALT-D02252DA647C,SQ-004329,ESCALATION_REQUIRED,HIGH,A safeguarding workflow escalation was triggered.,Team Leader must review the case and record the outcome.,Team Leader,OPEN,2025-12-12 00:05:00,ESCALATION_TRIGGERED
ALT-2F6A4AE5CFB9,SQ-011528,ESCALATION_REQUIRED,HIGH,A safeguarding workflow escalation was triggered.,Team Leader must review the case and record the outcome.,Team Leader,OPEN,2025-12-12 00:05:00,ESCALATION_TRIGGERED
ALT-4277C92397AE,SQ-004286,HIGH_PRIORITY_UNALLOCATED,CRITICAL,High-priority case is awaiting allocation to a social worker.,Immediate human review and allocation decision.,Team Leader,OPEN,2025-12-12 01:40:00,HIGH_PRIORITY_UNALLOCATED
ALT-85CAFAEBA09F,SQ-008160,HIGH_PRIORITY_UNALLOCATED,CRITICAL,High-priority case is awaiting allocation to a social worker.,Immediate human review and allocation decision.,Team Leader,OPEN,2025-12-12 16:38:00,HIGH_PRIORITY_UNALLOCATED
ALT-7928B2A3A820,SQ-007937,SAFETY_REVIEW_OVERDUE,HIGH,Required safeguarding review was not completed by the due time.,Review the case and record the safeguarding action taken.,Team Leader,OPEN,2025-12-13 00:00:00,SAFETY_REVIEW_OVERDUE
ALT-0E55A58F766A,SQ-011325,SAFETY_REVIEW_OVERDUE,HIGH,Required safeguarding review was not completed by the due time.,Review the case and record the safeguarding action taken.,Team Leader,OPEN,2025-12-13 00:00:00,SAFETY_REVIEW_OVERDUE
ALT-59F9EFBDFBC1,SQ-013905,SAFETY_REVIEW_OVERDUE,HIGH,Required safeguarding review was not completed by the due time.,Review the case and record the safeguarding action taken.,Team Leader,OPEN,2025-12-13 00:00:00,SAFETY_REVIEW_OVERDUE
ALT-F02B7010376C,SQ-007937,ESCALATION_REQUIRED,HIGH,A safeguarding workflow escalation was triggered.,Team Leader must review the case and record the outcome.,Team Leader,OPEN,2025-12-13 00:05:00,ESCALATION_TRIGGERED
ALT-79A3F1A07325,SQ-011325,ESCALATION_REQUIRED,HIGH,A safeguarding workflow escalation was triggered.,Team Leader must review the case and record the outcome.,Team Leader,OPEN,2025-12-13 00:05:00,ESCALATION_TRIGGERED
ALT-26FCFEECDA18,SQ-013905,ESCALATION_REQUIRED,HIGH,A safeguarding workflow escalation was triggered.,Team Leader must review the case and record the outcome.,Team Leader,OPEN,2025-12-13 00:05:00,ESCALATION_TRIGGERED
ALT-EF391B327908,SQ-011368,HIGH_PRIORITY_UNALLOCATED,CRITICAL,High-priority case is awaiting allocation to a social worker.,Immediate human review and allocation decision.,Team Leader,OPEN,2025-12-13 00:20:00,HIGH_PRIORITY_UNALLOCATED
ALT-5C4B2041FE99,SQ-004197,PRIORITY_CHANGE_REVIEW,LOW,Case priority was manually changed by an authorised user.,Retain for audit review; no action required unless challenged.,Auditor,OPEN,2025-12-13 11:31:00,PRIORITY_CHANGED
ALT-CDE7559F21D5,SQ-004029,SAFETY_REVIEW_OVERDUE,HIGH,Required safeguarding review was not completed by the due time.,Review the case and record the safeguarding action taken.,Team Leader,OPEN,2025-12-14 00:00:00,SAFETY_REVIEW_OVERDUE
ALT-FF3ECBCF9810,SQ-004174,SAFETY_REVIEW_OVERDUE,HIGH,Required safeguarding review was not completed by the due time.,Review the case and record the safeguarding action taken.,Team Leader,OPEN,2025-12-14 00:00:00,SAFETY_REVIEW_OVERDUE
ALT-4D4546E0E135,SQ-004264,SAFETY_REVIEW_OVERDUE,HIGH,Required safeguarding review was not completed by the due time.,Review the case and record the safeguarding action taken.,Team Leader,OPEN,2025-12-14 00:00:00,SAFETY_REVIEW_OVERDUE
ALT-C07FAFD7660D,SQ-004294,SAFETY_REVIEW_OVERDUE,HIGH,Required safeguarding review was not completed by the due time.,Review the case and record the safeguarding action taken.,Team Leader,OPEN,2025-12-14 00:00:00,SAFETY_REVIEW_OVERDUE
ALT-73E67F5F876F,SQ-011350,SAFETY_REVIEW_OVERDUE,HIGH,Required safeguarding review was not completed by the due time.,Review the case and record the safeguarding action taken.,Team Leader,OPEN,2025-12-14 00:00:00,SAFETY_REVIEW_OVERDUE
ALT-932E2F82ACD8,SQ-011517,SAFETY_REVIEW_OVERDUE,HIGH,Required safeguarding review was not completed by the due time.,Review the case and record the safeguarding action taken.,Team Leader,OPEN,2025-12-14 00:00:00,SAFETY_REVIEW_OVERDUE
ALT-4E244ED28755,SQ-004029,ESCALATION_REQUIRED,HIGH,A safeguarding workflow escalation was triggered.,Team Leader must review the case and record the outcome.,Team Leader,OPEN,2025-12-14 00:05:00,ESCALATION_TRIGGERED
ALT-97B3A64D17E4,SQ-004174,ESCALATION_REQUIRED,HIGH,A safeguarding workflow escalation was triggered.,Team Leader must review the case and record the outcome.,Team Leader,OPEN,2025-12-14 00:05:00,ESCALATION_TRIGGERED
ALT-42417D7B9320,SQ-004264,ESCALATION_REQUIRED,HIGH,A safeguarding workflow escalation was triggered.,Team Leader must review the case and record the outcome.,Team Leader,OPEN,2025-12-14 00:05:00,ESCALATION_TRIGGERED
ALT-26EC85D79EBF,SQ-004294,ESCALATION_REQUIRED,HIGH,A safeguarding workflow escalation was triggered.,Team Leader must review the case and record the outcome.,Team Leader,OPEN,2025-12-14 00:05:00,ESCALATION_TRIGGERED
ALT-6AB19CE0A3C6,SQ-011350,ESCALATION_REQUIRED,HIGH,A safeguarding workflow escalation was triggered.,Team Leader must review the case and record the outcome.,Team Leader,OPEN,2025-12-14 00:05:00,ESCALATION_TRIGGERED
ALT-FD421BD84F1F,SQ-011517,ESCALATION_REQUIRED,HIGH,A safeguarding workflow escalation was triggered.,Team Leader must review the case and record the outcome.,Team Leader,OPEN,2025-12-14 00:05:00,ESCALATION_TRIGGERED
ALT-1442229AF43B,SQ-004135,HIGH_PRIORITY_UNALLOCATED,CRITICAL,High-priority case is awaiting allocation to a social worker.,Immediate human review and allocation decision.,Team Leader,OPEN,2025-12-14 09:03:00,HIGH_PRIORITY_UNALLOCATED
ALT-4E0F59386B86,SQ-011336,HIGH_PRIORITY_UNALLOCATED,CRITICAL,High-priority case is awaiting allocation to a social worker.,Immediate human review and allocation decision.,Team Leader,OPEN,2025-12-14 14:57:00,HIGH_PRIORITY_UNALLOCATED
ALT-5DB162FB0007,SQ-004286,SAFETY_REVIEW_OVERDUE,HIGH,Required safeguarding review was not completed by the due time.,Review the case and record the safeguarding action taken.,Team Leader,OPEN,2025-12-15 00:00:00,SAFETY_REVIEW_OVERDUE
ALT-0C970BD19A1A,SQ-004286,ESCALATION_REQUIRED,HIGH,A safeguarding workflow escalation was triggered.,Team Leader must review the case and record the outcome.,Team Leader,OPEN,2025-12-15 00:05:00,ESCALATION_TRIGGERED
ALT-9CEA3660E182,SQ-004186,HIGH_PRIORITY_UNALLOCATED,CRITICAL,High-priority case is awaiting allocation to a social worker.,Immediate human review and allocation decision.,Team Leader,OPEN,2025-12-15 10:24:00,HIGH_PRIORITY_UNALLOCATED
ALT-48F4905B9DE7,SQ-011518,PRIORITY_CHANGE_REVIEW,LOW,Case priority was manually changed by an authorised user.,Retain for audit review; no action required unless challenged.,Auditor,OPEN,2025-12-15 15:38:00,PRIORITY_CHANGED
ALT-AA85039EF619,SQ-004319,SAFETY_REVIEW_OVERDUE,HIGH,Required safeguarding review was not completed by the due time.,Review the case and record the safeguarding action taken.,Team Leader,OPEN,2025-12-16 00:00:00,SAFETY_REVIEW_OVERDUE
ALT-A4E17807FCC0,SQ-004319,ESCALATION_REQUIRED,HIGH,A safeguarding workflow escalation was triggered.,Team Leader must review the case and record the outcome.,Team Leader,OPEN,2025-12-16 00:05:00,ESCALATION_TRIGGERED
ALT-7E50DF56BF07,SQ-013844,HIGH_PRIORITY_UNALLOCATED,CRITICAL,High-priority case is awaiting allocation to a social worker.,Immediate human review and allocation decision.,Team Leader,OPEN,2025-12-16 03:19:00,HIGH_PRIORITY_UNALLOCATED
ALT-F5965BB4CDB0,SQ-004260,HIGH_PRIORITY_UNALLOCATED,CRITICAL,High-priority case is awaiting allocation to a social worker.,Immediate human review and allocation decision.,Team Leader,OPEN,2025-12-16 07:40:00,HIGH_PRIORITY_UNALLOCATED
ALT-F44547BAAC74,SQ-004164,PRIORITY_CHANGE_REVIEW,LOW,Case priority was manually changed by an authorised user.,Retain for audit review; no action required unless challenged.,Auditor,OPEN,2025-12-16 09:44:00,PRIORITY_CHANGED
ALT-E013E15987AF,SQ-013930,PRIORITY_CHANGE_REVIEW,LOW,Case priority was manually changed by an authorised user.,Retain for audit review; no action required unless challenged.,Auditor,OPEN,2025-12-16 10:36:00,PRIORITY_CHANGED
ALT-423A5BAA331B,SQ-007957,HIGH_PRIORITY_UNALLOCATED,CRITICAL,High-priority case is awaiting allocation to a social worker.,Immediate human review and allocation decision.,Team Leader,OPEN,2025-12-16 19:14:00,HIGH_PRIORITY_UNALLOCATED
ALT-658C0F5D1F06,SQ-011390,HIGH_PRIORITY_UNALLOCATED,CRITICAL,High-priority case is awaiting allocation to a social worker.,Immediate human review and allocation decision.,Team Leader,OPEN,2025-12-16 23:50:00,HIGH_PRIORITY_UNALLOCATED
ALT-118E347B91F7,SQ-004028,SAFETY_REVIEW_OVERDUE,HIGH,Required safeguarding review was not completed by the due time.,Review the case and record the safeguarding action taken.,Team Leader,OPEN,2025-12-17 00:00:00,SAFETY_REVIEW_OVERDUE
ALT-0FB95577A23E,SQ-004067,SAFETY_REVIEW_OVERDUE,HIGH,Required safeguarding review was not completed by the due time.,Review the case and record the safeguarding action taken.,Team Leader,OPEN,2025-12-17 00:00:00,SAFETY_REVIEW_OVERDUE
ALT-9421800C9CBE,SQ-004139,SAFETY_REVIEW_OVERDUE,HIGH,Required safeguarding review was not completed by the due time.,Review the case and record the safeguarding action taken.,Team Leader,OPEN,2025-12-17 00:00:00,SAFETY_REVIEW_OVERDUE
ALT-C7913A0110DA,SQ-007914,SAFETY_REVIEW_OVERDUE,HIGH,Required safeguarding review was not completed by the due time.,Review the case and record the safeguarding action taken.,Team Leader,OPEN,2025-12-17 00:00:00,SAFETY_REVIEW_OVERDUE
ALT-145A0BEF553A,SQ-008141,SAFETY_REVIEW_OVERDUE,HIGH,Required safeguarding review was not completed by the due time.,Review the case and record the safeguarding action taken.,Team Leader,OPEN,2025-12-17 00:00:00,SAFETY_REVIEW_OVERDUE
ALT-0180D009D95C,SQ-011553,SAFETY_REVIEW_OVERDUE,HIGH,Required safeguarding review was not completed by the due time.,Review the case and record the safeguarding action taken.,Team Leader,OPEN,2025-12-17 00:00:00,SAFETY_REVIEW_OVERDUE
ALT-35751E3DABB5,SQ-013912,SAFETY_REVIEW_OVERDUE,HIGH,Required safeguarding review was not completed by the due time.,Review the case and record the safeguarding action taken.,Team Leader,OPEN,2025-12-17 00:00:00,SAFETY_REVIEW_OVERDUE
ALT-9340FE21828E,SQ-004028,ESCALATION_REQUIRED,HIGH,A safeguarding workflow escalation was triggered.,Team Leader must review the case and record the outcome.,Team Leader,OPEN,2025-12-17 00:05:00,ESCALATION_TRIGGERED
ALT-08FDF04C8CE2,SQ-004067,ESCALATION_REQUIRED,HIGH,A safeguarding workflow escalation was triggered.,Team Leader must review the case and record the outcome.,Team Leader,OPEN,2025-12-17 00:05:00,ESCALATION_TRIGGERED
ALT-5435A9E9E112,SQ-004139,ESCALATION_REQUIRED,HIGH,A safeguarding workflow escalation was triggered.,Team Leader must review the case and record the outcome.,Team Leader,OPEN,2025-12-17 00:05:00,ESCALATION_TRIGGERED
ALT-2061CE4114C3,SQ-007914,ESCALATION_REQUIRED,HIGH,A safeguarding workflow escalation was triggered.,Team Leader must review the case and record the outcome.,Team Leader,OPEN,2025-12-17 00:05:00,ESCALATION_TRIGGERED
ALT-ED4951025CF5,SQ-008141,ESCALATION_REQUIRED,HIGH,A safeguarding workflow escalation was triggered.,Team Leader must review the case and record the outcome.,Team Leader,OPEN,2025-12-17 00:05:00,ESCALATION_TRIGGERED
ALT-E3C387F9ECA4,SQ-011553,ESCALATION_REQUIRED,HIGH,A safeguarding workflow escalation was triggered.,Team Leader must review the case and record the outcome.,Team Leader,OPEN,2025-12-17 00:05:00,ESCALATION_TRIGGERED
ALT-CC76762B96B8,SQ-013912,ESCALATION_REQUIRED,HIGH,A safeguarding workflow escalation was triggered.,Team Leader must review the case and record the outcome.,Team Leader,OPEN,2025-12-17 00:05:00,ESCALATION_TRIGGERED
ALT-561DAED3C143,SQ-004219,HIGH_PRIORITY_UNALLOCATED,CRITICAL,High-priority case is awaiting allocation to a social worker.,Immediate human review and allocation decision.,Team Leader,OPEN,2025-12-17 00:32:00,HIGH_PRIORITY_UNALLOCATED
ALT-A75F2380F2EA,SQ-004344,HIGH_PRIORITY_UNALLOCATED,CRITICAL,High-priority case is awaiting allocation to a social worker.,Immediate human review and allocation decision.,Team Leader,OPEN,2025-12-17 03:35:00,HIGH_PRIORITY_UNALLOCATED
ALT-4823D6F5224D,SQ-007985,SAFETY_REVIEW_OVERDUE,HIGH,Required safeguarding review was not completed by the due time.,Review the case and record the safeguarding action taken.,Team Leader,OPEN,2025-12-18 00:00:00,SAFETY_REVIEW_OVERDUE
ALT-9AD68B9EB56A,SQ-011401,SAFETY_REVIEW_OVERDUE,HIGH,Required safeguarding review was not completed by the due time.,Review the case and record the safeguarding action taken.,Team Leader,OPEN,2025-12-18 00:00:00,SAFETY_REVIEW_OVERDUE
ALT-AEA7F065F947,SQ-007985,ESCALATION_REQUIRED,HIGH,A safeguarding workflow escalation was triggered.,Team Leader must review the case and record the outcome.,Team Leader,OPEN,2025-12-18 00:05:00,ESCALATION_TRIGGERED
ALT-087C04C62664,SQ-011401,ESCALATION_REQUIRED,HIGH,A safeguarding workflow escalation was triggered.,Team Leader must review the case and record the outcome.,Team Leader,OPEN,2025-12-18 00:05:00,ESCALATION_TRIGGERED
ALT-92950DF878BD,SQ-011431,HIGH_PRIORITY_UNALLOCATED,CRITICAL,High-priority case is awaiting allocation to a social worker.,Immediate human review and allocation decision.,Team Leader,OPEN,2025-12-18 00:22:00,HIGH_PRIORITY_UNALLOCATED
ALT-F18F5458AB22,SQ-004182,PRIORITY_CHANGE_REVIEW,LOW,Case priority was manually changed by an authorised user.,Retain for audit review; no action required unless challenged.,Auditor,OPEN,2025-12-18 13:18:00,PRIORITY_CHANGED
ALT-F1AD906C0F87,SQ-007970,PRIORITY_CHANGE_REVIEW,LOW,Case priority was manually changed by an authorised user.,Retain for audit review; no action required unless challenged.,Auditor,OPEN,2025-12-18 14:12:00,PRIORITY_CHANGED
ALT-B85B6A06FC88,SQ-007975,HIGH_PRIORITY_UNALLOCATED,CRITICAL,High-priority case is awaiting allocation to a social worker.,Immediate human review and allocation decision.,Team Leader,OPEN,2025-12-18 15:11:00,HIGH_PRIORITY_UNALLOCATED
ALT-09FC536388DB,SQ-007908,SAFETY_REVIEW_OVERDUE,HIGH,Required safeguarding review was not completed by the due time.,Review the case and record the safeguarding action taken.,Team Leader,OPEN,2025-12-19 00:00:00,SAFETY_REVIEW_OVERDUE
ALT-57DAB0B5D5EF,SQ-007957,SAFETY_REVIEW_OVERDUE,HIGH,Required safeguarding review was not completed by the due time.,Review the case and record the safeguarding action taken.,Team Leader,OPEN,2025-12-19 00:00:00,SAFETY_REVIEW_OVERDUE
ALT-724DB9CA383C,SQ-008142,SAFETY_REVIEW_OVERDUE,HIGH,Required safeguarding review was not completed by the due time.,Review the case and record the safeguarding action taken.,Team Leader,OPEN,2025-12-19 00:00:00,SAFETY_REVIEW_OVERDUE
ALT-9BB6A15D9971,SQ-007908,ESCALATION_REQUIRED,HIGH,A safeguarding workflow escalation was triggered.,Team Leader must review the case and record the outcome.,Team Leader,OPEN,2025-12-19 00:05:00,ESCALATION_TRIGGERED
ALT-992C1F7766A9,SQ-007957,ESCALATION_REQUIRED,HIGH,A safeguarding workflow escalation was triggered.,Team Leader must review the case and record the outcome.,Team Leader,OPEN,2025-12-19 00:05:00,ESCALATION_TRIGGERED
ALT-773A2EFDFA3D,SQ-008142,ESCALATION_REQUIRED,HIGH,A safeguarding workflow escalation was triggered.,Team Leader must review the case and record the outcome.,Team Leader,OPEN,2025-12-19 00:05:00,ESCALATION_TRIGGERED
ALT-C28DB9906DC0,SQ-011516,PRIORITY_CHANGE_REVIEW,LOW,Case priority was manually changed by an authorised user.,Retain for audit review; no action required unless challenged.,Auditor,OPEN,2025-12-19 13:03:00,PRIORITY_CHANGED
ALT-955609E66169,SQ-004201,SAFETY_REVIEW_OVERDUE,HIGH,Required safeguarding review was not completed by the due time.,Review the case and record the safeguarding action taken.,Team Leader,OPEN,2025-12-20 00:00:00,SAFETY_REVIEW_OVERDUE
ALT-FBF5DE3650CE,SQ-004260,SAFETY_REVIEW_OVERDUE,HIGH,Required safeguarding review was not completed by the due time.,Review the case and record the safeguarding action taken.,Team Leader,OPEN,2025-12-20 00:00:00,SAFETY_REVIEW_OVERDUE
ALT-89B23F1A9A4D,SQ-004201,ESCALATION_REQUIRED,HIGH,A safeguarding workflow escalation was triggered.,Team Leader must review the case and record the outcome.,Team Leader,OPEN,2025-12-20 00:05:00,ESCALATION_TRIGGERED
ALT-62E0252A789D,SQ-004260,ESCALATION_REQUIRED,HIGH,A safeguarding workflow escalation was triggered.,Team Leader must review the case and record the outcome.,Team Leader,OPEN,2025-12-20 00:05:00,ESCALATION_TRIGGERED
ALT-0CF885C5117F,SQ-004069,PRIORITY_CHANGE_REVIEW,LOW,Case priority was manually changed by an authorised user.,Retain for audit review; no action required unless challenged.,Auditor,OPEN,2025-12-20 15:07:00,PRIORITY_CHANGED
ALT-EB7FF79F4035,SQ-014045,HIGH_PRIORITY_UNALLOCATED,CRITICAL,High-priority case is awaiting allocation to a social worker.,Immediate human review and allocation decision.,Team Leader,OPEN,2025-12-20 16:15:00,HIGH_PRIORITY_UNALLOCATED
ALT-2116A9DF43EA,SQ-011468,PRIORITY_CHANGE_REVIEW,LOW,Case priority was manually changed by an authorised user.,Retain for audit review; no action required unless challenged.,Auditor,OPEN,2025-12-20 17:29:00,PRIORITY_CHANGED
ALT-CE7B9BCBC25F,SQ-004070,SAFETY_REVIEW_OVERDUE,HIGH,Required safeguarding review was not completed by the due time.,Review the case and record the safeguarding action taken.,Team Leader,OPEN,2025-12-21 00:00:00,SAFETY_REVIEW_OVERDUE
ALT-231FBDC948D0,SQ-004342,SAFETY_REVIEW_OVERDUE,HIGH,Required safeguarding review was not completed by the due time.,Review the case and record the safeguarding action taken.,Team Leader,OPEN,2025-12-21 00:00:00,SAFETY_REVIEW_OVERDUE
ALT-12DBA3E04F24,SQ-004070,ESCALATION_REQUIRED,HIGH,A safeguarding workflow escalation was triggered.,Team Leader must review the case and record the outcome.,Team Leader,OPEN,2025-12-21 00:05:00,ESCALATION_TRIGGERED
ALT-F60FEC24503E,SQ-004342,ESCALATION_REQUIRED,HIGH,A safeguarding workflow escalation was triggered.,Team Leader must review the case and record the outcome.,Team Leader,OPEN,2025-12-21 00:05:00,ESCALATION_TRIGGERED
ALT-714B62681C0B,SQ-004355,HIGH_PRIORITY_UNALLOCATED,CRITICAL,High-priority case is awaiting allocation to a social worker.,Immediate human review and allocation decision.,Team Leader,OPEN,2025-12-21 02:35:00,HIGH_PRIORITY_UNALLOCATED
ALT-5ED92847CE84,SQ-007918,HIGH_PRIORITY_UNALLOCATED,CRITICAL,High-priority case is awaiting allocation to a social worker.,Immediate human review and allocation decision.,Team Leader,OPEN,2025-12-21 03:23:00,HIGH_PRIORITY_UNALLOCATED
ALT-204D54586EA2,SQ-011540,HIGH_PRIORITY_UNALLOCATED,CRITICAL,High-priority case is awaiting allocation to a social worker.,Immediate human review and allocation decision.,Team Leader,OPEN,2025-12-21 06:41:00,HIGH_PRIORITY_UNALLOCATED
ALT-AD2D93DBECB9,SQ-011339,HIGH_PRIORITY_UNALLOCATED,CRITICAL,High-priority case is awaiting allocation to a social worker.,Immediate human review and allocation decision.,Team Leader,OPEN,2025-12-21 13:40:00,HIGH_PRIORITY_UNALLOCATED
ALT-9AF677F5163E,SQ-011306,HIGH_PRIORITY_UNALLOCATED,CRITICAL,High-priority case is awaiting allocation to a social worker.,Immediate human review and allocation decision.,Team Leader,OPEN,2025-12-21 22:11:00,HIGH_PRIORITY_UNALLOCATED
ALT-6B47575C088C,SQ-004341,SAFETY_REVIEW_OVERDUE,HIGH,Required safeguarding review was not completed by the due time.,Review the case and record the safeguarding action taken.,Team Leader,OPEN,2025-12-22 00:00:00,SAFETY_REVIEW_OVERDUE
ALT-13E12A562C43,SQ-004344,SAFETY_REVIEW_OVERDUE,HIGH,Required safeguarding review was not completed by the due time.,Review the case and record the safeguarding action taken.,Team Leader,OPEN,2025-12-22 00:00:00,SAFETY_REVIEW_OVERDUE
ALT-3476D67F5CDD,SQ-008115,SAFETY_REVIEW_OVERDUE,HIGH,Required safeguarding review was not completed by the due time.,Review the case and record the safeguarding action taken.,Team Leader,OPEN,2025-12-22 00:00:00,SAFETY_REVIEW_OVERDUE
ALT-859EF537E194,SQ-013843,SAFETY_REVIEW_OVERDUE,HIGH,Required safeguarding review was not completed by the due time.,Review the case and record the safeguarding action taken.,Team Leader,OPEN,2025-12-22 00:00:00,SAFETY_REVIEW_OVERDUE
ALT-3E66B7FA4B8F,SQ-014045,SAFETY_REVIEW_OVERDUE,HIGH,Required safeguarding review was not completed by the due time.,Review the case and record the safeguarding action taken.,Team Leader,OPEN,2025-12-22 00:00:00,SAFETY_REVIEW_OVERDUE
ALT-A7FA7305163F,SQ-014054,SAFETY_REVIEW_OVERDUE,HIGH,Required safeguarding review was not completed by the due time.,Review the case and record the safeguarding action taken.,Team Leader,OPEN,2025-12-22 00:00:00,SAFETY_REVIEW_OVERDUE
ALT-C95F44BB85CA,SQ-004341,ESCALATION_REQUIRED,HIGH,A safeguarding workflow escalation was triggered.,Team Leader must review the case and record the outcome.,Team Leader,OPEN,2025-12-22 00:05:00,ESCALATION_TRIGGERED
ALT-24C59B876E19,SQ-004344,ESCALATION_REQUIRED,HIGH,A safeguarding workflow escalation was triggered.,Team Leader must review the case and record the outcome.,Team Leader,OPEN,2025-12-22 00:05:00,ESCALATION_TRIGGERED
ALT-D58FAB91AA63,SQ-008115,ESCALATION_REQUIRED,HIGH,A safeguarding workflow escalation was triggered.,Team Leader must review the case and record the outcome.,Team Leader,OPEN,2025-12-22 00:05:00,ESCALATION_TRIGGERED
ALT-350809A29C86,SQ-013843,ESCALATION_REQUIRED,HIGH,A safeguarding workflow escalation was triggered.,Team Leader must review the case and record the outcome.,Team Leader,OPEN,2025-12-22 00:05:00,ESCALATION_TRIGGERED
ALT-3F856C979314,SQ-014045,ESCALATION_REQUIRED,HIGH,A safeguarding workflow escalation was triggered.,Team Leader must review the case and record the outcome.,Team Leader,OPEN,2025-12-22 00:05:00,ESCALATION_TRIGGERED
ALT-3302A8048D99,SQ-014054,ESCALATION_REQUIRED,HIGH,A safeguarding workflow escalation was triggered.,Team Leader must review the case and record the outcome.,Team Leader,OPEN,2025-12-22 00:05:00,ESCALATION_TRIGGERED
ALT-442309A21EDA,SQ-014054,PRIORITY_CHANGE_REVIEW,LOW,Case priority was manually changed by an authorised user.,Retain for audit review; no action required unless challenged.,Auditor,OPEN,2025-12-22 10:04:00,PRIORITY_CHANGED
ALT-9E7F4E952029,SQ-008130,PRIORITY_CHANGE_REVIEW,LOW,Case priority was manually changed by an authorised user.,Retain for audit review; no action required unless challenged.,Auditor,OPEN,2025-12-22 10:06:00,PRIORITY_CHANGED
ALT-3295D19CA3B6,SQ-004359,SAFETY_REVIEW_OVERDUE,HIGH,Required safeguarding review was not completed by the due time.,Review the case and record the safeguarding action taken.,Team Leader,OPEN,2025-12-23 00:00:00,SAFETY_REVIEW_OVERDUE
ALT-76F9E759DE11,SQ-007968,SAFETY_REVIEW_OVERDUE,HIGH,Required safeguarding review was not completed by the due time.,Review the case and record the safeguarding action taken.,Team Leader,OPEN,2025-12-23 00:00:00,SAFETY_REVIEW_OVERDUE
ALT-8EA9AF71EF4B,SQ-004359,ESCALATION_REQUIRED,HIGH,A safeguarding workflow escalation was triggered.,Team Leader must review the case and record the outcome.,Team Leader,OPEN,2025-12-23 00:05:00,ESCALATION_TRIGGERED
ALT-D657D14A08F9,SQ-007968,ESCALATION_REQUIRED,HIGH,A safeguarding workflow escalation was triggered.,Team Leader must review the case and record the outcome.,Team Leader,OPEN,2025-12-23 00:05:00,ESCALATION_TRIGGERED
ALT-70807D6FA07C,SQ-008084,PRIORITY_CHANGE_REVIEW,LOW,Case priority was manually changed by an authorised user.,Retain for audit review; no action required unless challenged.,Auditor,OPEN,2025-12-23 12:51:00,PRIORITY_CHANGED
ALT-8EAB3164A1AC,SQ-004014,HIGH_PRIORITY_UNALLOCATED,CRITICAL,High-priority case is awaiting allocation to a social worker.,Immediate human review and allocation decision.,Team Leader,OPEN,2025-12-23 16:02:00,HIGH_PRIORITY_UNALLOCATED
ALT-A39F26FB75D0,SQ-008017,HIGH_PRIORITY_UNALLOCATED,CRITICAL,High-priority case is awaiting allocation to a social worker.,Immediate human review and allocation decision.,Team Leader,OPEN,2025-12-24 15:31:00,HIGH_PRIORITY_UNALLOCATED
ALT-D274B8FE7B42,SQ-011509,SAFETY_REVIEW_OVERDUE,HIGH,Required safeguarding review was not completed by the due time.,Review the case and record the safeguarding action taken.,Team Leader,OPEN,2025-12-25 00:00:00,SAFETY_REVIEW_OVERDUE
ALT-969F7EA45AA8,SQ-011509,ESCALATION_REQUIRED,HIGH,A safeguarding workflow escalation was triggered.,Team Leader must review the case and record the outcome.,Team Leader,OPEN,2025-12-25 00:05:00,ESCALATION_TRIGGERED
ALT-E7F76E84B8DB,SQ-004046,SAFETY_REVIEW_OVERDUE,HIGH,Required safeguarding review was not completed by the due time.,Review the case and record the safeguarding action taken.,Team Leader,OPEN,2025-12-26 00:00:00,SAFETY_REVIEW_OVERDUE
ALT-0283D51EC93B,SQ-011306,SAFETY_REVIEW_OVERDUE,HIGH,Required safeguarding review was not completed by the due time.,Review the case and record the safeguarding action taken.,Team Leader,OPEN,2025-12-26 00:00:00,SAFETY_REVIEW_OVERDUE
ALT-918DB10C23C1,SQ-013886,SAFETY_REVIEW_OVERDUE,HIGH,Required safeguarding review was not completed by the due time.,Review the case and record the safeguarding action taken.,Team Leader,OPEN,2025-12-26 00:00:00,SAFETY_REVIEW_OVERDUE
ALT-3BBD3C5AACE7,SQ-004046,ESCALATION_REQUIRED,HIGH,A safeguarding workflow escalation was triggered.,Team Leader must review the case and record the outcome.,Team Leader,OPEN,2025-12-26 00:05:00,ESCALATION_TRIGGERED
ALT-A91A24BBFE07,SQ-011306,ESCALATION_REQUIRED,HIGH,A safeguarding workflow escalation was triggered.,Team Leader must review the case and record the outcome.,Team Leader,OPEN,2025-12-26 00:05:00,ESCALATION_TRIGGERED
ALT-6F9D536DFBC9,SQ-013886,ESCALATION_REQUIRED,HIGH,A safeguarding workflow escalation was triggered.,Team Leader must review the case and record the outcome.,Team Leader,OPEN,2025-12-26 00:05:00,ESCALATION_TRIGGERED
ALT-C344DFB81D6A,SQ-013931,PRIORITY_CHANGE_REVIEW,LOW,Case priority was manually changed by an authorised user.,Retain for audit review; no action required unless challenged.,Auditor,OPEN,2025-12-26 15:06:00,PRIORITY_CHANGED
ALT-60D80FA3A363,SQ-004301,SAFETY_REVIEW_OVERDUE,HIGH,Required safeguarding review was not completed by the due time.,Review the case and record the safeguarding action taken.,Team Leader,OPEN,2025-12-27 00:00:00,SAFETY_REVIEW_OVERDUE
ALT-1C49F6A718BC,SQ-011332,SAFETY_REVIEW_OVERDUE,HIGH,Required safeguarding review was not completed by the due time.,Review the case and record the safeguarding action taken.,Team Leader,OPEN,2025-12-27 00:00:00,SAFETY_REVIEW_OVERDUE
ALT-806E58BDB3B5,SQ-011540,SAFETY_REVIEW_OVERDUE,HIGH,Required safeguarding review was not completed by the due time.,Review the case and record the safeguarding action taken.,Team Leader,OPEN,2025-12-27 00:00:00,SAFETY_REVIEW_OVERDUE
ALT-027CF3358F5A,SQ-004301,ESCALATION_REQUIRED,HIGH,A safeguarding workflow escalation was triggered.,Team Leader must review the case and record the outcome.,Team Leader,OPEN,2025-12-27 00:05:00,ESCALATION_TRIGGERED
ALT-A5B746CE3B8B,SQ-011332,ESCALATION_REQUIRED,HIGH,A safeguarding workflow escalation was triggered.,Team Leader must review the case and record the outcome.,Team Leader,OPEN,2025-12-27 00:05:00,ESCALATION_TRIGGERED
ALT-2A29884D9B7F,SQ-011540,ESCALATION_REQUIRED,HIGH,A safeguarding workflow escalation was triggered.,Team Leader must review the case and record the outcome.,Team Leader,OPEN,2025-12-27 00:05:00,ESCALATION_TRIGGERED
ALT-30E61597CBC8,SQ-008128,HIGH_PRIORITY_UNALLOCATED,CRITICAL,High-priority case is awaiting allocation to a social worker.,Immediate human review and allocation decision.,Team Leader,OPEN,2025-12-27 01:57:00,HIGH_PRIORITY_UNALLOCATED
ALT-909F32EDC084,SQ-007962,SAFETY_REVIEW_OVERDUE,HIGH,Required safeguarding review was not completed by the due time.,Review the case and record the safeguarding action taken.,Team Leader,OPEN,2025-12-28 00:00:00,SAFETY_REVIEW_OVERDUE
ALT-3F832B7E6E1A,SQ-011497,SAFETY_REVIEW_OVERDUE,HIGH,Required safeguarding review was not completed by the due time.,Review the case and record the safeguarding action taken.,Team Leader,OPEN,2025-12-28 00:00:00,SAFETY_REVIEW_OVERDUE
ALT-1D385925C363,SQ-007962,ESCALATION_REQUIRED,HIGH,A safeguarding workflow escalation was triggered.,Team Leader must review the case and record the outcome.,Team Leader,OPEN,2025-12-28 00:05:00,ESCALATION_TRIGGERED
ALT-64419B54AC99,SQ-011497,ESCALATION_REQUIRED,HIGH,A safeguarding workflow escalation was triggered.,Team Leader must review the case and record the outcome.,Team Leader,OPEN,2025-12-28 00:05:00,ESCALATION_TRIGGERED
ALT-2C23FCE5D51D,SQ-014012,PRIORITY_CHANGE_REVIEW,LOW,Case priority was manually changed by an authorised user.,Retain for audit review; no action required unless challenged.,Auditor,OPEN,2025-12-28 09:58:00,PRIORITY_CHANGED
ALT-252A588779CB,SQ-008201,HIGH_PRIORITY_UNALLOCATED,CRITICAL,High-priority case is awaiting allocation to a social worker.,Immediate human review and allocation decision.,Team Leader,OPEN,2025-12-28 19:31:00,HIGH_PRIORITY_UNALLOCATED
ALT-3604B3A5F4E4,SQ-004041,SAFETY_REVIEW_OVERDUE,HIGH,Required safeguarding review was not completed by the due time.,Review the case and record the safeguarding action taken.,Team Leader,OPEN,2025-12-29 00:00:00,SAFETY_REVIEW_OVERDUE
ALT-561D33DFF35A,SQ-004106,SAFETY_REVIEW_OVERDUE,HIGH,Required safeguarding review was not completed by the due time.,Review the case and record the safeguarding action taken.,Team Leader,OPEN,2025-12-29 00:00:00,SAFETY_REVIEW_OVERDUE
ALT-C2775F239C18,SQ-008130,SAFETY_REVIEW_OVERDUE,HIGH,Required safeguarding review was not completed by the due time.,Review the case and record the safeguarding action taken.,Team Leader,OPEN,2025-12-29 00:00:00,SAFETY_REVIEW_OVERDUE
ALT-94B776A7D13B,SQ-004041,ESCALATION_REQUIRED,HIGH,A safeguarding workflow escalation was triggered.,Team Leader must review the case and record the outcome.,Team Leader,OPEN,2025-12-29 00:05:00,ESCALATION_TRIGGERED
ALT-C2F84532F92A,SQ-004106,ESCALATION_REQUIRED,HIGH,A safeguarding workflow escalation was triggered.,Team Leader must review the case and record the outcome.,Team Leader,OPEN,2025-12-29 00:05:00,ESCALATION_TRIGGERED
ALT-4B361BBD97CD,SQ-008130,ESCALATION_REQUIRED,HIGH,A safeguarding workflow escalation was triggered.,Team Leader must review the case and record the outcome.,Team Leader,OPEN,2025-12-29 00:05:00,ESCALATION_TRIGGERED
ALT-CC038C0C0724,SQ-011433,PRIORITY_CHANGE_REVIEW,LOW,Case priority was manually changed by an authorised user.,Retain for audit review; no action required unless challenged.,Auditor,OPEN,2025-12-29 13:36:00,PRIORITY_CHANGED
ALT-BD79695256B7,SQ-004142,SAFETY_REVIEW_OVERDUE,HIGH,Required safeguarding review was not completed by the due time.,Review the case and record the safeguarding action taken.,Team Leader,OPEN,2025-12-30 00:00:00,SAFETY_REVIEW_OVERDUE
ALT-25393D794EBD,SQ-014021,SAFETY_REVIEW_OVERDUE,HIGH,Required safeguarding review was not completed by the due time.,Review the case and record the safeguarding action taken.,Team Leader,OPEN,2025-12-30 00:00:00,SAFETY_REVIEW_OVERDUE
ALT-1092AC87D20E,SQ-004142,ESCALATION_REQUIRED,HIGH,A safeguarding workflow escalation was triggered.,Team Leader must review the case and record the outcome.,Team Leader,OPEN,2025-12-30 00:05:00,ESCALATION_TRIGGERED
ALT-EB29E1EDD111,SQ-014021,ESCALATION_REQUIRED,HIGH,A safeguarding workflow escalation was triggered.,Team Leader must review the case and record the outcome.,Team Leader,OPEN,2025-12-30 00:05:00,ESCALATION_TRIGGERED
ALT-855152BEF8A4,SQ-004122,SAFETY_REVIEW_OVERDUE,HIGH,Required safeguarding review was not completed by the due time.,Review the case and record the safeguarding action taken.,Team Leader,OPEN,2025-12-31 00:00:00,SAFETY_REVIEW_OVERDUE
ALT-6FF5162CC4BD,SQ-011355,SAFETY_REVIEW_OVERDUE,HIGH,Required safeguarding review was not completed by the due time.,Review the case and record the safeguarding action taken.,Team Leader,OPEN,2025-12-31 00:00:00,SAFETY_REVIEW_OVERDUE
ALT-498FB76B08B8,SQ-004122,ESCALATION_REQUIRED,HIGH,A safeguarding workflow escalation was triggered.,Team Leader must review the case and record the outcome.,Team Leader,OPEN,2025-12-31 00:05:00,ESCALATION_TRIGGERED
ALT-A739C57014EB,SQ-011355,ESCALATION_REQUIRED,HIGH,A safeguarding workflow escalation was triggered.,Team Leader must review the case and record the outcome.,Team Leader,OPEN,2025-12-31 00:05:00,ESCALATION_TRIGGERED
ALT-FBB4F2AA3049,SQ-011535,HIGH_PRIORITY_UNALLOCATED,CRITICAL,High-priority case is awaiting allocation to a social worker.,Immediate human review and allocation decision.,Team Leader,OPEN,2025-12-31 04:12:00,HIGH_PRIORITY_UNALLOCATED
ALT-85E806568C7D,SQ-013841,PRIORITY_CHANGE_REVIEW,LOW,Case priority was manually changed by an authorised user.,Retain for audit review; no action required unless challenged.,Auditor,OPEN,2025-12-31 15:15:00,PRIORITY_CHANGED
ALT-C71F95255F94,SQ-004271,HIGH_PRIORITY_UNALLOCATED,CRITICAL,High-priority case is awaiting allocation to a social worker.,Immediate human review and allocation decision.,Team Leader,OPEN,2026-01-01 12:38:00,HIGH_PRIORITY_UNALLOCATED
ALT-F24466E3768C,SQ-007905,PRIORITY_CHANGE_REVIEW,LOW,Case priority was manually changed by an authorised user.,Retain for audit review; no action required unless challenged.,Auditor,OPEN,2026-01-02 14:17:00,PRIORITY_CHANGED
ALT-9D097A0314DC,SQ-004364,PRIORITY_CHANGE_REVIEW,LOW,Case priority was manually changed by an authorised user.,Retain for audit review; no action required unless challenged.,Auditor,OPEN,2026-01-05 08:37:00,PRIORITY_CHANGED
